{"stats":{"minecraft:crafted":{"minecraft:firework_star":64,"minecraft:firework_rocket":192},"minecraft:killed_by":{"minecraft:player":104,"minecraft:iron_golem":1},"minecraft:killed":{"minecraft:zombified_piglin":1,"minecraft:chicken":1,"minecraft:cow":1},"minecraft:picked_up":{"minecraft:iron_chestplate":1,"minecraft:crafting_table":1,"minecraft:purple_wool":2,"minecraft:chicken":1,"minecraft:lead":2,"minecraft:brewing_stand":1,"minecraft:golden_sword":1,"minecraft:white_carpet":1,"minecraft:item_frame":3,"minecraft:netherite_sword":1,"minecraft:comparator":1,"minecraft:beef":2,"minecraft:redstone_torch":201,"minecraft:written_book":26,"minecraft:tinted_glass":1,"minecraft:piston":2,"minecraft:birch_trapdoor":3,"minecraft:oak_fence":1,"minecraft:torch":74,"minecraft:gray_dye":48,"minecraft:stone_button":3,"minecraft:redstone":2,"minecraft:golden_chestplate":4,"minecraft:black_dye":206,"minecraft:arrow":56,"minecraft:diamond_chestplate":2,"minecraft:diamond_boots":6,"minecraft:saddle":1,"minecraft:gold_ingot":115,"minecraft:white_terracotta":16,"minecraft:cobblestone":3,"minecraft:water_bucket":1,"minecraft:repeater":1,"minecraft:tripwire_hook":1,"minecraft:iron_door":2,"minecraft:leather":4,"minecraft:golden_leggings":1,"minecraft:potato":5,"minecraft:yellow_bed":1,"minecraft:dirt":568,"minecraft:apple":7,"minecraft:wheat_seeds":4,"minecraft:iron_ingot":205,"minecraft:netherite_axe":1,"minecraft:mossy_stone_bricks":66,"minecraft:diamond_helmet":2,"minecraft:oak_planks":13,"minecraft:iron_sword":1,"minecraft:dandelion":1,"minecraft:grass_block":1,"minecraft:mossy_cobblestone":1,"minecraft:light_gray_concrete":5,"minecraft:firework_rocket":1,"minecraft:spruce_fence_gate":1,"minecraft:iron_helmet":6,"minecraft:crossbow":2,"minecraft:birch_sign":1,"minecraft:white_concrete":2,"minecraft:chainmail_helmet":1,"minecraft:bread":2,"minecraft:oak_sapling":2,"minecraft:bricks":56},"minecraft:mined":{"minecraft:grass_block":2,"minecraft:redstone_wall_torch":69,"minecraft:redstone_torch":26,"minecraft:white_carpet":1,"minecraft:yellow_bed":1,"minecraft:grass":3,"minecraft:dirt":1,"minecraft:tripwire_hook":1,"minecraft:oak_leaves":11},"minecraft:custom":{"minecraft:mob_kills":8,"minecraft:interact_with_anvil":5,"minecraft:interact_with_crafting_table":21,"minecraft:leave_game":66,"minecraft:time_since_death":227535,"minecraft:sprint_one_cm":3532301,"minecraft:walk_one_cm":3210305,"minecraft:drop":143,"minecraft:talked_to_villager":2,"minecraft:play_time":2716210,"minecraft:deaths":308,"minecraft:sneak_time":25390,"minecraft:jump":6618,"minecraft:interact_with_blast_furnace":2,"minecraft:total_world_time":2716210,"minecraft:interact_with_furnace":1,"minecraft:sleep_in_bed":2,"minecraft:time_since_rest":228096,"minecraft:damage_taken":200695,"minecraft:trigger_trapped_chest":2,"minecraft:damage_dealt":14989,"minecraft:fly_one_cm":1748177,"minecraft:player_kills":19,"minecraft:open_chest":17,"minecraft:crouch_one_cm":10689,"minecraft:fall_one_cm":77347,"minecraft:horse_one_cm":189890},"minecraft:used":{"minecraft:oak_fence":51,"minecraft:netherite_sword":3,"minecraft:flint_and_steel":14,"minecraft:armor_stand":2,"minecraft:spruce_slab":2,"minecraft:redstone":3,"minecraft:ladder":9,"minecraft:oak_sign":23,"minecraft:tinted_glass":2,"minecraft:iron_sword":9,"minecraft:netherrack":4,"minecraft:debug_stick":42,"minecraft:torch":1,"minecraft:dirt":109,"minecraft:anvil":4,"minecraft:white_carpet":1,"minecraft:jungle_planks":1,"minecraft:diamond_helmet":2,"minecraft:oak_fence_gate":1,"minecraft:bricks":1507,"minecraft:grass_block":2017,"minecraft:chicken_spawn_egg":1,"minecraft:iron_helmet":3,"minecraft:item_frame":4,"minecraft:slime_spawn_egg":2,"minecraft:bedrock":9,"minecraft:diamond_chestplate":2,"minecraft:birch_trapdoor":3,"minecraft:tripwire_hook":1,"minecraft:repeater":6,"minecraft:redstone_lamp":12,"minecraft:written_book":51,"minecraft:cooked_beef":2,"minecraft:zombified_piglin_spawn_egg":1,"minecraft:red_dye":1,"minecraft:mossy_stone_bricks":252,"minecraft:water_bucket":43,"minecraft:end_rod":5,"minecraft:cow_spawn_egg":1,"minecraft:diamond_boots":2,"minecraft:cobblestone_stairs":1,"minecraft:mangrove_planks":1,"minecraft:chainmail_helmet":1,"minecraft:cobblestone_slab":1,"minecraft:glow_ink_sac":1,"minecraft:spruce_fence_gate":1,"minecraft:horse_spawn_egg":1,"minecraft:oak_leaves":1,"minecraft:tnt":15,"minecraft:birch_sign":2,"minecraft:crossbow":43,"minecraft:lingering_potion":1,"minecraft:redstone_torch":131,"minecraft:sticky_piston":4,"minecraft:piston":5,"minecraft:lever":12,"minecraft:light":1,"minecraft:black_concrete":4,"minecraft:apple":8,"minecraft:firework_rocket":2,"minecraft:mangrove_door":2,"minecraft:light_gray_concrete":2065,"minecraft:oak_button":1,"minecraft:stone_button":1,"minecraft:spruce_trapdoor":1,"minecraft:iron_door":2,"minecraft:cobblestone":2,"minecraft:yellow_bed":1,"minecraft:repeating_command_block":1,"minecraft:polished_blackstone_button":1,"minecraft:white_concrete":8,"minecraft:dandelion":1,"minecraft:purple_wool":2},"minecraft:dropped":{"minecraft:water_bucket":1,"minecraft:iron_ingot":72,"minecraft:iron_sword":1,"minecraft:piston":1,"minecraft:wheat_seeds":2,"minecraft:crossbow":2,"minecraft:oak_fence":1,"minecraft:iron_helmet":4,"minecraft:apple":1,"minecraft:torch":63,"minecraft:diamond_helmet":1,"minecraft:gold_ingot":98,"minecraft:golden_chestplate":2,"minecraft:netherite_sword":1,"minecraft:light_gray_concrete":2,"minecraft:birch_trapdoor":1,"minecraft:diamond_chestplate":1,"minecraft:golden_sword":1,"minecraft:redstone_torch":21,"minecraft:diamond_boots":3,"minecraft:written_book":22,"minecraft:firework_rocket":1}},"DataVersion":3465}