{"stats":{"minecraft:used":{"minecraft:diamond_sword":1,"minecraft:written_book":38},"minecraft:custom":{"minecraft:jump":205,"minecraft:time_since_rest":60674,"minecraft:damage_dealt":1137,"minecraft:crouch_one_cm":232,"minecraft:leave_game":6,"minecraft:play_time":60674,"minecraft:sprint_one_cm":65015,"minecraft:damage_taken":633,"minecraft:time_since_death":60674,"minecraft:walk_one_cm":334764,"minecraft:sneak_time":28,"minecraft:total_world_time":60674,"minecraft:interact_with_crafting_table":1,"minecraft:fall_one_cm":1579,"minecraft:fly_one_cm":30095}},"DataVersion":3465}