{"stats":{"minecraft:picked_up":{"minecraft:redstone_torch":2,"minecraft:written_book":1},"minecraft:broken":{"minecraft:leather_boots":1},"minecraft:used":{"minecraft:written_book":50},"minecraft:custom":{"minecraft:jump":211,"minecraft:time_since_rest":64963,"minecraft:damage_dealt":1251,"minecraft:crouch_one_cm":5387,"minecraft:leave_game":4,"minecraft:play_time":64963,"minecraft:sprint_one_cm":68595,"minecraft:damage_taken":552,"minecraft:time_since_death":64963,"minecraft:walk_one_cm":302195,"minecraft:sneak_time":4082,"minecraft:total_world_time":64963,"minecraft:drop":1,"minecraft:fall_one_cm":743,"minecraft:fly_one_cm":32906},"minecraft:dropped":{"minecraft:redstone_torch":1}},"DataVersion":3465}