{"stats":{"minecraft:killed_by":{"minecraft:player":20,"minecraft:iron_golem":1},"minecraft:picked_up":{"minecraft:cooked_beef":64,"minecraft:tripwire_hook":1,"minecraft:diamond_sword":9,"minecraft:golden_boots":1,"minecraft:golden_sword":11,"minecraft:item_frame":2,"minecraft:netherite_sword":1,"minecraft:iron_ingot":65,"minecraft:redstone_torch":5,"minecraft:written_book":10,"minecraft:player_head":3844,"minecraft:mossy_stone_bricks":64,"minecraft:diamond_helmet":5,"minecraft:tinted_glass":9,"minecraft:chest":1,"minecraft:iron_sword":15,"minecraft:golden_helmet":1,"minecraft:torch":68,"minecraft:stone_button":5,"minecraft:grass_block":3,"minecraft:redstone":4,"minecraft:golden_chestplate":1,"minecraft:stone_sword":4,"minecraft:repeating_command_block":1,"minecraft:diamond_chestplate":1,"minecraft:polished_blackstone_button":2,"minecraft:diamond_boots":2,"minecraft:grass":1,"minecraft:gold_ingot":194,"minecraft:white_concrete":1,"minecraft:chainmail_helmet":4,"minecraft:oak_button":1,"minecraft:oak_sapling":2,"minecraft:bricks":64},"minecraft:mined":{"minecraft:torch":4,"minecraft:stone_button":4,"minecraft:tinted_glass":10,"minecraft:wheat":2,"minecraft:oak_button":1,"minecraft:redstone_wall_torch":1},"minecraft:custom":{"minecraft:mob_kills":2,"minecraft:interact_with_crafting_table":12,"minecraft:leave_game":88,"minecraft:time_since_death":84059,"minecraft:time_since_rest":84219,"minecraft:sprint_one_cm":1984999,"minecraft:damage_taken":18286,"minecraft:walk_one_cm":3530527,"minecraft:trigger_trapped_chest":8,"minecraft:drop":185,"minecraft:damage_dealt":5507,"minecraft:fly_one_cm":1989210,"minecraft:open_chest":13,"minecraft:crouch_one_cm":13724,"minecraft:play_time":3091142,"minecraft:deaths":64,"minecraft:sneak_time":35382,"minecraft:walk_under_water_one_cm":923,"minecraft:jump":3554,"minecraft:interact_with_blast_furnace":1,"minecraft:walk_on_water_one_cm":854,"minecraft:total_world_time":3091142,"minecraft:fall_one_cm":31582},"minecraft:used":{"minecraft:golden_boots":1,"minecraft:mossy_stone_bricks":684,"minecraft:stone_sword":39,"minecraft:diamond_boots":1,"minecraft:spruce_door":1,"minecraft:redstone":4,"minecraft:mangrove_planks":2,"minecraft:tinted_glass":8,"minecraft:iron_chestplate":1,"minecraft:torch":7,"minecraft:dirt":253,"minecraft:diamond_helmet":1,"minecraft:golden_chestplate":1,"minecraft:sticky_piston":1,"minecraft:enderman_spawn_egg":1,"minecraft:lever":3,"minecraft:bricks":1665,"minecraft:mangrove_door":1,"minecraft:command_block":2,"minecraft:light_gray_concrete":195,"minecraft:grass_block":17,"minecraft:oak_button":6,"minecraft:stone_button":5,"minecraft:iron_helmet":1,"minecraft:iron_boots":1,"minecraft:iron_door":2,"minecraft:golden_helmet":1,"minecraft:item_frame":1,"minecraft:diamond_chestplate":1,"minecraft:redstone_lamp":25,"minecraft:cobblestone":1,"minecraft:written_book":447,"minecraft:polished_blackstone_button":8,"minecraft:repeating_command_block":5,"minecraft:white_concrete":154},"minecraft:dropped":{"minecraft:iron_ingot":64,"minecraft:player_head":1,"minecraft:stone_sword":4,"minecraft:tinted_glass":1,"minecraft:netherite_helmet":1,"minecraft:chainmail_helmet":5,"minecraft:stone_button":1,"minecraft:diamond_helmet":5,"minecraft:redstone_torch":1,"minecraft:written_book":3,"minecraft:gold_ingot":194}},"DataVersion":3465}