{"stats":{"minecraft:killed":{"minecraft:chicken":1,"minecraft:snow_golem":3,"minecraft:bat":1,"minecraft:creeper":4,"minecraft:zombie":16,"minecraft:villager":8,"minecraft:enderman":1,"minecraft:cow":1},"minecraft:broken":{"minecraft:golden_sword":1},"minecraft:mined":{"minecraft:carved_pumpkin":4,"minecraft:stone_button":2,"minecraft:grass_block":4,"minecraft:redstone_wire":2,"minecraft:fire":3,"minecraft:wet_sponge":1,"minecraft:redstone_wall_torch":127,"minecraft:glass_pane":3,"minecraft:player_wall_head":1,"minecraft:torch":2,"minecraft:wall_torch":10,"minecraft:jungle_wood":4,"minecraft:tinted_glass":1,"minecraft:redstone_torch":60,"minecraft:birch_trapdoor":3,"minecraft:yellow_bed":1,"minecraft:grass":2,"minecraft:tripwire_hook":1,"minecraft:oak_leaves":14},"minecraft:dropped":{"minecraft:golden_boots":2,"minecraft:iron_ingot":1947,"minecraft:bread":6,"minecraft:iron_sword":3,"minecraft:repeating_command_block":1,"minecraft:piston":1,"minecraft:black_dye":206,"minecraft:wheat_seeds":3,"minecraft:golden_helmet":2,"minecraft:tnt":961,"minecraft:crafting_table":1,"minecraft:iron_helmet":6,"minecraft:feather":1,"minecraft:jungle_wood":3,"minecraft:leather":2,"minecraft:apple":3,"minecraft:command_block":6,"minecraft:bedrock":1,"minecraft:chainmail_helmet":5,"minecraft:grass_block":5,"minecraft:item_frame":5,"minecraft:stick":1,"minecraft:dirt":7,"minecraft:grass":1,"minecraft:stone_button":2,"minecraft:torch":154,"minecraft:repeater":1,"minecraft:wooden_axe":1,"minecraft:white_concrete":4,"minecraft:iron_door":1,"minecraft:diamond_helmet":6,"minecraft:gold_nugget":1,"minecraft:purple_wool":14,"minecraft:black_concrete":3,"minecraft:tripwire_hook":1,"minecraft:gray_dye":48,"minecraft:gold_ingot":169,"minecraft:redstone":3,"minecraft:bricks":66,"minecraft:oak_trapdoor":1,"minecraft:player_head":4,"minecraft:golden_chestplate":6,"minecraft:stone_sword":3,"minecraft:tinted_glass":4,"minecraft:experience_bottle":1,"minecraft:chicken":1,"minecraft:comparator":1,"minecraft:mangrove_door":1,"minecraft:prismarine":1,"minecraft:light_gray_concrete":7,"minecraft:white_bed":1,"minecraft:light_blue_concrete":1,"minecraft:spruce_fence":1,"minecraft:flint_and_steel":1,"minecraft:diamond_sword":2,"minecraft:potato":12,"minecraft:mangrove_log":1,"minecraft:birch_trapdoor":4,"minecraft:diamond_chestplate":1,"minecraft:mossy_stone_bricks":130,"minecraft:chest":1,"minecraft:golden_sword":1,"minecraft:carved_pumpkin":2,"minecraft:redstone_torch":121,"minecraft:diamond_boots":5,"minecraft:written_book":39,"minecraft:egg":2},"minecraft:picked_up":{"minecraft:purple_wool":26,"minecraft:chicken":1,"minecraft:item_frame":5,"minecraft:armor_stand":7,"minecraft:gold_nugget":2,"minecraft:beef":2,"minecraft:redstone_torch":239,"minecraft:written_book":66,"minecraft:player_head":2,"minecraft:tinted_glass":6,"minecraft:mangrove_log":1,"minecraft:egg":2,"minecraft:golden_helmet":2,"minecraft:oak_door":2,"minecraft:birch_trapdoor":5,"minecraft:torch":93,"minecraft:stone_button":2,"minecraft:redstone":34,"minecraft:golden_chestplate":3,"minecraft:stone_sword":3,"minecraft:rotten_flesh":3,"minecraft:diamond_chestplate":4,"minecraft:diamond_boots":5,"minecraft:carved_pumpkin":10,"minecraft:gold_ingot":129,"minecraft:mangrove_door":2,"minecraft:snowball":49,"minecraft:cobblestone":4,"minecraft:wet_sponge":4,"minecraft:feather":1,"minecraft:repeater":1,"minecraft:iron_door":1,"minecraft:tripwire_hook":1,"minecraft:leather":2,"minecraft:jungle_wood":3,"minecraft:potato":12,"minecraft:oak_log":7,"minecraft:golden_boots":2,"minecraft:yellow_bed":1,"minecraft:gunpowder":3,"minecraft:dirt":5,"minecraft:apple":8,"minecraft:wheat_seeds":7,"minecraft:iron_ingot":988,"minecraft:diamond_helmet":6,"minecraft:prismarine":1,"minecraft:iron_sword":3,"minecraft:dandelion":3,"minecraft:white_bed":1,"minecraft:mossy_cobblestone":1,"minecraft:light_gray_concrete":2,"minecraft:black_concrete":2,"minecraft:netherite_helmet":1,"minecraft:lever":4,"minecraft:polished_blackstone_button":2,"minecraft:iron_helmet":3,"minecraft:bread":12,"minecraft:spruce_sign":2,"minecraft:chainmail_helmet":5,"minecraft:oak_button":4,"minecraft:bricks":2},"minecraft:killed_by":{"minecraft:player":10,"minecraft:iron_golem":4,"minecraft:ender_dragon":1},"minecraft:used":{"minecraft:oak_fence":4,"minecraft:oak_trapdoor":77,"minecraft:netherite_sword":13,"minecraft:iron_bars":1,"minecraft:writable_book":4,"minecraft:stone_sword":47,"minecraft:granite_stairs":1,"minecraft:flint_and_steel":53,"minecraft:carved_pumpkin":4,"minecraft:armor_stand":40,"minecraft:spruce_slab":143,"minecraft:redstone":1271,"minecraft:oak_sign":23,"minecraft:chest":16,"minecraft:tinted_glass":8,"minecraft:iron_sword":8,"minecraft:creeper_head":2,"minecraft:quartz_stairs":4,"minecraft:grass":4,"minecraft:mossy_stone_brick_slab":2,"minecraft:player_head":3,"minecraft:netherrack":5,"minecraft:torch":55,"minecraft:dirt":45,"minecraft:anvil":5,"minecraft:white_carpet":91,"minecraft:chainmail_chestplate":3,"minecraft:spruce_stairs":32,"minecraft:jungle_planks":1,"minecraft:diamond_helmet":2,"minecraft:stone_stairs":25,"minecraft:golden_chestplate":9,"minecraft:snowball":49,"minecraft:granite":1,"minecraft:spruce_fence":60,"minecraft:blue_concrete":222,"minecraft:light_blue_stained_glass":13,"minecraft:oak_fence_gate":27,"minecraft:birch_door":5,"minecraft:dark_oak_planks":5,"minecraft:wooden_axe":1,"minecraft:mangrove_log":8,"minecraft:bricks":3793,"minecraft:grass_block":278,"minecraft:polished_andesite_stairs":1,"minecraft:chicken_spawn_egg":1,"minecraft:wet_sponge":6,"minecraft:iron_helmet":8,"minecraft:dark_oak_slab":10,"minecraft:repeater":450,"minecraft:golden_sword":41,"minecraft:item_frame":22,"minecraft:diamond_chestplate":5,"minecraft:birch_trapdoor":27,"minecraft:bedrock":11,"minecraft:tripwire_hook":20,"minecraft:glowstone":277,"minecraft:redstone_lamp":477,"minecraft:bow":2,"minecraft:beef":2,"minecraft:written_book":699,"minecraft:iron_trapdoor":25,"minecraft:oak_sapling":52,"minecraft:furnace":2,"minecraft:egg":56,"minecraft:minecart":1,"minecraft:polished_diorite_stairs":3,"minecraft:trapped_chest":8,"minecraft:gray_banner":1,"minecraft:granite_wall":1,"minecraft:stone_pressure_plate":2,"minecraft:red_dye":3,"minecraft:powder_snow_bucket":1,"minecraft:golden_boots":1,"minecraft:water_bucket":6,"minecraft:mossy_stone_bricks":842,"minecraft:diamond_boots":16,"minecraft:torchflower":2,"minecraft:spruce_door":11,"minecraft:red_stained_glass":13,"minecraft:oak_planks":140,"minecraft:leather_chestplate":2,"minecraft:mossy_stone_brick_stairs":17,"minecraft:chainmail_helmet":11,"minecraft:redstone_block":30,"minecraft:spruce_sign":10,"minecraft:cauldron":6,"minecraft:white_dye":6,"minecraft:cobblestone_slab":18,"minecraft:leather_boots":2,"minecraft:sheep_spawn_egg":1,"minecraft:glow_ink_sac":9,"minecraft:conduit":2,"minecraft:white_wool":9,"minecraft:dark_oak_trapdoor":3,"minecraft:glow_berries":1,"minecraft:rail":1,"minecraft:comparator":2,"minecraft:tnt":693,"minecraft:light_blue_concrete":3,"minecraft:oak_slab":99,"minecraft:crafting_table":23,"minecraft:birch_sign":28,"minecraft:blast_furnace":2,"minecraft:yellow_concrete":219,"minecraft:netherite_helmet":1,"minecraft:stone_brick_wall":4,"minecraft:gray_concrete":122,"minecraft:painting":48,"minecraft:cake":16,"minecraft:redstone_torch":290,"minecraft:oak_log":3,"minecraft:sticky_piston":17,"minecraft:piston":24,"minecraft:flower_pot":27,"minecraft:lever":45,"minecraft:black_wool":2,"minecraft:black_concrete":115,"minecraft:apple":3,"minecraft:mangrove_door":43,"minecraft:command_block":204,"minecraft:heavy_weighted_pressure_plate":1,"minecraft:light_gray_concrete":3486,"minecraft:string":6,"minecraft:oak_button":7,"minecraft:stone_button":35,"minecraft:stone_slab":3,"minecraft:spruce_trapdoor":2,"minecraft:iron_door":26,"minecraft:golden_helmet":3,"minecraft:diamond_sword":129,"minecraft:cobblestone":1,"minecraft:chainmail_boots":3,"minecraft:turtle_helmet":2,"minecraft:repeating_command_block":71,"minecraft:polished_blackstone_button":26,"minecraft:bucket":16,"minecraft:smooth_stone_slab":6,"minecraft:yellow_bed":1,"minecraft:white_concrete":490,"minecraft:splash_potion":2,"minecraft:purple_wool":125,"minecraft:bone_meal":263,"minecraft:experience_bottle":61,"minecraft:soul_torch":12},"minecraft:custom":{"minecraft:mob_kills":37,"minecraft:interact_with_anvil":12,"minecraft:interact_with_crafting_table":78,"minecraft:fill_cauldron":6,"minecraft:damage_dealt_resisted":35,"minecraft:eat_cake_slice":24,"minecraft:leave_game":82,"minecraft:time_since_death":579387,"minecraft:sprint_one_cm":4822075,"minecraft:walk_one_cm":6462104,"minecraft:drop":672,"minecraft:talked_to_villager":1,"minecraft:play_time":5184539,"minecraft:deaths":27,"minecraft:sneak_time":212117,"minecraft:jump":20423,"minecraft:interact_with_blast_furnace":2,"minecraft:walk_on_water_one_cm":450,"minecraft:total_world_time":6040864,"minecraft:time_since_rest":579449,"minecraft:damage_taken":43729,"minecraft:trigger_trapped_chest":34,"minecraft:minecart_one_cm":2,"minecraft:damage_dealt":42345,"minecraft:fly_one_cm":8209346,"minecraft:player_kills":103,"minecraft:open_chest":59,"minecraft:crouch_one_cm":119220,"minecraft:fall_one_cm":194681}},"DataVersion":3465}