{"stats":{"minecraft:crafted":{"minecraft:golden_sword":3},"minecraft:picked_up":{"minecraft:redstone_torch":3,"minecraft:written_book":1},"minecraft:used":{"minecraft:golden_sword":106,"minecraft:light":1,"minecraft:diamond_sword":2,"minecraft:written_book":117,"minecraft:light_gray_concrete":1},"minecraft:custom":{"minecraft:time_since_rest":96866,"minecraft:open_chest":4,"minecraft:crouch_one_cm":53,"minecraft:sprint_one_cm":211063,"minecraft:play_time":96866,"minecraft:damage_taken":699,"minecraft:walk_one_cm":281409,"minecraft:sneak_time":231,"minecraft:mob_kills":2,"minecraft:drop":4,"minecraft:jump":452,"minecraft:damage_dealt":3946,"minecraft:leave_game":8,"minecraft:time_since_death":96866,"minecraft:total_world_time":96866,"minecraft:interact_with_crafting_table":1,"minecraft:fall_one_cm":2833,"minecraft:fly_one_cm":205243},"minecraft:dropped":{"minecraft:redstone_torch":3,"minecraft:written_book":1}},"DataVersion":3465}