{"stats":{"minecraft:killed_by":{"minecraft:player":27},"minecraft:killed":{"minecraft:iron_golem":7,"minecraft:sheep":1,"minecraft:zombie":1,"minecraft:chicken":1,"minecraft:villager":7},"minecraft:picked_up":{"minecraft:wooden_axe":1,"minecraft:light_blue_concrete":1,"minecraft:purple_wool":35,"minecraft:flower_pot":1,"minecraft:iron_door":3,"minecraft:diamond_sword":5,"minecraft:jungle_wood":3,"minecraft:oak_stairs":31,"minecraft:oak_log":5,"minecraft:golden_sword":4,"minecraft:cobblestone_stairs":1,"minecraft:dirt":1547,"minecraft:oak_trapdoor":1,"minecraft:flint_and_steel":1,"minecraft:experience_bottle":2,"minecraft:sculk_shrieker":1,"minecraft:wheat_seeds":1,"minecraft:light_weighted_pressure_plate":1,"minecraft:iron_ingot":2857,"minecraft:redstone_torch":79,"minecraft:written_book":1,"minecraft:poppy":7,"minecraft:prismarine":1,"minecraft:iron_sword":2,"minecraft:oak_planks":3,"minecraft:oak_door":1,"minecraft:oak_fence":3,"minecraft:torch":5,"minecraft:stone_button":1,"minecraft:grass_block":1,"minecraft:carrot":2,"minecraft:redstone":2,"minecraft:golden_chestplate":1,"minecraft:mossy_cobblestone":1,"minecraft:tnt":448,"minecraft:quartz_block":1,"minecraft:light_gray_concrete":4,"minecraft:black_concrete":2,"minecraft:diamond_boots":1,"minecraft:iron_helmet":1,"minecraft:white_concrete":2,"minecraft:gold_ingot":4411,"minecraft:mangrove_door":1,"minecraft:mutton":1,"minecraft:white_wool":1,"minecraft:cobblestone":1},"minecraft:mined":{"minecraft:mangrove_door":1,"minecraft:grass_block":4,"minecraft:tall_grass":1,"minecraft:purple_wool":14,"minecraft:carrots":2,"minecraft:redstone_torch":1,"minecraft:wheat":1,"minecraft:grass":2,"minecraft:beetroots":1,"minecraft:flower_pot":1,"minecraft:dirt":18,"minecraft:redstone_wall_torch":2},"minecraft:used":{"minecraft:cobblestone_stairs":7,"minecraft:flint_and_steel":4,"minecraft:carved_pumpkin":1,"minecraft:spruce_slab":2,"minecraft:tinted_glass":2,"minecraft:iron_sword":555,"minecraft:cobblestone_slab":4,"minecraft:diamond_axe":12,"minecraft:bell":2,"minecraft:polished_blackstone_bricks":2,"minecraft:cookie":14,"minecraft:jungle_wood":5,"minecraft:dirt":102,"minecraft:tnt":276,"minecraft:yellow_concrete":42,"minecraft:crossbow":22,"minecraft:sculk_shrieker":4,"minecraft:netherite_helmet":1,"minecraft:flower_pot":1,"minecraft:black_concrete":4,"minecraft:apple":12,"minecraft:bookshelf":3,"minecraft:light_gray_concrete":3,"minecraft:light_weighted_pressure_plate":16,"minecraft:grass_block":6,"minecraft:stone_button":11,"minecraft:jungle_log":2,"minecraft:iron_helmet":1,"minecraft:fishing_rod":34,"minecraft:golden_sword":32,"minecraft:diamond_sword":241,"minecraft:cobblestone":56,"minecraft:written_book":547,"minecraft:egg":278,"minecraft:experience_bottle":47,"minecraft:enchanted_golden_apple":2},"minecraft:custom":{"minecraft:interact_with_furnace":3,"minecraft:interact_with_anvil":1,"minecraft:mob_kills":23,"minecraft:interact_with_crafting_table":5,"minecraft:bell_ring":15,"minecraft:leave_game":26,"minecraft:time_since_death":365578,"minecraft:sleep_in_bed":1,"minecraft:time_since_rest":365621,"minecraft:sprint_one_cm":3281251,"minecraft:damage_taken":129743,"minecraft:walk_one_cm":4310559,"minecraft:trigger_trapped_chest":7,"minecraft:drop":3848,"minecraft:damage_dealt":53407,"minecraft:talked_to_villager":6,"minecraft:fly_one_cm":1363918,"minecraft:player_kills":39,"minecraft:open_chest":82,"minecraft:crouch_one_cm":136731,"minecraft:play_time":1428667,"minecraft:deaths":80,"minecraft:sneak_time":28415,"minecraft:walk_under_water_one_cm":554,"minecraft:jump":5066,"minecraft:interact_with_blast_furnace":1,"minecraft:walk_on_water_one_cm":4661,"minecraft:total_world_time":1428667,"minecraft:fall_one_cm":381030},"minecraft:dropped":{"minecraft:iron_ingot":1033,"minecraft:iron_sword":2,"minecraft:wheat_seeds":1,"minecraft:sculk_shrieker":1,"minecraft:oak_log":1,"minecraft:experience_bottle":2,"minecraft:cobblestone":1,"minecraft:jungle_wood":3,"minecraft:mangrove_door":1,"minecraft:prismarine":1,"minecraft:light_gray_concrete":2,"minecraft:dirt_path":256,"minecraft:grass_block":1,"minecraft:carrot":2,"minecraft:diamond_sword":3,"minecraft:poppy":5,"minecraft:dirt":403,"minecraft:quartz_block":1,"minecraft:white_concrete":1,"minecraft:iron_door":1,"minecraft:golden_sword":2,"minecraft:redstone_torch":75,"minecraft:oak_stairs":13,"minecraft:arrow":56,"minecraft:polished_blackstone_bricks":1,"minecraft:purple_wool":35,"minecraft:black_concrete":2,"minecraft:gold_ingot":4984,"minecraft:redstone":2}},"DataVersion":3465}