{
	"credit": "Made with Blockbench",
	"textures": {
		"0": "block/black",
		"1": "block/gray",
		"particle": "block/black"
	},
	"elements": [
		{
			"from": [7, 0, 7],
			"to": [9, 5, 9],
			"faces": {
				"north": {"uv": [0, 0, 2, 5], "texture": "#1"},
				"east": {"uv": [0, 0, 2, 5], "texture": "#1"},
				"south": {"uv": [0, 0, 2, 5], "texture": "#1"},
				"west": {"uv": [0, 0, 2, 5], "texture": "#1"},
				"up": {"uv": [0, 0, 2, 2], "texture": "#1"},
				"down": {"uv": [0, 0, 2, 2], "texture": "#1"}
			}
		},
		{
			"from": [7, 5, 7],
			"to": [9, 9, 9],
			"faces": {
				"north": {"uv": [0, 0, 2, 4], "texture": "#0"},
				"east": {"uv": [0, 0, 2, 4], "texture": "#0"},
				"south": {"uv": [0, 0, 2, 4], "texture": "#0"},
				"west": {"uv": [0, 0, 2, 4], "texture": "#0"},
				"up": {"uv": [0, 0, 2, 2], "texture": "#0"},
				"down": {"uv": [0, 0, 2, 2], "texture": "#0"}
			}
		},
		{
			"from": [6, 6, 7],
			"to": [7, 8, 9],
			"faces": {
				"north": {"uv": [0, 0, 1, 2], "texture": "#0"},
				"east": {"uv": [0, 0, 2, 2], "texture": "#0"},
				"south": {"uv": [0, 0, 1, 2], "texture": "#0"},
				"west": {"uv": [0, 0, 2, 2], "texture": "#0"},
				"up": {"uv": [0, 0, 1, 2], "texture": "#0"},
				"down": {"uv": [0, 0, 1, 2], "texture": "#0"}
			}
		},
		{
			"from": [9, 6, 7],
			"to": [10, 8, 9],
			"faces": {
				"north": {"uv": [0, 0, 1, 2], "texture": "#0"},
				"east": {"uv": [0, 0, 2, 2], "texture": "#0"},
				"south": {"uv": [0, 0, 1, 2], "texture": "#0"},
				"west": {"uv": [0, 0, 2, 2], "texture": "#0"},
				"up": {"uv": [0, 0, 1, 2], "texture": "#0"},
				"down": {"uv": [0, 0, 1, 2], "texture": "#0"}
			}
		},
		{
			"from": [7, 6, 9],
			"to": [9, 8, 10],
			"faces": {
				"north": {"uv": [0, 0, 2, 2], "texture": "#0"},
				"east": {"uv": [0, 0, 1, 2], "texture": "#0"},
				"south": {"uv": [0, 0, 2, 2], "texture": "#0"},
				"west": {"uv": [0, 0, 1, 2], "texture": "#0"},
				"up": {"uv": [0, 0, 2, 1], "texture": "#0"},
				"down": {"uv": [0, 0, 2, 1], "texture": "#0"}
			}
		},
		{
			"from": [7, 6, 6],
			"to": [9, 8, 7],
			"faces": {
				"north": {"uv": [0, 0, 2, 2], "texture": "#0"},
				"east": {"uv": [0, 0, 1, 2], "texture": "#0"},
				"south": {"uv": [0, 0, 2, 2], "texture": "#0"},
				"west": {"uv": [0, 0, 1, 2], "texture": "#0"},
				"up": {"uv": [0, 0, 2, 1], "texture": "#0"},
				"down": {"uv": [0, 0, 2, 1], "texture": "#0"}
			}
		}
	],
	"display": {
		"thirdperson_righthand": {
			"rotation": [3.5, 0, 0],
			"translation": [0, 4.75, -0.5]
		},
		"firstperson_righthand": {
			"translation": [0, 7.25, 0]
		},
		"firstperson_lefthand": {
			"translation": [0, 7.25, 0]
		}
	}
}