{
	"credit": "Made with Blockbench",
	"textures": {
		"0": "block/monitor",
		"1": "block/monitor_screen",
		"2": "block/keyboard",
		"particle": "block/monitor"
	},
	"elements": [
		{
			"from": [6, 0, 12],
			"to": [10, 1, 16],
			"rotation": {"angle": 0, "axis": "y", "origin": [7, 0, 13]},
			"faces": {
				"north": {"uv": [7, 5.25, 8, 5.5], "texture": "#0"},
				"east": {"uv": [7, 5.5, 8, 5.75], "texture": "#0"},
				"south": {"uv": [7, 5.75, 8, 6], "texture": "#0"},
				"west": {"uv": [7, 6, 8, 6.25], "texture": "#0"},
				"up": {"uv": [7, 3.5, 6, 2.5], "texture": "#0"},
				"down": {"uv": [7, 3.5, 6, 4.5], "texture": "#0"}
			}
		},
		{
			"from": [3, 0, 6],
			"to": [4, 1, 10],
			"rotation": {"angle": 0, "axis": "y", "origin": [1, 0, 7]},
			"faces": {
				"north": {"uv": [0, 8, 10, 9], "texture": "#2"},
				"east": {"uv": [0, 10, 4, 11], "texture": "#2"},
				"south": {"uv": [0, 9, 10, 10], "texture": "#2"},
				"west": {"uv": [10, 0, 14, 1], "texture": "#2"},
				"up": {"uv": [9.5, 4.15, 7.25, 2.4], "texture": "#2"},
				"down": {"uv": [10, 4, 0, 8], "texture": "#2"}
			}
		},
		{
			"from": [5, 0, 6],
			"to": [15, 1, 10],
			"rotation": {"angle": 0, "axis": "y", "origin": [12, 0, 7]},
			"faces": {
				"north": {"uv": [0, 8, 10, 9], "texture": "#2"},
				"east": {"uv": [0, 10, 4, 11], "texture": "#2"},
				"south": {"uv": [0, 9, 10, 10], "texture": "#2"},
				"west": {"uv": [10, 0, 14, 1], "texture": "#2"},
				"up": {"uv": [10, 4, 0, 0], "texture": "#2"},
				"down": {"uv": [10, 4, 0, 8], "texture": "#2"}
			}
		},
		{
			"from": [6, 1, 13.4],
			"to": [10, 2, 14.8],
			"rotation": {"angle": 0, "axis": "y", "origin": [7, 1, 13]},
			"faces": {
				"north": {"uv": [7.5, 4, 8.5, 4.25], "texture": "#0"},
				"east": {"uv": [4, 7.75, 4.25, 8], "texture": "#0"},
				"south": {"uv": [7.5, 4.25, 8.5, 4.5], "texture": "#0"},
				"west": {"uv": [4.25, 7.75, 4.5, 8], "texture": "#0"},
				"up": {"uv": [8.5, 4.75, 7.5, 4.5], "texture": "#0"},
				"down": {"uv": [8.5, 4.75, 7.5, 5], "texture": "#0"}
			}
		},
		{
			"from": [6, 0.9, 12.4],
			"to": [10, 1.9, 15.1],
			"rotation": {"angle": -45, "axis": "x", "origin": [7, 0.9, 13.4]},
			"faces": {
				"north": {"uv": [7, 7.25, 8, 7.5], "texture": "#0"},
				"east": {"uv": [7.5, 5, 8.25, 5.25], "texture": "#0"},
				"south": {"uv": [7.5, 3.25, 8.5, 3.5], "texture": "#0"},
				"west": {"uv": [7.5, 6.75, 8.25, 7], "texture": "#0"},
				"up": {"uv": [1.5, 7.75, 0.5, 7], "texture": "#0"},
				"down": {"uv": [2.5, 7, 1.5, 7.75], "texture": "#0"}
			}
		},
		{
			"from": [6, 1.4, 13],
			"to": [10, 2.4, 15.7],
			"rotation": {"angle": 45, "axis": "x", "origin": [7, 1.4, 14.2]},
			"faces": {
				"north": {"uv": [7.5, 3.5, 8.5, 3.75], "texture": "#0"},
				"east": {"uv": [7, 7.5, 7.75, 7.75], "texture": "#0"},
				"south": {"uv": [7.5, 3.75, 8.5, 4], "texture": "#0"},
				"west": {"uv": [7.5, 7, 8.25, 7.25], "texture": "#0"},
				"up": {"uv": [3.5, 7.75, 2.5, 7], "texture": "#0"},
				"down": {"uv": [8, 2.5, 7, 3.25], "texture": "#0"}
			}
		},
		{
			"from": [7, 1, 13],
			"to": [9, 11.225, 15],
			"rotation": {"angle": 0, "axis": "y", "origin": [7, 1, 13]},
			"faces": {
				"north": {"uv": [5, 0, 5.5, 3.25], "texture": "#0"},
				"east": {"uv": [5, 3.25, 5.5, 6.5], "texture": "#0"},
				"south": {"uv": [5.5, 0, 6, 3.25], "texture": "#0"},
				"west": {"uv": [5.5, 3.25, 6, 6.5], "texture": "#0"},
				"up": {"uv": [5, 7.5, 4.5, 7], "texture": "#0"},
				"down": {"uv": [7.5, 4.75, 7, 5.25], "texture": "#0"}
			}
		},
		{
			"from": [7, 9.8, 14.25],
			"to": [9, 12.675, 15.75],
			"rotation": {"angle": -45, "axis": "x", "origin": [7, 9.625, 13.75]},
			"faces": {
				"north": {"uv": [7, 3.25, 7.5, 4], "texture": "#0"},
				"east": {"uv": [3.5, 7, 4, 7.75], "texture": "#0"},
				"south": {"uv": [4, 7, 4.5, 7.75], "texture": "#0"},
				"west": {"uv": [7, 4, 7.5, 4.75], "texture": "#0"},
				"up": {"uv": [5, 8, 4.5, 7.5], "texture": "#0"},
				"down": {"uv": [8, 6.25, 7.5, 6.75], "texture": "#0"}
			}
		},
		{
			"from": [7, 10.9, 12],
			"to": [9, 13.2, 13],
			"rotation": {"angle": 0, "axis": "y", "origin": [7, -2.1, 11]},
			"faces": {
				"north": {"uv": [7, 6.25, 7.5, 6.75], "texture": "#0"},
				"east": {"uv": [0.5, 7.75, 0.75, 8.25], "texture": "#0"},
				"south": {"uv": [7, 6.75, 7.5, 7.25], "texture": "#0"},
				"west": {"uv": [0.75, 7.75, 1, 8.25], "texture": "#0"},
				"up": {"uv": [1.5, 8, 1, 7.75], "texture": "#0"},
				"down": {"uv": [2, 7.75, 1.5, 8], "texture": "#0"}
			}
		},
		{
			"from": [-2, 4.9, 11.5],
			"to": [18, 18.9, 12],
			"rotation": {"angle": 0, "axis": "y", "origin": [7, -2.1, 10]},
			"faces": {
				"north": {"uv": [0, 0, 5, 3.5], "texture": "#0"},
				"east": {"uv": [6, 4.5, 6.25, 8], "texture": "#0"},
				"south": {"uv": [0, 3.5, 5, 7], "texture": "#0"},
				"west": {"uv": [6.25, 4.5, 6.5, 8], "texture": "#0"},
				"up": {"uv": [11, 0.25, 6, 0], "texture": "#0"},
				"down": {"uv": [11, 0.25, 6, 0.5], "texture": "#0"}
			}
		},
		{
			"from": [17.5, 5.4, 11],
			"to": [18, 18.4, 11.5],
			"rotation": {"angle": 0, "axis": "y", "origin": [7, -2.1, 9.5]},
			"faces": {
				"north": {"uv": [6.5, 4.5, 6.75, 7.75], "texture": "#0"},
				"east": {"uv": [5, 6.5, 5.25, 9.75], "texture": "#0"},
				"south": {"uv": [5.25, 6.5, 5.5, 9.75], "texture": "#0"},
				"west": {"uv": [5.5, 6.5, 5.75, 9.75], "texture": "#0"},
				"up": {"uv": [3.25, 8, 3, 7.75], "texture": "#0"},
				"down": {"uv": [3.5, 7.75, 3.25, 8], "texture": "#0"}
			}
		},
		{
			"from": [-2, 5.4, 11],
			"to": [-1.5, 18.4, 11.5],
			"rotation": {"angle": 0, "axis": "y", "origin": [-12.5, -2.1, 9.5]},
			"faces": {
				"north": {"uv": [5.75, 6.5, 6, 9.75], "texture": "#0"},
				"east": {"uv": [6.75, 4.5, 7, 7.75], "texture": "#0"},
				"south": {"uv": [0, 7, 0.25, 10.25], "texture": "#0"},
				"west": {"uv": [0.25, 7, 0.5, 10.25], "texture": "#0"},
				"up": {"uv": [3.75, 8, 3.5, 7.75], "texture": "#0"},
				"down": {"uv": [4, 7.75, 3.75, 8], "texture": "#0"}
			}
		},
		{
			"from": [-1.5, 5.4, 11],
			"to": [17.5, 18.4, 11.5],
			"rotation": {"angle": 0, "axis": "y", "origin": [7, -2.1, 9.5]},
			"faces": {
				"north": {"uv": [0, 0, 16, 16], "texture": "#1"},
				"east": {"uv": [0, 0, 0.125, 3.25], "texture": "#1"},
				"south": {"uv": [0, 0, 4, 3.25], "texture": "#1"},
				"west": {"uv": [0, 0, 0.125, 3.25], "texture": "#1"},
				"up": {"uv": [0, 0, 4, 0.125], "texture": "#1"},
				"down": {"uv": [0, 0, 4, 0.125], "texture": "#1"}
			}
		},
		{
			"from": [-2, 18.4, 11],
			"to": [18, 18.9, 11.5],
			"rotation": {"angle": 0, "axis": "y", "origin": [7, -1.1, 9.5]},
			"faces": {
				"north": {"uv": [6, 0.5, 11, 0.75], "texture": "#0"},
				"east": {"uv": [2, 7.75, 2.25, 8], "texture": "#0"},
				"south": {"uv": [6, 0.75, 11, 1], "texture": "#0"},
				"west": {"uv": [2.25, 7.75, 2.5, 8], "texture": "#0"},
				"up": {"uv": [11, 1.25, 6, 1], "texture": "#0"},
				"down": {"uv": [11, 1.25, 6, 1.5], "texture": "#0"}
			}
		},
		{
			"from": [-2, 4.9, 11],
			"to": [18, 5.4, 11.5],
			"rotation": {"angle": 0, "axis": "y", "origin": [7, -14.6, 9.5]},
			"faces": {
				"north": {"uv": [6, 1.5, 11, 1.75], "texture": "#0"},
				"east": {"uv": [2.5, 7.75, 2.75, 8], "texture": "#0"},
				"south": {"uv": [6, 1.75, 11, 2], "texture": "#0"},
				"west": {"uv": [2.75, 7.75, 3, 8], "texture": "#0"},
				"up": {"uv": [11, 2.25, 6, 2], "texture": "#0"},
				"down": {"uv": [11, 2.25, 6, 2.5], "texture": "#0"}
			}
		}
	],
	"display": {
		"gui": {
			"rotation": [0, 164, 13],
			"translation": [0, -1.5, 0],
			"scale": [0.5, 0.5, 1]
		},
		"head": {
			"translation": [0, 14.5, 0]
		},
		"fixed": {
			"rotation": [-90, 0, 0],
			"translation": [0, 0, -15.75],
			"scale": [2, 2, 2]
		}
	}
}