{
	"credit": "Made with Blockbench",
	"textures": {
		"0": "block/black",
		"1": "block/gray",
		"particle": "block/black"
	},
	"elements": [
		{
			"from": [6, 0, 6],
			"to": [10, 3, 10],
			"faces": {
				"north": {"uv": [0, 0, 4, 3], "texture": "#0"},
				"east": {"uv": [0, 0, 4, 3], "texture": "#0"},
				"south": {"uv": [0, 0, 4, 3], "texture": "#0"},
				"west": {"uv": [0, 0, 4, 3], "texture": "#0"},
				"up": {"uv": [0, 0, 4, 4], "texture": "#0"},
				"down": {"uv": [0, 0, 4, 4], "texture": "#0"}
			}
		},
		{
			"from": [8, 3, 7],
			"to": [9, 4, 9],
			"faces": {
				"north": {"uv": [0, 0, 1, 1], "texture": "#1"},
				"east": {"uv": [0, 0, 2, 1], "texture": "#1"},
				"south": {"uv": [0, 0, 1, 1], "texture": "#1"},
				"west": {"uv": [0, 0, 2, 1], "texture": "#1"},
				"up": {"uv": [0, 0, 1, 2], "rotation": 180, "texture": "#1"},
				"down": {"uv": [0, 0, 1, 2], "rotation": 180, "texture": "#1"}
			}
		},
		{
			"from": [8, 4, 7],
			"to": [9, 5, 9],
			"faces": {
				"north": {"uv": [0, 0, 1, 1], "texture": "#1"},
				"east": {"uv": [0, 0, 2, 1], "texture": "#1"},
				"south": {"uv": [0, 0, 1, 1], "texture": "#1"},
				"west": {"uv": [0, 0, 2, 1], "texture": "#1"},
				"up": {"uv": [0, 0, 1, 2], "rotation": 180, "texture": "#1"},
				"down": {"uv": [0, 0, 1, 2], "rotation": 180, "texture": "#1"}
			}
		},
		{
			"from": [8, 5, 7],
			"to": [9, 6, 9],
			"faces": {
				"north": {"uv": [0, 0, 1, 1], "texture": "#1"},
				"east": {"uv": [0, 0, 2, 1], "texture": "#1"},
				"south": {"uv": [0, 0, 1, 1], "texture": "#1"},
				"west": {"uv": [0, 0, 2, 1], "texture": "#1"},
				"up": {"uv": [0, 0, 1, 2], "rotation": 180, "texture": "#1"},
				"down": {"uv": [0, 0, 1, 2], "rotation": 180, "texture": "#1"}
			}
		},
		{
			"from": [9, 6, 7],
			"to": [10, 7, 9],
			"faces": {
				"north": {"uv": [0, 0, 1, 1], "texture": "#1"},
				"east": {"uv": [0, 0, 2, 1], "texture": "#1"},
				"south": {"uv": [0, 0, 1, 1], "texture": "#1"},
				"west": {"uv": [0, 0, 2, 1], "texture": "#1"},
				"up": {"uv": [0, 0, 1, 2], "rotation": 180, "texture": "#1"},
				"down": {"uv": [0, 0, 1, 2], "rotation": 180, "texture": "#1"}
			}
		},
		{
			"from": [9, 7, 7],
			"to": [10, 8, 9],
			"faces": {
				"north": {"uv": [0, 0, 1, 1], "texture": "#1"},
				"east": {"uv": [0, 0, 2, 1], "texture": "#1"},
				"south": {"uv": [0, 0, 1, 1], "texture": "#1"},
				"west": {"uv": [0, 0, 2, 1], "texture": "#1"},
				"up": {"uv": [0, 0, 1, 2], "rotation": 180, "texture": "#1"},
				"down": {"uv": [0, 0, 1, 2], "rotation": 180, "texture": "#1"}
			}
		},
		{
			"from": [7, 8, 7],
			"to": [9, 9, 9],
			"faces": {
				"north": {"uv": [0, 0, 2, 1], "texture": "#1"},
				"east": {"uv": [0, 0, 2, 1], "texture": "#1"},
				"south": {"uv": [0, 0, 2, 1], "texture": "#1"},
				"west": {"uv": [0, 0, 2, 1], "texture": "#1"},
				"up": {"uv": [0, 0, 2, 2], "rotation": 180, "texture": "#1"},
				"down": {"uv": [0, 0, 2, 2], "rotation": 180, "texture": "#1"}
			}
		},
		{
			"from": [6, 7, 7],
			"to": [7, 8, 9],
			"faces": {
				"north": {"uv": [0, 0, 1, 1], "texture": "#1"},
				"east": {"uv": [0, 0, 2, 1], "texture": "#1"},
				"south": {"uv": [0, 0, 1, 1], "texture": "#1"},
				"west": {"uv": [0, 0, 2, 1], "texture": "#1"},
				"up": {"uv": [0, 0, 1, 2], "rotation": 180, "texture": "#1"},
				"down": {"uv": [0, 0, 1, 2], "rotation": 180, "texture": "#1"}
			}
		}
	],
	"display": {
		"thirdperson_righthand": {
			"rotation": [-91.81, 0.69, 0.65],
			"translation": [0, -2.25, -7.75]
		},
		"firstperson_righthand": {
			"translation": [0, 6, 0]
		},
		"firstperson_lefthand": {
			"rotation": [0, 180, 0],
			"translation": [0, 6, 0]
		}
	},
	"groups": [
		0,
		{
			"name": "group",
			"origin": [0, 0, 0],
			"color": 0,
			"children": [1, 2, 3, 4, 5, 6, 7]
		}
	]
}