{
	"credit": "Made with Blockbench",
	"textures": {
		"0": "block/blue_wool",
		"1": "block/phone_screen",
		"particle": "block/blue_wool"
	},
	"elements": [
		{
			"from": [4, 0, 1],
			"to": [12, 1, 15],
			"rotation": {"angle": 0, "axis": "y", "origin": [2, 0, 1]},
			"faces": {
				"north": {"uv": [0, 0, 8, 1], "texture": "#0"},
				"east": {"uv": [0, 0, 14, 1], "texture": "#0"},
				"south": {"uv": [0, 0, 8, 1], "texture": "#0"},
				"west": {"uv": [0, 0, 14, 1], "texture": "#0"},
				"up": {"uv": [0, 0, 8, 14], "texture": "#0"},
				"down": {"uv": [0, 0, 8, 14], "texture": "#0"}
			}
		},
		{
			"from": [5, 1, 2],
			"to": [11, 2, 14],
			"rotation": {"angle": 0, "axis": "y", "origin": [2, 1, 1]},
			"faces": {
				"north": {"uv": [0, 0, 6, 1], "texture": "#1"},
				"east": {"uv": [0, 0, 12, 1], "texture": "#1"},
				"south": {"uv": [0, 0, 6, 1], "texture": "#1"},
				"west": {"uv": [0, 0, 12, 1], "texture": "#1"},
				"up": {"uv": [0, 0, 16, 15.98519], "texture": "#1"},
				"down": {"uv": [10.84444, 6.84444, 16, 16], "texture": "#1"}
			}
		},
		{
			"from": [11, 1, 1],
			"to": [12, 2, 15],
			"rotation": {"angle": 0, "axis": "y", "origin": [2, 1, 1]},
			"faces": {
				"north": {"uv": [0, 0, 1, 1], "texture": "#0"},
				"east": {"uv": [0, 0, 14, 1], "texture": "#0"},
				"south": {"uv": [0, 0, 1, 1], "texture": "#0"},
				"west": {"uv": [0, 0, 14, 1], "texture": "#0"},
				"up": {"uv": [0, 0, 1, 14], "texture": "#0"},
				"down": {"uv": [0, 0, 1, 14], "texture": "#0"}
			}
		},
		{
			"from": [4, 1, 1],
			"to": [5, 2, 15],
			"rotation": {"angle": 0, "axis": "y", "origin": [-5, 1, 1]},
			"faces": {
				"north": {"uv": [0, 0, 1, 1], "texture": "#0"},
				"east": {"uv": [0, 0, 14, 1], "texture": "#0"},
				"south": {"uv": [0, 0, 1, 1], "texture": "#0"},
				"west": {"uv": [0, 0, 14, 1], "texture": "#0"},
				"up": {"uv": [0, 0, 1, 14], "texture": "#0"},
				"down": {"uv": [0, 0, 1, 14], "texture": "#0"}
			}
		},
		{
			"from": [5, 1, 14],
			"to": [11, 2, 15],
			"rotation": {"angle": 0, "axis": "y", "origin": [-4, 1, 1]},
			"faces": {
				"north": {"uv": [0, 0, 6, 1], "texture": "#0"},
				"east": {"uv": [0, 0, 1, 1], "texture": "#0"},
				"south": {"uv": [0, 0, 6, 1], "texture": "#0"},
				"west": {"uv": [0, 0, 1, 1], "texture": "#0"},
				"up": {"uv": [0, 0, 6, 1], "texture": "#0"},
				"down": {"uv": [0, 0, 6, 1], "texture": "#0"}
			}
		},
		{
			"from": [5, 1, 1],
			"to": [11, 2, 2],
			"rotation": {"angle": 0, "axis": "y", "origin": [-4, 1, -12]},
			"faces": {
				"north": {"uv": [0, 0, 6, 1], "texture": "#0"},
				"east": {"uv": [0, 0, 1, 1], "texture": "#0"},
				"south": {"uv": [0, 0, 6, 1], "texture": "#0"},
				"west": {"uv": [0, 0, 1, 1], "texture": "#0"},
				"up": {"uv": [0, 0, 6, 1], "texture": "#0"},
				"down": {"uv": [0, 0, 6, 1], "texture": "#0"}
			}
		}
	],
	"display": {
		"thirdperson_righthand": {
			"rotation": [90, 0, 0],
			"translation": [0, 7, 9]
		},
		"thirdperson_lefthand": {
			"rotation": [90, 0, 0],
			"translation": [0, 7, 9]
		},
		"firstperson_righthand": {
			"rotation": [82, 0, 0],
			"translation": [0, 8, 7]
		},
		"firstperson_lefthand": {
			"rotation": [82, 0, 0],
			"translation": [0, 8, 7]
		},
		"gui": {
			"rotation": [81, 38, 15],
			"translation": [-1.25, 0, 0]
		},
		"fixed": {
			"rotation": [90, 0, 180],
			"translation": [0, 0, -9.5],
			"scale": [1.2, 1.2, 1.2]
		}
	}
}