{
	"credit": "Made with Blockbench",
	"textures": {
		"0": "block/sign",
		"particle": "block/sign"
	},
	"elements": [
		{
			"from": [-16, -16, 0],
			"to": [32, 32, 0.45],
			"faces": {
				"north": {"uv": [0, 0, 16, 16], "texture": "#0"},
				"east": {"uv": [0, 0, 0.45, 16], "texture": "#0"},
				"south": {"uv": [0, 0, 16, 16], "texture": "#0"},
				"west": {"uv": [0, 0, 0.45, 16], "texture": "#0"},
				"up": {"uv": [0, 0, 16, 0.45], "texture": "#0"},
				"down": {"uv": [0, 0, 16, 0.45], "texture": "#0"}
			}
		}
	],
	"display": {
		"firstperson_righthand": {
			"scale": [0, 0, 0]
		},
		"firstperson_lefthand": {
			"scale": [0, 0, 0]
		},
		"gui": {
			"translation": [0, -1.75, 0],
			"scale": [0.3, 0.37, 4]
		},
		"fixed": {
			"translation": [0, 0, 31.75],
			"scale": [4, 4, 4]
		}
	}
}