{
	"credit": "Made with Blockbench",
	"texture_size": [64, 64],
	"textures": {
		"0": "block/camera_red",
		"1": "block/cam_monitor",
		"particle": "block/camera_red"
	},
	"elements": [
		{
			"from": [14, 0, 7],
			"to": [16, 8.2, 9],
			"rotation": {"angle": 0, "axis": "y", "origin": [14, 0, 7]},
			"faces": {
				"north": {"uv": [5.5, 2, 6, 5.25], "texture": "#1"},
				"east": {"uv": [5.5, 5.25, 6, 8.5], "texture": "#1"},
				"south": {"uv": [6, 2, 6.5, 5.25], "texture": "#1"},
				"west": {"uv": [6, 5.25, 6.5, 8.5], "texture": "#1"},
				"up": {"uv": [7.5, 2.5, 7, 2], "texture": "#1"},
				"down": {"uv": [7.5, 2.5, 7, 3], "texture": "#1"}
			}
		},
		{
			"from": [0.1, 6.3, 7],
			"to": [15.25, 8.3, 9],
			"rotation": {"angle": -22.5, "axis": "z", "origin": [15.25, 6.3, 7]},
			"faces": {
				"north": {"uv": [5.5, 0, 8.75, 0.5], "texture": "#1"},
				"east": {"uv": [6.75, 6, 7.25, 6.5], "texture": "#1"},
				"south": {"uv": [5.5, 0.5, 8.75, 1], "texture": "#1"},
				"west": {"uv": [6.75, 6.5, 7.25, 7], "texture": "#1"},
				"up": {"uv": [8.75, 1.5, 5.5, 1], "texture": "#1"},
				"down": {"uv": [8.75, 1.5, 5.5, 2], "texture": "#1"}
			}
		},
		{
			"from": [1.35, 12.1, 7],
			"to": [2.175, 13.9, 9],
			"rotation": {"angle": 0, "axis": "z", "origin": [15.25, 12.1, 7]},
			"faces": {
				"north": {"uv": [5.5, 0, 8.75, 0.5], "texture": "#1"},
				"east": {"uv": [6.75, 6, 7.25, 6.5], "texture": "#1"},
				"south": {"uv": [5.5, 0.5, 8.75, 1], "texture": "#1"},
				"west": {"uv": [6.75, 6.5, 7.25, 7], "texture": "#1"},
				"up": {"uv": [8.75, 1.5, 5.5, 1], "texture": "#1"},
				"down": {"uv": [8.75, 1.5, 5.5, 2], "texture": "#1"}
			}
		},
		{
			"from": [1.125, 4.975, -2.5],
			"to": [1.275, 21.275, 19.075],
			"rotation": {"angle": 0, "axis": "z", "origin": [1.725, 5.25, 7]},
			"faces": {
				"north": {"uv": [6.75, 2, 7, 6], "texture": "#1"},
				"east": {"uv": [0, 0, 5.5, 4], "texture": "#1"},
				"south": {"uv": [6.75, 2, 7, 6], "texture": "#1"},
				"west": {"uv": [0, 4, 5.5, 8], "texture": "#1"},
				"up": {"uv": [6.75, 7.5, 6.5, 2], "texture": "#1"},
				"down": {"uv": [6.75, 2, 6.5, 7.5], "texture": "#1"}
			}
		},
		{
			"from": [1.05, 4.975, -2.5],
			"to": [1.2, 21.275, 19.075],
			"rotation": {"angle": 0, "axis": "z", "origin": [1.65, 5.25, 7]},
			"faces": {
				"north": {"uv": [0, 0, 15.7, 0.6], "rotation": 90, "texture": "#0"},
				"east": {"uv": [0, 0, 15.7, 16], "rotation": 270, "texture": "#0"},
				"south": {"uv": [0, 0, 15.7, 0.6], "rotation": 270, "texture": "#0"},
				"west": {"uv": [0, 0, 16, 15.7], "texture": "#0"},
				"up": {"uv": [0, 0, 16, 0.6], "rotation": 270, "texture": "#0"},
				"down": {"uv": [0, 0, 16, 0.6], "rotation": 270, "texture": "#0"}
			}
		}
	],
	"display": {
		"fixed": {
			"rotation": [-90, 0, 0],
			"translation": [4, 0, -12],
			"scale": [1.5, 1.5, 1.5]
		}
	}
}