{
	"credit": "Made with Blockbench",
	"textures": {
		"0": "block/flashlight",
		"1": "block/white_flash",
		"particle": "block/flashlight"
	},
	"elements": [
		{
			"from": [7, 0, 7],
			"to": [9, 10, 9],
			"faces": {
				"north": {"uv": [3, 0, 4, 5], "texture": "#0"},
				"east": {"uv": [4, 0, 5, 5], "texture": "#0"},
				"south": {"uv": [5, 0, 6, 5], "texture": "#0"},
				"west": {"uv": [3, 5, 4, 10], "texture": "#0"},
				"up": {"uv": [7, 9, 6, 8], "texture": "#0"},
				"down": {"uv": [8, 8, 7, 9], "texture": "#0"}
			}
		},
		{
			"from": [5, 10, 5],
			"to": [11, 13, 11],
			"faces": {
				"north": {"uv": [4, 5, 7, 6.5], "texture": "#0"},
				"east": {"uv": [0, 6, 3, 7.5], "texture": "#0"},
				"south": {"uv": [6, 0, 9, 1.5], "texture": "#0"},
				"west": {"uv": [6, 1.5, 9, 3], "texture": "#0"},
				"up": {"uv": [3, 3, 0, 0], "texture": "#0"},
				"down": {"uv": [3, 3, 0, 6], "texture": "#0"}
			}
		},
		{
			"from": [5, 13, 10],
			"to": [11, 14, 11],
			"faces": {
				"north": {"uv": [6, 6.5, 9, 7], "texture": "#0"},
				"east": {"uv": [0.5, 9, 1, 9.5], "texture": "#0"},
				"south": {"uv": [7, 5, 10, 5.5], "texture": "#0"},
				"west": {"uv": [1, 9, 1.5, 9.5], "texture": "#0"},
				"up": {"uv": [10, 6, 7, 5.5], "texture": "#0"},
				"down": {"uv": [9, 7, 6, 7.5], "texture": "#0"}
			}
		},
		{
			"from": [5, 13, 5],
			"to": [11, 14, 6],
			"faces": {
				"north": {"uv": [7, 6, 10, 6.5], "texture": "#0"},
				"east": {"uv": [1.5, 9, 2, 9.5], "texture": "#0"},
				"south": {"uv": [0, 7.5, 3, 8], "texture": "#0"},
				"west": {"uv": [9, 2, 9.5, 2.5], "texture": "#0"},
				"up": {"uv": [9, 8, 6, 7.5], "texture": "#0"},
				"down": {"uv": [3, 8, 0, 8.5], "texture": "#0"}
			}
		},
		{
			"from": [10, 13, 6],
			"to": [11, 14, 10],
			"faces": {
				"north": {"uv": [9, 2.5, 9.5, 3], "texture": "#0"},
				"east": {"uv": [8, 8, 10, 8.5], "texture": "#0"},
				"south": {"uv": [4, 9, 4.5, 9.5], "texture": "#0"},
				"west": {"uv": [0, 8.5, 2, 9], "texture": "#0"},
				"up": {"uv": [2.5, 10.5, 2, 8.5], "texture": "#0"},
				"down": {"uv": [3, 8.5, 2.5, 10.5], "texture": "#0"}
			}
		},
		{
			"from": [5, 13, 6],
			"to": [6, 14, 10],
			"faces": {
				"north": {"uv": [4.5, 9, 5, 9.5], "texture": "#0"},
				"east": {"uv": [4, 8.5, 6, 9], "texture": "#0"},
				"south": {"uv": [5, 9, 5.5, 9.5], "texture": "#0"},
				"west": {"uv": [8, 8.5, 10, 9], "texture": "#0"},
				"up": {"uv": [0.5, 11, 0, 9], "texture": "#0"},
				"down": {"uv": [9.5, 0, 9, 2], "texture": "#0"}
			}
		},
		{
			"from": [6, 13, 6],
			"to": [10, 14, 10],
			"faces": {
				"north": {"uv": [4, 0, 8, 1], "texture": "#1"},
				"east": {"uv": [4, 1, 8, 2], "texture": "#1"},
				"south": {"uv": [4, 2, 8, 3], "texture": "#1"},
				"west": {"uv": [4, 3, 8, 4], "texture": "#1"},
				"up": {"uv": [4, 4, 0, 0], "texture": "#1"},
				"down": {"uv": [4, 4, 0, 8], "texture": "#1"}
			}
		}
	],
	"display": {
		"thirdperson_righthand": {
			"rotation": [0, 180, 0],
			"translation": [0, 2.5, 1.75],
			"scale": [0.5, 0.5, 0.5]
		},
		"thirdperson_lefthand": {
			"rotation": [0, 180, 0],
			"translation": [0, 2.5, 1.75],
			"scale": [0.5, 0.5, 0.5]
		},
		"firstperson_righthand": {
			"rotation": [-86, 180, 0]
		},
		"firstperson_lefthand": {
			"rotation": [-86, 180, 0]
		},
		"ground": {
			"rotation": [90, 0, 0]
		},
		"gui": {
			"rotation": [43, -141, -36],
			"translation": [-0.25, -0.5, 0]
		},
		"fixed": {
			"rotation": [90, 0, 0],
			"translation": [0, 0, -5]
		}
	}
}