{
	"credit": "Original by Iron Commander, Modded by Just Joey",
	"textures": {
		"0": "block/green",
		"1": "item/white",
		"2": "item/black",
		"3": "item/gray",
		"particle": "block/green"
	},
	"elements": [
		{
			"from": [7, 15, 1.5],
			"to": [9, 15.75, 10],
			"faces": {
				"north": {"uv": [7, 0.25, 9, 1], "texture": "#2"},
				"east": {"uv": [6, 0.25, 14.5, 1], "texture": "#2"},
				"south": {"uv": [7, 0.25, 9, 1], "texture": "#2"},
				"west": {"uv": [1.5, 0.25, 10, 1], "texture": "#2"},
				"up": {"uv": [7, 1.5, 9, 10], "texture": "#2"},
				"down": {"uv": [9, 10, 7, 1.5], "texture": "#2"}
			}
		},
		{
			"from": [6.5, 15, 9.5],
			"to": [7, 16, 11.5],
			"faces": {
				"north": {"uv": [9, 0, 9.5, 1], "texture": "#0"},
				"east": {"uv": [4.5, 0, 6.5, 1], "texture": "#0"},
				"south": {"uv": [6.5, 0, 7, 1], "texture": "#0"},
				"west": {"uv": [9.5, 0, 11.5, 1], "texture": "#0"},
				"up": {"uv": [6.5, 9.5, 7, 11.5], "texture": "#0"},
				"down": {"uv": [9.5, 11.5, 9, 9.5], "texture": "#0"}
			}
		},
		{
			"from": [9, 15, 9.5],
			"to": [9.5, 16, 11.5],
			"faces": {
				"north": {"uv": [6.5, 0, 7, 1], "texture": "#0"},
				"east": {"uv": [4.5, 0, 6.5, 1], "texture": "#0"},
				"south": {"uv": [9, 0, 9.5, 1], "texture": "#0"},
				"west": {"uv": [9.5, 0, 11.5, 1], "texture": "#0"},
				"up": {"uv": [9, 9.5, 9.5, 11.5], "texture": "#0"},
				"down": {"uv": [7, 11.5, 6.5, 9.5], "texture": "#0"}
			}
		},
		{
			"from": [6, 15, 11],
			"to": [6.5, 16, 13],
			"faces": {
				"north": {"uv": [9.5, 0, 10, 1], "texture": "#0"},
				"east": {"uv": [3, 0, 5, 1], "texture": "#0"},
				"south": {"uv": [6, 0, 6.5, 1], "texture": "#0"},
				"west": {"uv": [11, 0, 13, 1], "texture": "#0"},
				"up": {"uv": [6, 11, 6.5, 13], "texture": "#0"},
				"down": {"uv": [10, 13, 9.5, 11], "texture": "#0"}
			}
		},
		{
			"from": [9.5, 15, 11],
			"to": [10, 16, 13],
			"faces": {
				"north": {"uv": [6, 0, 6.5, 1], "texture": "#0"},
				"east": {"uv": [3, 0, 5, 1], "texture": "#0"},
				"south": {"uv": [9.5, 0, 10, 1], "texture": "#0"},
				"west": {"uv": [11, 0, 13, 1], "texture": "#0"},
				"up": {"uv": [9.5, 11, 10, 13], "texture": "#0"},
				"down": {"uv": [6.5, 13, 6, 11], "texture": "#0"}
			}
		},
		{
			"from": [10, 15, 12.5],
			"to": [10.5, 16, 14.5],
			"faces": {
				"north": {"uv": [5.5, 0, 6, 1], "texture": "#0"},
				"east": {"uv": [1.5, 0, 3.5, 1], "texture": "#0"},
				"south": {"uv": [10, 0, 10.5, 1], "texture": "#0"},
				"west": {"uv": [12.5, 0, 14.5, 1], "texture": "#0"},
				"up": {"uv": [10, 12.5, 10.5, 14.5], "texture": "#0"},
				"down": {"uv": [6, 14.5, 5.5, 12.5], "texture": "#0"}
			}
		},
		{
			"from": [10.5, 15, 14],
			"to": [11, 16, 16.5],
			"faces": {
				"north": {"uv": [5, 0, 5.5, 1], "texture": "#0"},
				"east": {"uv": [0, 0, 2, 1], "texture": "#0"},
				"south": {"uv": [10.5, 0, 11, 1], "texture": "#0"},
				"west": {"uv": [14, 0, 16, 1], "texture": "#0"},
				"up": {"uv": [10.5, 14, 11, 16], "texture": "#0"},
				"down": {"uv": [5.5, 16, 5, 14], "texture": "#0"}
			}
		},
		{
			"from": [5.5, 15, 12.5],
			"to": [6, 16, 14.5],
			"faces": {
				"north": {"uv": [10, 0, 10.5, 1], "texture": "#0"},
				"east": {"uv": [1.5, 0, 3.5, 1], "texture": "#0"},
				"south": {"uv": [5.5, 0, 6, 1], "texture": "#0"},
				"west": {"uv": [12.5, 0, 14.5, 1], "texture": "#0"},
				"up": {"uv": [5.5, 12.5, 6, 14.5], "texture": "#0"},
				"down": {"uv": [10.5, 14.5, 10, 12.5], "texture": "#0"}
			}
		},
		{
			"from": [5, 15, 14],
			"to": [5.5, 16, 16.5],
			"faces": {
				"north": {"uv": [10.5, 0, 11, 1], "texture": "#0"},
				"east": {"uv": [0, 0, 2, 1], "texture": "#0"},
				"south": {"uv": [5, 0, 5.5, 1], "texture": "#0"},
				"west": {"uv": [14, 0, 16, 1], "texture": "#0"},
				"up": {"uv": [5, 14, 5.5, 16], "texture": "#0"},
				"down": {"uv": [11, 16, 10.5, 14], "texture": "#0"}
			}
		},
		{
			"from": [11, 15, 15.5],
			"to": [11.5, 16, 17.5],
			"faces": {
				"north": {"uv": [4.5, 0, 5, 1], "texture": "#0"},
				"east": {"uv": [0, 0, 0.5, 1], "texture": "#0"},
				"south": {"uv": [11, 0, 11.5, 1], "texture": "#0"},
				"west": {"uv": [15.5, 0, 16, 1], "texture": "#0"},
				"up": {"uv": [11, 15.5, 11.5, 16], "texture": "#0"},
				"down": {"uv": [5, 16, 4.5, 15.5], "texture": "#0"}
			}
		},
		{
			"from": [4.5, 15, 15.5],
			"to": [5, 16, 17.5],
			"faces": {
				"north": {"uv": [11, 0, 11.5, 1], "texture": "#0"},
				"east": {"uv": [0, 0, 0.5, 1], "texture": "#0"},
				"south": {"uv": [4.5, 0, 5, 1], "texture": "#0"},
				"west": {"uv": [15.5, 0, 16, 1], "texture": "#0"},
				"up": {"uv": [4.5, 15.5, 5, 16], "texture": "#0"},
				"down": {"uv": [11.5, 16, 11, 15.5], "texture": "#0"}
			}
		},
		{
			"from": [7.25, 15.75, 1.5],
			"to": [7.5, 16, 10],
			"faces": {
				"north": {"uv": [8.5, 0, 8.75, 0.25], "texture": "#3"},
				"east": {"uv": [6, 0, 14.5, 0.25], "texture": "#3"},
				"south": {"uv": [7.25, 0, 7.5, 0.25], "texture": "#3"},
				"west": {"uv": [1.5, 0, 10, 0.25], "texture": "#3"},
				"up": {"uv": [7.25, 1.5, 7.5, 10], "texture": "#3"},
				"down": {"uv": [8.75, 10, 8.5, 1.5], "texture": "#3"}
			}
		},
		{
			"from": [7, 15, 10],
			"to": [9, 16, 10.5],
			"faces": {
				"north": {"uv": [7, 0, 9, 1], "texture": "#0"},
				"east": {"uv": [5.5, 0, 6, 1], "texture": "#0"},
				"south": {"uv": [7, 0, 9, 1], "texture": "#0"},
				"west": {"uv": [10, 0, 10.5, 1], "texture": "#0"},
				"up": {"uv": [7, 10, 9, 10.5], "texture": "#0"},
				"down": {"uv": [9, 10.5, 7, 10], "texture": "#0"}
			}
		},
		{
			"from": [7, 15, 10.5],
			"to": [9, 15.5, 13],
			"faces": {
				"north": {"uv": [7, 0.5, 9, 1], "texture": "#0"},
				"east": {"uv": [3, 0.5, 5.5, 1], "texture": "#0"},
				"south": {"uv": [7, 0.5, 9, 1], "texture": "#0"},
				"west": {"uv": [10.5, 0.5, 13, 1], "texture": "#0"},
				"up": {"uv": [7, 10.5, 9, 13], "texture": "#0"},
				"down": {"uv": [9, 13, 7, 10.5], "texture": "#0"}
			}
		},
		{
			"from": [7, 15.5, 10.5],
			"to": [9, 16, 13],
			"faces": {
				"north": {"uv": [7, 0, 9, 0.5], "texture": "#1"},
				"east": {"uv": [3, 0, 5.5, 0.5], "texture": "#1"},
				"south": {"uv": [7, 0, 9, 0.5], "texture": "#1"},
				"west": {"uv": [10.5, 0, 13, 0.5], "texture": "#1"},
				"up": {"uv": [7, 10.5, 9, 13], "texture": "#1"},
				"down": {"uv": [9, 13, 7, 10.5], "texture": "#1"}
			}
		},
		{
			"from": [7.5, 16, 11],
			"to": [8.5, 16.25, 11.25],
			"faces": {
				"north": {"uv": [7.5, 0, 8.5, 0], "texture": "#2"},
				"east": {"uv": [4.75, 0, 5, 0], "texture": "#2"},
				"south": {"uv": [7.5, 0, 8.5, 0], "texture": "#2"},
				"west": {"uv": [11, 0, 11.25, 0], "texture": "#2"},
				"up": {"uv": [7.5, 11, 8.5, 11.25], "texture": "#2"},
				"down": {"uv": [8.5, 11.25, 7.5, 11], "texture": "#2"}
			}
		},
		{
			"from": [6.5, 15, 11.5],
			"to": [7, 15.5, 13.5],
			"faces": {
				"north": {"uv": [9, 0.5, 9.5, 1], "texture": "#0"},
				"east": {"uv": [2.5, 0.5, 4.5, 1], "texture": "#0"},
				"south": {"uv": [6.5, 0.5, 7, 1], "texture": "#0"},
				"west": {"uv": [11.5, 0.5, 13.5, 1], "texture": "#0"},
				"up": {"uv": [6.5, 11.5, 7, 13.5], "texture": "#0"},
				"down": {"uv": [9.5, 13.5, 9, 11.5], "texture": "#0"}
			}
		},
		{
			"from": [6, 15, 13],
			"to": [6.5, 15.5, 15],
			"faces": {
				"north": {"uv": [9.5, 0.5, 10, 1], "texture": "#0"},
				"east": {"uv": [1, 0.5, 3, 1], "texture": "#0"},
				"south": {"uv": [6, 0.5, 6.5, 1], "texture": "#0"},
				"west": {"uv": [13, 0.5, 15, 1], "texture": "#0"},
				"up": {"uv": [6, 13, 6.5, 15], "texture": "#0"},
				"down": {"uv": [10, 15, 9.5, 13], "texture": "#0"}
			}
		},
		{
			"from": [5.5, 15, 14.5],
			"to": [6, 15.5, 15.5],
			"faces": {
				"north": {"uv": [10, 0.5, 10.5, 1], "texture": "#0"},
				"east": {"uv": [0.5, 0.5, 1.5, 1], "texture": "#0"},
				"south": {"uv": [5.5, 0.5, 6, 1], "texture": "#0"},
				"west": {"uv": [14.5, 0.5, 15.5, 1], "texture": "#0"},
				"up": {"uv": [5.5, 14.5, 6, 15.5], "texture": "#0"},
				"down": {"uv": [10.5, 15.5, 10, 14.5], "texture": "#0"}
			}
		},
		{
			"from": [10, 15, 14.5],
			"to": [10.5, 15.5, 15.5],
			"faces": {
				"north": {"uv": [5.5, 0.5, 6, 1], "texture": "#0"},
				"east": {"uv": [0.5, 0.5, 1.5, 1], "texture": "#0"},
				"south": {"uv": [10, 0.5, 10.5, 1], "texture": "#0"},
				"west": {"uv": [14.5, 0.5, 15.5, 1], "texture": "#0"},
				"up": {"uv": [10, 14.5, 10.5, 15.5], "texture": "#0"},
				"down": {"uv": [6, 15.5, 5.5, 14.5], "texture": "#0"}
			}
		},
		{
			"from": [9.5, 15, 13],
			"to": [10, 15.5, 15],
			"faces": {
				"north": {"uv": [6, 0.5, 6.5, 1], "texture": "#0"},
				"east": {"uv": [1, 0.5, 3, 1], "texture": "#0"},
				"south": {"uv": [9.5, 0.5, 10, 1], "texture": "#0"},
				"west": {"uv": [13, 0.5, 15, 1], "texture": "#0"},
				"up": {"uv": [9.5, 13, 10, 15], "texture": "#0"},
				"down": {"uv": [6.5, 15, 6, 13], "texture": "#0"}
			}
		},
		{
			"from": [9, 15, 11.5],
			"to": [9.5, 15.5, 13.5],
			"faces": {
				"north": {"uv": [6.5, 0.5, 7, 1], "texture": "#0"},
				"east": {"uv": [2.5, 0.5, 4.5, 1], "texture": "#0"},
				"south": {"uv": [9, 0.5, 9.5, 1], "texture": "#0"},
				"west": {"uv": [11.5, 0.5, 13.5, 1], "texture": "#0"},
				"up": {"uv": [9, 11.5, 9.5, 13.5], "texture": "#0"},
				"down": {"uv": [7, 13.5, 6.5, 11.5], "texture": "#0"}
			}
		},
		{
			"from": [10, 15, 15.5],
			"to": [10.5, 16, 16],
			"faces": {
				"north": {"uv": [5.5, 0, 6, 1], "texture": "#0"},
				"east": {"uv": [0, 0, 0.5, 1], "texture": "#0"},
				"south": {"uv": [10, 0, 10.5, 1], "texture": "#0"},
				"west": {"uv": [15.5, 0, 16, 1], "texture": "#0"},
				"up": {"uv": [10, 15.5, 10.5, 16], "texture": "#0"},
				"down": {"uv": [6, 16, 5.5, 15.5], "texture": "#0"}
			}
		},
		{
			"from": [9.5, 15, 15],
			"to": [10, 16, 15.5],
			"faces": {
				"north": {"uv": [6, 0, 6.5, 1], "texture": "#0"},
				"east": {"uv": [0.5, 0, 1, 1], "texture": "#0"},
				"south": {"uv": [9.5, 0, 10, 1], "texture": "#0"},
				"west": {"uv": [15, 0, 15.5, 1], "texture": "#0"},
				"up": {"uv": [9.5, 15, 10, 15.5], "texture": "#0"},
				"down": {"uv": [6.5, 15.5, 6, 15], "texture": "#0"}
			}
		},
		{
			"from": [9, 15, 13.5],
			"to": [9.5, 16, 15],
			"faces": {
				"north": {"uv": [6.5, 0, 7, 1], "texture": "#0"},
				"east": {"uv": [1, 0, 2.5, 1], "texture": "#0"},
				"south": {"uv": [9, 0, 9.5, 1], "texture": "#0"},
				"west": {"uv": [13.5, 0, 15, 1], "texture": "#0"},
				"up": {"uv": [9, 13.5, 9.5, 15], "texture": "#0"},
				"down": {"uv": [7, 15, 6.5, 13.5], "texture": "#0"}
			}
		},
		{
			"from": [8.5, 15, 13],
			"to": [9, 16, 14],
			"faces": {
				"north": {"uv": [7, 0, 7.5, 1], "texture": "#0"},
				"east": {"uv": [2, 0, 3, 1], "texture": "#0"},
				"south": {"uv": [8.5, 0, 9, 1], "texture": "#0"},
				"west": {"uv": [13, 0, 14, 1], "texture": "#0"},
				"up": {"uv": [8.5, 13, 9, 14], "texture": "#0"},
				"down": {"uv": [7.5, 14, 7, 13], "texture": "#0"}
			}
		},
		{
			"from": [7.5, 15, 13],
			"to": [8.5, 16, 13.5],
			"faces": {
				"north": {"uv": [7.5, 0, 8.5, 1], "texture": "#0"},
				"east": {"uv": [2.5, 0, 3, 1], "texture": "#0"},
				"south": {"uv": [7.5, 0, 8.5, 1], "texture": "#0"},
				"west": {"uv": [13, 0, 13.5, 1], "texture": "#0"},
				"up": {"uv": [7.5, 13, 8.5, 13.5], "texture": "#0"},
				"down": {"uv": [8.5, 13.5, 7.5, 13], "texture": "#0"}
			}
		},
		{
			"from": [7, 15, 13],
			"to": [7.5, 16, 14],
			"faces": {
				"north": {"uv": [8.5, 0, 9, 1], "texture": "#0"},
				"east": {"uv": [2, 0, 3, 1], "texture": "#0"},
				"south": {"uv": [7, 0, 7.5, 1], "texture": "#0"},
				"west": {"uv": [13, 0, 14, 1], "texture": "#0"},
				"up": {"uv": [7, 13, 7.5, 14], "texture": "#0"},
				"down": {"uv": [9, 14, 8.5, 13], "texture": "#0"}
			}
		},
		{
			"from": [6.5, 15, 13.5],
			"to": [7, 16, 15],
			"faces": {
				"north": {"uv": [9, 0, 9.5, 1], "texture": "#0"},
				"east": {"uv": [1, 0, 2.5, 1], "texture": "#0"},
				"south": {"uv": [6.5, 0, 7, 1], "texture": "#0"},
				"west": {"uv": [13.5, 0, 15, 1], "texture": "#0"},
				"up": {"uv": [6.5, 13.5, 7, 15], "texture": "#0"},
				"down": {"uv": [9.5, 15, 9, 13.5], "texture": "#0"}
			}
		},
		{
			"from": [6, 15, 15],
			"to": [6.5, 16, 15.5],
			"faces": {
				"north": {"uv": [9.5, 0, 10, 1], "texture": "#0"},
				"east": {"uv": [0.5, 0, 1, 1], "texture": "#0"},
				"south": {"uv": [6, 0, 6.5, 1], "texture": "#0"},
				"west": {"uv": [15, 0, 15.5, 1], "texture": "#0"},
				"up": {"uv": [6, 15, 6.5, 15.5], "texture": "#0"},
				"down": {"uv": [10, 15.5, 9.5, 15], "texture": "#0"}
			}
		},
		{
			"from": [5.5, 15, 15.5],
			"to": [6, 16, 16],
			"faces": {
				"north": {"uv": [10, 0, 10.5, 1], "texture": "#0"},
				"east": {"uv": [0, 0, 0.5, 1], "texture": "#0"},
				"south": {"uv": [5.5, 0, 6, 1], "texture": "#0"},
				"west": {"uv": [15.5, 0, 16, 1], "texture": "#0"},
				"up": {"uv": [5.5, 15.5, 6, 16], "texture": "#0"},
				"down": {"uv": [10.5, 16, 10, 15.5], "texture": "#0"}
			}
		},
		{
			"from": [6.5, 15.5, 11.5],
			"to": [7, 16, 13.5],
			"faces": {
				"north": {"uv": [9, 0, 9.5, 0.5], "texture": "#1"},
				"east": {"uv": [2.5, 0, 4.5, 0.5], "texture": "#1"},
				"south": {"uv": [6.5, 0, 7, 0.5], "texture": "#1"},
				"west": {"uv": [11.5, 0, 13.5, 0.5], "texture": "#1"},
				"up": {"uv": [6.5, 11.5, 7, 13.5], "texture": "#1"},
				"down": {"uv": [9.5, 13.5, 9, 11.5], "texture": "#1"}
			}
		},
		{
			"from": [6, 15.5, 13],
			"to": [6.5, 16, 15],
			"faces": {
				"north": {"uv": [9.5, 0, 10, 0.5], "texture": "#1"},
				"east": {"uv": [1, 0, 3, 0.5], "texture": "#1"},
				"south": {"uv": [6, 0, 6.5, 0.5], "texture": "#1"},
				"west": {"uv": [13, 0, 15, 0.5], "texture": "#1"},
				"up": {"uv": [6, 13, 6.5, 15], "texture": "#1"},
				"down": {"uv": [10, 15, 9.5, 13], "texture": "#1"}
			}
		},
		{
			"from": [9, 15.5, 11.5],
			"to": [9.5, 16, 13.5],
			"faces": {
				"north": {"uv": [6.5, 0, 7, 0.5], "texture": "#1"},
				"east": {"uv": [2.5, 0, 4.5, 0.5], "texture": "#1"},
				"south": {"uv": [9, 0, 9.5, 0.5], "texture": "#1"},
				"west": {"uv": [11.5, 0, 13.5, 0.5], "texture": "#1"},
				"up": {"uv": [9, 11.5, 9.5, 13.5], "texture": "#1"},
				"down": {"uv": [7, 13.5, 6.5, 11.5], "texture": "#1"}
			}
		},
		{
			"from": [9.5, 15.5, 13],
			"to": [10, 16, 15],
			"faces": {
				"north": {"uv": [6, 0, 6.5, 0.5], "texture": "#1"},
				"east": {"uv": [1, 0, 3, 0.5], "texture": "#1"},
				"south": {"uv": [9.5, 0, 10, 0.5], "texture": "#1"},
				"west": {"uv": [13, 0, 15, 0.5], "texture": "#1"},
				"up": {"uv": [9.5, 13, 10, 15], "texture": "#1"},
				"down": {"uv": [6.5, 15, 6, 13], "texture": "#1"}
			}
		},
		{
			"from": [10, 15.5, 14.5],
			"to": [10.5, 16, 15.5],
			"faces": {
				"north": {"uv": [5.5, 0, 6, 0.5], "texture": "#1"},
				"east": {"uv": [0.5, 0, 1.5, 0.5], "texture": "#1"},
				"south": {"uv": [10, 0, 10.5, 0.5], "texture": "#1"},
				"west": {"uv": [14.5, 0, 15.5, 0.5], "texture": "#1"},
				"up": {"uv": [10, 14.5, 10.5, 15.5], "texture": "#1"},
				"down": {"uv": [6, 15.5, 5.5, 14.5], "texture": "#1"}
			}
		},
		{
			"from": [5.5, 15.5, 14.5],
			"to": [6, 16, 15.5],
			"faces": {
				"north": {"uv": [10, 0, 10.5, 0.5], "texture": "#1"},
				"east": {"uv": [0.5, 0, 1.5, 0.5], "texture": "#1"},
				"south": {"uv": [5.5, 0, 6, 0.5], "texture": "#1"},
				"west": {"uv": [14.5, 0, 15.5, 0.5], "texture": "#1"},
				"up": {"uv": [5.5, 14.5, 6, 15.5], "texture": "#1"},
				"down": {"uv": [10.5, 15.5, 10, 14.5], "texture": "#1"}
			}
		},
		{
			"from": [7.5, 16, 12],
			"to": [8.5, 16.25, 12.25],
			"faces": {
				"north": {"uv": [7.5, 0, 8.5, 0], "texture": "#2"},
				"east": {"uv": [3.75, 0, 4, 0], "texture": "#2"},
				"south": {"uv": [7.5, 0, 8.5, 0], "texture": "#2"},
				"west": {"uv": [12, 0, 12.25, 0], "texture": "#2"},
				"up": {"uv": [7.5, 12, 8.5, 12.25], "texture": "#2"},
				"down": {"uv": [8.5, 12.25, 7.5, 12], "texture": "#2"}
			}
		},
		{
			"from": [6.5, 14.75, 1],
			"to": [9.5, 16.25, 1.5],
			"faces": {
				"north": {"uv": [6.5, 0, 9.5, 1.25], "texture": "#2"},
				"east": {"uv": [14.5, 0, 15, 1.25], "texture": "#2"},
				"south": {"uv": [6.5, 0, 9.5, 1.25], "texture": "#2"},
				"west": {"uv": [1, 0, 1.5, 1.25], "texture": "#2"},
				"up": {"uv": [6.5, 1, 9.5, 1.5], "texture": "#2"},
				"down": {"uv": [9.5, 1.5, 6.5, 1], "texture": "#2"}
			}
		},
		{
			"from": [7, 14.75, 0],
			"to": [9, 16.25, 1],
			"faces": {
				"north": {"uv": [7, 0, 9, 1.25], "texture": "#2"},
				"east": {"uv": [15, 0, 16, 1.25], "texture": "#2"},
				"south": {"uv": [7, 0, 9, 1.25], "texture": "#2"},
				"west": {"uv": [0, 0, 1, 1.25], "texture": "#2"},
				"up": {"uv": [7, 0, 9, 1], "texture": "#2"},
				"down": {"uv": [9, 1, 7, 0], "texture": "#2"}
			}
		},
		{
			"from": [7.75, 15.75, 1.5],
			"to": [8, 16, 10],
			"faces": {
				"north": {"uv": [8, 0, 8.25, 0.25], "texture": "#3"},
				"east": {"uv": [6, 0, 14.5, 0.25], "texture": "#3"},
				"south": {"uv": [7.75, 0, 8, 0.25], "texture": "#3"},
				"west": {"uv": [1.5, 0, 10, 0.25], "texture": "#3"},
				"up": {"uv": [7.75, 1.5, 8, 10], "texture": "#3"},
				"down": {"uv": [8.25, 10, 8, 1.5], "texture": "#3"}
			}
		},
		{
			"from": [8.25, 15.75, 1.5],
			"to": [8.5, 16, 10],
			"faces": {
				"north": {"uv": [7.5, 0, 7.75, 0.25], "texture": "#3"},
				"east": {"uv": [6, 0, 14.5, 0.25], "texture": "#3"},
				"south": {"uv": [8.25, 0, 8.5, 0.25], "texture": "#3"},
				"west": {"uv": [1.5, 0, 10, 0.25], "texture": "#3"},
				"up": {"uv": [8.25, 1.5, 8.5, 10], "texture": "#3"},
				"down": {"uv": [7.75, 10, 7.5, 1.5], "texture": "#3"}
			}
		}
	],
	"display": {
		"thirdperson_righthand": {
			"rotation": [0, 90, 0],
			"translation": [-4.5, -6, 2.25]
		},
		"thirdperson_lefthand": {
			"rotation": [0, 90, 0],
			"translation": [-4.5, -7.5, 2.25]
		},
		"firstperson_righthand": {
			"rotation": [62, 0, 0],
			"translation": [0, 1, -5.25]
		},
		"firstperson_lefthand": {
			"rotation": [62, 0, 0],
			"translation": [0, 1, -5.25]
		},
		"ground": {
			"translation": [0, -18.5, 0],
			"scale": [2, 2, 2]
		},
		"gui": {
			"rotation": [90, 0, 0],
			"scale": [0.8, 0.8, 0.8]
		},
		"fixed": {
			"rotation": [180, 90, 90],
			"translation": [0, 0.2, 25.75],
			"scale": [4, 4, 4]
		}
	}
}