{
	"credit": "Made with Blockbench",
	"textures": {
		"0": "block/monitor",
		"1": "block/monitor_screen_3",
		"particle": "block/monitor"
	},
	"elements": [
		{
			"from": [10, 0, 7],
			"to": [14, 1, 11],
			"rotation": {"angle": 0, "axis": "y", "origin": [11, 0, 8]},
			"faces": {
				"north": {"uv": [7, 5.25, 8, 5.5], "texture": "#0"},
				"east": {"uv": [7, 5.5, 8, 5.75], "texture": "#0"},
				"south": {"uv": [7, 5.75, 8, 6], "texture": "#0"},
				"west": {"uv": [7, 6, 8, 6.25], "texture": "#0"},
				"up": {"uv": [7, 3.5, 6, 2.5], "texture": "#0"},
				"down": {"uv": [7, 3.5, 6, 4.5], "texture": "#0"}
			}
		},
		{
			"from": [10, 1, 8.4],
			"to": [14, 2, 9.8],
			"rotation": {"angle": 0, "axis": "y", "origin": [11, 1, 8]},
			"faces": {
				"north": {"uv": [7.5, 4, 8.5, 4.25], "texture": "#0"},
				"east": {"uv": [4, 7.75, 4.25, 8], "texture": "#0"},
				"south": {"uv": [7.5, 4.25, 8.5, 4.5], "texture": "#0"},
				"west": {"uv": [4.25, 7.75, 4.5, 8], "texture": "#0"},
				"up": {"uv": [8.5, 4.75, 7.5, 4.5], "texture": "#0"},
				"down": {"uv": [8.5, 4.75, 7.5, 5], "texture": "#0"}
			}
		},
		{
			"from": [10, 0.9, 7.4],
			"to": [14, 1.9, 10.1],
			"rotation": {"angle": -45, "axis": "x", "origin": [11, 0.9, 8.4]},
			"faces": {
				"north": {"uv": [7, 7.25, 8, 7.5], "texture": "#0"},
				"east": {"uv": [7.5, 5, 8.25, 5.25], "texture": "#0"},
				"south": {"uv": [7.5, 3.25, 8.5, 3.5], "texture": "#0"},
				"west": {"uv": [7.5, 6.75, 8.25, 7], "texture": "#0"},
				"up": {"uv": [1.5, 7.75, 0.5, 7], "texture": "#0"},
				"down": {"uv": [2.5, 7, 1.5, 7.75], "texture": "#0"}
			}
		},
		{
			"from": [10, 1.4, 8],
			"to": [14, 2.4, 10.7],
			"rotation": {"angle": 45, "axis": "x", "origin": [11, 1.4, 9.2]},
			"faces": {
				"north": {"uv": [7.5, 3.5, 8.5, 3.75], "texture": "#0"},
				"east": {"uv": [7, 7.5, 7.75, 7.75], "texture": "#0"},
				"south": {"uv": [7.5, 3.75, 8.5, 4], "texture": "#0"},
				"west": {"uv": [7.5, 7, 8.25, 7.25], "texture": "#0"},
				"up": {"uv": [3.5, 7.75, 2.5, 7], "texture": "#0"},
				"down": {"uv": [8, 2.5, 7, 3.25], "texture": "#0"}
			}
		},
		{
			"from": [11, 1, 8],
			"to": [13, 11.225, 10],
			"rotation": {"angle": 0, "axis": "y", "origin": [11, 1, 8]},
			"faces": {
				"north": {"uv": [5, 0, 5.5, 3.25], "texture": "#0"},
				"east": {"uv": [5, 3.25, 5.5, 6.5], "texture": "#0"},
				"south": {"uv": [5.5, 0, 6, 3.25], "texture": "#0"},
				"west": {"uv": [5.5, 3.25, 6, 6.5], "texture": "#0"},
				"up": {"uv": [5, 7.5, 4.5, 7], "texture": "#0"},
				"down": {"uv": [7.5, 4.75, 7, 5.25], "texture": "#0"}
			}
		},
		{
			"from": [11, 9.8, 9.25],
			"to": [13, 12.675, 10.75],
			"rotation": {"angle": -45, "axis": "x", "origin": [11, 9.625, 8.75]},
			"faces": {
				"north": {"uv": [7, 3.25, 7.5, 4], "texture": "#0"},
				"east": {"uv": [3.5, 7, 4, 7.75], "texture": "#0"},
				"south": {"uv": [4, 7, 4.5, 7.75], "texture": "#0"},
				"west": {"uv": [7, 4, 7.5, 4.75], "texture": "#0"},
				"up": {"uv": [5, 8, 4.5, 7.5], "texture": "#0"},
				"down": {"uv": [8, 6.25, 7.5, 6.75], "texture": "#0"}
			}
		},
		{
			"from": [11, 10.9, 7],
			"to": [13, 13.2, 8],
			"rotation": {"angle": 0, "axis": "y", "origin": [11, -2.1, 6]},
			"faces": {
				"north": {"uv": [7, 6.25, 7.5, 6.75], "texture": "#0"},
				"east": {"uv": [0.5, 7.75, 0.75, 8.25], "texture": "#0"},
				"south": {"uv": [7, 6.75, 7.5, 7.25], "texture": "#0"},
				"west": {"uv": [0.75, 7.75, 1, 8.25], "texture": "#0"},
				"up": {"uv": [1.5, 8, 1, 7.75], "texture": "#0"},
				"down": {"uv": [2, 7.75, 1.5, 8], "texture": "#0"}
			}
		},
		{
			"from": [2, 4.9, 6.5],
			"to": [22, 18.9, 7],
			"rotation": {"angle": 0, "axis": "y", "origin": [11, -2.1, 5]},
			"faces": {
				"north": {"uv": [0, 0, 5, 3.5], "texture": "#0"},
				"east": {"uv": [6, 4.5, 6.25, 8], "texture": "#0"},
				"south": {"uv": [0, 3.5, 5, 7], "texture": "#0"},
				"west": {"uv": [6.25, 4.5, 6.5, 8], "texture": "#0"},
				"up": {"uv": [11, 0.25, 6, 0], "texture": "#0"},
				"down": {"uv": [11, 0.25, 6, 0.5], "texture": "#0"}
			}
		},
		{
			"from": [21.5, 5.4, 6],
			"to": [22, 18.4, 6.5],
			"rotation": {"angle": 0, "axis": "y", "origin": [11, -2.1, 4.5]},
			"faces": {
				"north": {"uv": [6.5, 4.5, 6.75, 7.75], "texture": "#0"},
				"east": {"uv": [5, 6.5, 5.25, 9.75], "texture": "#0"},
				"south": {"uv": [5.25, 6.5, 5.5, 9.75], "texture": "#0"},
				"west": {"uv": [5.5, 6.5, 5.75, 9.75], "texture": "#0"},
				"up": {"uv": [3.25, 8, 3, 7.75], "texture": "#0"},
				"down": {"uv": [3.5, 7.75, 3.25, 8], "texture": "#0"}
			}
		},
		{
			"from": [2, 5.4, 6],
			"to": [2.5, 18.4, 6.5],
			"rotation": {"angle": 0, "axis": "y", "origin": [-8.5, -2.1, 4.5]},
			"faces": {
				"north": {"uv": [5.75, 6.5, 6, 9.75], "texture": "#0"},
				"east": {"uv": [6.75, 4.5, 7, 7.75], "texture": "#0"},
				"south": {"uv": [0, 7, 0.25, 10.25], "texture": "#0"},
				"west": {"uv": [0.25, 7, 0.5, 10.25], "texture": "#0"},
				"up": {"uv": [3.75, 8, 3.5, 7.75], "texture": "#0"},
				"down": {"uv": [4, 7.75, 3.75, 8], "texture": "#0"}
			}
		},
		{
			"from": [2.5, 5.4, 6],
			"to": [21.5, 18.4, 6.5],
			"rotation": {"angle": 0, "axis": "y", "origin": [11, -2.1, 4.5]},
			"faces": {
				"north": {"uv": [0, 0, 16, 16], "texture": "#1"},
				"east": {"uv": [0, 0, 0.125, 3.25], "texture": "#1"},
				"south": {"uv": [0, 0, 4, 3.25], "texture": "#1"},
				"west": {"uv": [0, 0, 0.125, 3.25], "texture": "#1"},
				"up": {"uv": [0, 0, 4, 0.125], "texture": "#1"},
				"down": {"uv": [0, 0, 4, 0.125], "texture": "#1"}
			}
		},
		{
			"from": [2, 18.4, 6],
			"to": [22, 18.9, 6.5],
			"rotation": {"angle": 0, "axis": "y", "origin": [11, -1.1, 4.5]},
			"faces": {
				"north": {"uv": [6, 0.5, 11, 0.75], "texture": "#0"},
				"east": {"uv": [2, 7.75, 2.25, 8], "texture": "#0"},
				"south": {"uv": [6, 0.75, 11, 1], "texture": "#0"},
				"west": {"uv": [2.25, 7.75, 2.5, 8], "texture": "#0"},
				"up": {"uv": [11, 1.25, 6, 1], "texture": "#0"},
				"down": {"uv": [11, 1.25, 6, 1.5], "texture": "#0"}
			}
		},
		{
			"from": [2, 4.9, 6],
			"to": [22, 5.4, 6.5],
			"rotation": {"angle": 0, "axis": "y", "origin": [11, -14.6, 4.5]},
			"faces": {
				"north": {"uv": [6, 1.5, 11, 1.75], "texture": "#0"},
				"east": {"uv": [2.5, 7.75, 2.75, 8], "texture": "#0"},
				"south": {"uv": [6, 1.75, 11, 2], "texture": "#0"},
				"west": {"uv": [2.75, 7.75, 3, 8], "texture": "#0"},
				"up": {"uv": [11, 2.25, 6, 2], "texture": "#0"},
				"down": {"uv": [11, 2.25, 6, 2.5], "texture": "#0"}
			}
		}
	],
	"display": {
		"gui": {
			"rotation": [0, 164, 13],
			"translation": [0, -1.5, 0],
			"scale": [0.5, 0.5, 1]
		},
		"head": {
			"translation": [0, 14.5, 0]
		},
		"fixed": {
			"rotation": [-90, 0, 0],
			"translation": [0, 0, -15.75],
			"scale": [2, 2, 2]
		}
	}
}