{
	"credit": "Made with Blockbench",
	"parent": "minecraft:item/handheld",
	"textures": {
		"layer0": "item/wooden_hoe"
	},
	"display": {
		"thirdperson_righthand": {
			"scale": [0, 0, 0]
		},
		"thirdperson_lefthand": {
			"scale": [0, 0, 0]
		},
		"firstperson_righthand": {
			"translation": [-8.5, 8.5, 0],
			"scale": [2.23, 1.4, 1]
		},
		"firstperson_lefthand": {
			"translation": [-8.5, 8.5, 0],
			"scale": [2.23, 1.4, 1]
		},
		"ground": {
			"translation": [0, 4, 0],
			"scale": [0.5, 1, 1]
		},
		"gui": {
			"scale": [0, 0, 0]
		},
		"head": {
			"translation": [0, 0, -6.25],
			"scale": [0.8, 0.8, 0.8]
		}
	}
}