{
	"credit": "Made with Blockbench",
	"textures": {
		"0": "block/camera",
		"1": "block/gray",
		"particle": "block/camera"
	},
	"elements": [
		{
			"from": [0, 0, 2],
			"to": [16, 1, 14],
			"faces": {
				"north": {"uv": [0, 0, 16, 1], "texture": "#1"},
				"east": {"uv": [0, 0, 12, 1], "texture": "#1"},
				"south": {"uv": [0, 0, 16, 1], "texture": "#1"},
				"west": {"uv": [0, 0, 12, 1], "texture": "#1"},
				"up": {"uv": [0, 0, 16, 12], "texture": "#1"},
				"down": {"uv": [0, 0, 16, 12], "texture": "#1"}
			}
		},
		{
			"from": [1, 1, 3],
			"to": [15, 2, 13],
			"faces": {
				"north": {"uv": [0, 0, 14, 1], "texture": "#0"},
				"east": {"uv": [0, 0, 10, 1], "texture": "#0"},
				"south": {"uv": [0, 0, 14, 1], "texture": "#0"},
				"west": {"uv": [0, 0, 10, 1], "texture": "#0"},
				"up": {"uv": [0, 0, 16, 15.90222], "texture": "#0"},
				"down": {"uv": [0, 0, 14, 10], "texture": "#0"}
			}
		},
		{
			"from": [15, 1, 2],
			"to": [16, 2, 14],
			"faces": {
				"north": {"uv": [0, 0, 1, 1], "texture": "#1"},
				"east": {"uv": [0, 0, 11, 1], "texture": "#1"},
				"south": {"uv": [0, 0, 1, 1], "texture": "#1"},
				"west": {"uv": [0, 0, 11, 1], "texture": "#1"},
				"up": {"uv": [0, 0, 1, 11], "texture": "#1"},
				"down": {"uv": [0, 0, 1, 11], "texture": "#1"}
			}
		},
		{
			"from": [0, 1, 2],
			"to": [1, 2, 14],
			"faces": {
				"north": {"uv": [0, 0, 1, 1], "texture": "#1"},
				"east": {"uv": [0, 0, 12, 1], "texture": "#1"},
				"south": {"uv": [0, 0, 1, 1], "texture": "#1"},
				"west": {"uv": [0, 0, 12, 1], "texture": "#1"},
				"up": {"uv": [0, 0, 1, 12], "texture": "#1"},
				"down": {"uv": [0, 0, 1, 12], "texture": "#1"}
			}
		},
		{
			"from": [1, 1, 13],
			"to": [15, 2, 14],
			"faces": {
				"north": {"uv": [0, 0, 14, 1], "texture": "#1"},
				"east": {"uv": [0, 0, 1, 1], "texture": "#1"},
				"south": {"uv": [0, 0, 14, 1], "texture": "#1"},
				"west": {"uv": [0, 0, 1, 1], "texture": "#1"},
				"up": {"uv": [0, 0, 14, 1], "texture": "#1"},
				"down": {"uv": [0, 0, 14, 1], "texture": "#1"}
			}
		},
		{
			"from": [1, 1, 2],
			"to": [15, 2, 3],
			"faces": {
				"north": {"uv": [0, 0, 14, 1], "texture": "#1"},
				"east": {"uv": [0, 0, 1, 1], "texture": "#1"},
				"south": {"uv": [0, 0, 14, 1], "texture": "#1"},
				"west": {"uv": [0, 0, 1, 1], "texture": "#1"},
				"up": {"uv": [0, 0, 14, 1], "texture": "#1"},
				"down": {"uv": [0, 0, 14, 1], "texture": "#1"}
			}
		}
	],
	"display": {
		"thirdperson_righthand": {
			"rotation": [90, 0, 0],
			"translation": [-6, 6, 7.5]
		},
		"thirdperson_lefthand": {
			"rotation": [90, 0, 0],
			"translation": [-6, 5.75, 8.25],
			"scale": [0, 0, 0]
		},
		"firstperson_righthand": {
			"rotation": [90, 0, 0],
			"translation": [-8.25, 8, 0],
			"scale": [3, 3, 3]
		},
		"firstperson_lefthand": {
			"rotation": [90, 0, 0],
			"translation": [6.25, -80, 0],
			"scale": [3, 3, 3]
		},
		"ground": {
			"translation": [0, 4.75, 0]
		},
		"gui": {
			"rotation": [91, 0, 0]
		},
		"head": {
			"translation": [0, 14.25, 0]
		},
		"fixed": {
			"rotation": [-90, 0, 0],
			"translation": [0, 0, -13.75],
			"scale": [2, 2, 2]
		}
	}
}