{
	"credit": "Made with Blockbench",
	"texture_size": [128, 128],
	"textures": {
		"0": "block/office_door",
		"particle": "block/office_door"
	},
	"elements": [
		{
			"from": [6, -16, 0],
			"to": [9, 32, 32],
			"rotation": {"angle": 0, "axis": "y", "origin": [6, -16, 32]},
			"faces": {
				"north": {"uv": [0, 6, 0.375, 12], "texture": "#0"},
				"east": {"uv": [4, 0, 8, 6], "texture": "#0"},
				"south": {"uv": [0.375, 6, 0.75, 12], "texture": "#0"},
				"west": {"uv": [0, 0, 4, 6], "texture": "#0"},
				"up": {"uv": [4.75, 6.375, 0.75, 6], "rotation": 270, "texture": "#0"},
				"down": {"uv": [8.75, 6, 4.75, 6.375], "rotation": 90, "texture": "#0"}
			}
		}
	]
}