{
	"credit": "Made with Blockbench",
	"texture_size": [64, 64],
	"textures": {
		"0": "block/parrot_eye",
		"1": "block/parrot",
		"2": "block/black",
		"particle": "block/parrot_eye"
	},
	"elements": [
		{
			"name": "fat ass head",
			"from": [0, 0, 0],
			"to": [16, 16, 16],
			"faces": {
				"north": {"uv": [0, 0, 4, 4], "texture": "#1"},
				"east": {"uv": [0, 4, 4, 8], "texture": "#1"},
				"south": {"uv": [4, 0, 8, 4], "texture": "#1"},
				"west": {"uv": [4, 4, 8, 8], "texture": "#1"},
				"up": {"uv": [4, 12, 0, 8], "texture": "#1"},
				"down": {"uv": [12, 0, 8, 4], "texture": "#1"}
			}
		},
		{
			"from": [-0.5, 8, 3],
			"to": [0, 10.5, 5.5],
			"rotation": {"angle": 0, "axis": "y", "origin": [0, 8, 3]},
			"faces": {
				"north": {"uv": [0, 0, 0.5, 2.5], "texture": "#0"},
				"east": {"uv": [0, 0, 2.5, 2.5], "texture": "#0"},
				"south": {"uv": [0, 0, 0.5, 2.5], "texture": "#0"},
				"west": {"uv": [0, 0, 16, 16], "texture": "#0"},
				"up": {"uv": [0, 0, 0.5, 2.5], "texture": "#0"},
				"down": {"uv": [0, 0, 0.5, 2.5], "texture": "#0"}
			}
		},
		{
			"from": [-0.5, 8, 10.5],
			"to": [0, 10.5, 13],
			"rotation": {"angle": 0, "axis": "y", "origin": [0, 8, 10]},
			"faces": {
				"north": {"uv": [0, 0, 0.5, 2.5], "texture": "#0"},
				"east": {"uv": [0, 0, 2.5, 2.5], "texture": "#0"},
				"south": {"uv": [0, 0, 0.5, 2.5], "texture": "#0"},
				"west": {"uv": [0, 0, 16, 16], "texture": "#0"},
				"up": {"uv": [0, 0, 0.5, 2.5], "texture": "#0"},
				"down": {"uv": [0, 0, 0.5, 2.5], "texture": "#0"}
			}
		},
		{
			"from": [-4, 6, 7],
			"to": [0, 7, 9],
			"rotation": {"angle": 0, "axis": "y", "origin": [-2, 5, 6]},
			"faces": {
				"north": {"uv": [7.5, 8, 8.5, 8.25], "texture": "#1"},
				"east": {"uv": [8.5, 8, 9, 8.25], "texture": "#1"},
				"south": {"uv": [8, 7.5, 9, 7.75], "texture": "#1"},
				"west": {"uv": [8.5, 8.25, 9, 8.5], "texture": "#1"},
				"up": {"uv": [9, 6.5, 8, 6], "texture": "#1"},
				"down": {"uv": [7.5, 8, 6.5, 8.5], "texture": "#1"}
			}
		},
		{
			"from": [-5, 5, 6],
			"to": [0, 6, 10],
			"rotation": {"angle": 0, "axis": "y", "origin": [-2, 4, 6]},
			"faces": {
				"north": {"uv": [8, 6.5, 9.25, 6.75], "texture": "#1"},
				"east": {"uv": [8, 7.75, 9, 8], "texture": "#1"},
				"south": {"uv": [8, 6.75, 9.25, 7], "texture": "#1"},
				"west": {"uv": [7.5, 8.25, 8.5, 8.5], "texture": "#1"},
				"up": {"uv": [5.25, 9, 4, 8], "texture": "#1"},
				"down": {"uv": [9.25, 4, 8, 5], "texture": "#1"}
			}
		},
		{
			"from": [-5, 2, 6],
			"to": [0, 3, 10],
			"rotation": {"angle": 0, "axis": "y", "origin": [-2, 1, 6]},
			"faces": {
				"north": {"uv": [8, 7, 9.25, 7.25], "texture": "#1"},
				"east": {"uv": [6.5, 8.5, 7.5, 8.75], "texture": "#1"},
				"south": {"uv": [8, 7.25, 9.25, 7.5], "texture": "#1"},
				"west": {"uv": [7.5, 8.5, 8.5, 8.75], "texture": "#1"},
				"up": {"uv": [9.25, 6, 8, 5], "texture": "#1"},
				"down": {"uv": [6.5, 8, 5.25, 9], "texture": "#1"}
			}
		},
		{
			"from": [-1, 3, 6.5],
			"to": [-0.5, 3.8, 7],
			"rotation": {"angle": 0, "axis": "y", "origin": [-1, 3, 7]},
			"faces": {
				"north": {"uv": [8.5, 8.5, 8.75, 8.75], "texture": "#1"},
				"east": {"uv": [6.5, 8.75, 6.75, 9], "texture": "#1"},
				"south": {"uv": [6.75, 8.75, 7, 9], "texture": "#1"},
				"west": {"uv": [7, 8.75, 7.25, 9], "texture": "#1"},
				"up": {"uv": [7.5, 9, 7.25, 8.75], "texture": "#1"},
				"down": {"uv": [7.75, 8.75, 7.5, 9], "texture": "#1"}
			}
		},
		{
			"from": [-2, 3, 6.5],
			"to": [-1.5, 3.8, 7],
			"rotation": {"angle": 0, "axis": "y", "origin": [-2, 3, 7]},
			"faces": {
				"north": {"uv": [7.75, 8.75, 8, 9], "texture": "#1"},
				"east": {"uv": [8, 8.75, 8.25, 9], "texture": "#1"},
				"south": {"uv": [8.25, 8.75, 8.5, 9], "texture": "#1"},
				"west": {"uv": [8.5, 8.75, 8.75, 9], "texture": "#1"},
				"up": {"uv": [9, 8.75, 8.75, 8.5], "texture": "#1"},
				"down": {"uv": [9, 8.75, 8.75, 9], "texture": "#1"}
			}
		},
		{
			"from": [-3, 3, 6.5],
			"to": [-2.5, 3.8, 7],
			"rotation": {"angle": 0, "axis": "y", "origin": [-3, 3, 7]},
			"faces": {
				"north": {"uv": [4, 9, 4.25, 9.25], "texture": "#1"},
				"east": {"uv": [4.25, 9, 4.5, 9.25], "texture": "#1"},
				"south": {"uv": [4.5, 9, 4.75, 9.25], "texture": "#1"},
				"west": {"uv": [4.75, 9, 5, 9.25], "texture": "#1"},
				"up": {"uv": [5.25, 9.25, 5, 9], "texture": "#1"},
				"down": {"uv": [5.5, 9, 5.25, 9.25], "texture": "#1"}
			}
		},
		{
			"from": [-4, 3, 6.5],
			"to": [-3.5, 3.8, 7],
			"rotation": {"angle": 0, "axis": "y", "origin": [-4, 3, 7]},
			"faces": {
				"north": {"uv": [5.5, 9, 5.75, 9.25], "texture": "#1"},
				"east": {"uv": [5.75, 9, 6, 9.25], "texture": "#1"},
				"south": {"uv": [6, 9, 6.25, 9.25], "texture": "#1"},
				"west": {"uv": [9, 6, 9.25, 6.25], "texture": "#1"},
				"up": {"uv": [6.5, 9.25, 6.25, 9], "texture": "#1"},
				"down": {"uv": [9.25, 6.25, 9, 6.5], "texture": "#1"}
			}
		},
		{
			"from": [-4, 3, 7.5],
			"to": [-3.5, 3.8, 8.5],
			"rotation": {"angle": 0, "axis": "y", "origin": [-4, 3, 9]},
			"faces": {
				"north": {"uv": [6.5, 9, 6.75, 9.25], "texture": "#1"},
				"east": {"uv": [6.75, 9, 7, 9.25], "texture": "#1"},
				"south": {"uv": [7, 9, 7.25, 9.25], "texture": "#1"},
				"west": {"uv": [7.25, 9, 7.5, 9.25], "texture": "#1"},
				"up": {"uv": [7.75, 9.25, 7.5, 9], "texture": "#1"},
				"down": {"uv": [9.25, 7.5, 9, 7.75], "texture": "#1"}
			}
		},
		{
			"from": [-4, 3, 9],
			"to": [-3.5, 3.8, 9.5],
			"rotation": {"angle": 0, "axis": "y", "origin": [-4, 3, 9]},
			"faces": {
				"north": {"uv": [7.75, 9, 8, 9.25], "texture": "#1"},
				"east": {"uv": [9, 7.75, 9.25, 8], "texture": "#1"},
				"south": {"uv": [8, 9, 8.25, 9.25], "texture": "#1"},
				"west": {"uv": [9, 8, 9.25, 8.25], "texture": "#1"},
				"up": {"uv": [8.5, 9.25, 8.25, 9], "texture": "#1"},
				"down": {"uv": [9.25, 8.25, 9, 8.5], "texture": "#1"}
			}
		},
		{
			"from": [-3, 3, 9],
			"to": [-2.5, 3.8, 9.5],
			"rotation": {"angle": 0, "axis": "y", "origin": [-3, 3, 9]},
			"faces": {
				"north": {"uv": [8.5, 9, 8.75, 9.25], "texture": "#1"},
				"east": {"uv": [9, 8.5, 9.25, 8.75], "texture": "#1"},
				"south": {"uv": [8.75, 9, 9, 9.25], "texture": "#1"},
				"west": {"uv": [9, 8.75, 9.25, 9], "texture": "#1"},
				"up": {"uv": [9.25, 9.25, 9, 9], "texture": "#1"},
				"down": {"uv": [4.25, 9.25, 4, 9.5], "texture": "#1"}
			}
		},
		{
			"from": [-2, 3, 9],
			"to": [-1.5, 3.8, 9.5],
			"rotation": {"angle": 0, "axis": "y", "origin": [-2, 3, 9]},
			"faces": {
				"north": {"uv": [9.25, 4, 9.5, 4.25], "texture": "#1"},
				"east": {"uv": [4.25, 9.25, 4.5, 9.5], "texture": "#1"},
				"south": {"uv": [9.25, 4.25, 9.5, 4.5], "texture": "#1"},
				"west": {"uv": [4.5, 9.25, 4.75, 9.5], "texture": "#1"},
				"up": {"uv": [9.5, 4.75, 9.25, 4.5], "texture": "#1"},
				"down": {"uv": [5, 9.25, 4.75, 9.5], "texture": "#1"}
			}
		},
		{
			"from": [-1, 3, 9],
			"to": [-0.5, 3.8, 9.5],
			"rotation": {"angle": 0, "axis": "y", "origin": [-1, 3, 9]},
			"faces": {
				"north": {"uv": [9.25, 4.75, 9.5, 5], "texture": "#1"},
				"east": {"uv": [5, 9.25, 5.25, 9.5], "texture": "#1"},
				"south": {"uv": [9.25, 5, 9.5, 5.25], "texture": "#1"},
				"west": {"uv": [5.25, 9.25, 5.5, 9.5], "texture": "#1"},
				"up": {"uv": [9.5, 5.5, 9.25, 5.25], "texture": "#1"},
				"down": {"uv": [5.75, 9.25, 5.5, 9.5], "texture": "#1"}
			}
		},
		{
			"from": [-1, 4.2, 6.5],
			"to": [-0.5, 5, 7],
			"rotation": {"angle": 0, "axis": "y", "origin": [-1, 4, 7]},
			"faces": {
				"north": {"uv": [6.25, 9.5, 6.5, 9.75], "texture": "#1"},
				"east": {"uv": [9.5, 6.25, 9.75, 6.5], "texture": "#1"},
				"south": {"uv": [6.5, 9.5, 6.75, 9.75], "texture": "#1"},
				"west": {"uv": [9.5, 6.5, 9.75, 6.75], "texture": "#1"},
				"up": {"uv": [7, 9.75, 6.75, 9.5], "texture": "#1"},
				"down": {"uv": [9.75, 6.75, 9.5, 7], "texture": "#1"}
			}
		},
		{
			"from": [-2, 4.2, 6.5],
			"to": [-1.5, 5, 7],
			"rotation": {"angle": 0, "axis": "y", "origin": [-2, 4, 7]},
			"faces": {
				"north": {"uv": [5.5, 9.5, 5.75, 9.75], "texture": "#1"},
				"east": {"uv": [9.5, 5.5, 9.75, 5.75], "texture": "#1"},
				"south": {"uv": [5.75, 9.5, 6, 9.75], "texture": "#1"},
				"west": {"uv": [9.5, 5.75, 9.75, 6], "texture": "#1"},
				"up": {"uv": [6.25, 9.75, 6, 9.5], "texture": "#1"},
				"down": {"uv": [9.75, 6, 9.5, 6.25], "texture": "#1"}
			}
		},
		{
			"from": [-3, 4.2, 6.5],
			"to": [-2.5, 5, 7],
			"rotation": {"angle": 0, "axis": "y", "origin": [-3, 4, 7]},
			"faces": {
				"north": {"uv": [4.75, 9.5, 5, 9.75], "texture": "#1"},
				"east": {"uv": [9.5, 4.75, 9.75, 5], "texture": "#1"},
				"south": {"uv": [5, 9.5, 5.25, 9.75], "texture": "#1"},
				"west": {"uv": [9.5, 5, 9.75, 5.25], "texture": "#1"},
				"up": {"uv": [5.5, 9.75, 5.25, 9.5], "texture": "#1"},
				"down": {"uv": [9.75, 5.25, 9.5, 5.5], "texture": "#1"}
			}
		},
		{
			"from": [-4, 4.2, 6.5],
			"to": [-3.5, 5, 7],
			"rotation": {"angle": 0, "axis": "y", "origin": [-4, 4, 7]},
			"faces": {
				"north": {"uv": [4, 9.5, 4.25, 9.75], "texture": "#1"},
				"east": {"uv": [9.5, 4, 9.75, 4.25], "texture": "#1"},
				"south": {"uv": [4.25, 9.5, 4.5, 9.75], "texture": "#1"},
				"west": {"uv": [9.5, 4.25, 9.75, 4.5], "texture": "#1"},
				"up": {"uv": [4.75, 9.75, 4.5, 9.5], "texture": "#1"},
				"down": {"uv": [9.75, 4.5, 9.5, 4.75], "texture": "#1"}
			}
		},
		{
			"from": [-4, 4.2, 7.5],
			"to": [-3.5, 5, 8.5],
			"rotation": {"angle": 0, "axis": "y", "origin": [-4, 4, 8]},
			"faces": {
				"north": {"uv": [9.25, 8.5, 9.5, 8.75], "texture": "#1"},
				"east": {"uv": [8.75, 9.25, 9, 9.5], "texture": "#1"},
				"south": {"uv": [9.25, 8.75, 9.5, 9], "texture": "#1"},
				"west": {"uv": [9, 9.25, 9.25, 9.5], "texture": "#1"},
				"up": {"uv": [9.5, 9.25, 9.25, 9], "texture": "#1"},
				"down": {"uv": [9.5, 9.25, 9.25, 9.5], "texture": "#1"}
			}
		},
		{
			"from": [-4, 4.2, 9],
			"to": [-3.5, 5, 9.5],
			"rotation": {"angle": 0, "axis": "y", "origin": [-4, 4, 9]},
			"faces": {
				"north": {"uv": [9.25, 7.75, 9.5, 8], "texture": "#1"},
				"east": {"uv": [8, 9.25, 8.25, 9.5], "texture": "#1"},
				"south": {"uv": [9.25, 8, 9.5, 8.25], "texture": "#1"},
				"west": {"uv": [8.25, 9.25, 8.5, 9.5], "texture": "#1"},
				"up": {"uv": [9.5, 8.5, 9.25, 8.25], "texture": "#1"},
				"down": {"uv": [8.75, 9.25, 8.5, 9.5], "texture": "#1"}
			}
		},
		{
			"from": [-3, 4.2, 9],
			"to": [-2.5, 5, 9.5],
			"rotation": {"angle": 0, "axis": "y", "origin": [-3, 4, 9]},
			"faces": {
				"north": {"uv": [9.25, 7, 9.5, 7.25], "texture": "#1"},
				"east": {"uv": [7.25, 9.25, 7.5, 9.5], "texture": "#1"},
				"south": {"uv": [9.25, 7.25, 9.5, 7.5], "texture": "#1"},
				"west": {"uv": [7.5, 9.25, 7.75, 9.5], "texture": "#1"},
				"up": {"uv": [9.5, 7.75, 9.25, 7.5], "texture": "#1"},
				"down": {"uv": [8, 9.25, 7.75, 9.5], "texture": "#1"}
			}
		},
		{
			"from": [-2, 4.2, 9],
			"to": [-1.5, 5, 9.5],
			"rotation": {"angle": 0, "axis": "y", "origin": [-2, 4, 9]},
			"faces": {
				"north": {"uv": [9.25, 6.25, 9.5, 6.5], "texture": "#1"},
				"east": {"uv": [6.5, 9.25, 6.75, 9.5], "texture": "#1"},
				"south": {"uv": [9.25, 6.5, 9.5, 6.75], "texture": "#1"},
				"west": {"uv": [6.75, 9.25, 7, 9.5], "texture": "#1"},
				"up": {"uv": [9.5, 7, 9.25, 6.75], "texture": "#1"},
				"down": {"uv": [7.25, 9.25, 7, 9.5], "texture": "#1"}
			}
		},
		{
			"from": [-1, 4.2, 9],
			"to": [-0.5, 5, 9.5],
			"rotation": {"angle": 0, "axis": "y", "origin": [-1, 4, 9]},
			"faces": {
				"north": {"uv": [9.25, 5.5, 9.5, 5.75], "texture": "#1"},
				"east": {"uv": [5.75, 9.25, 6, 9.5], "texture": "#1"},
				"south": {"uv": [9.25, 5.75, 9.5, 6], "texture": "#1"},
				"west": {"uv": [6, 9.25, 6.25, 9.5], "texture": "#1"},
				"up": {"uv": [9.5, 6.25, 9.25, 6], "texture": "#1"},
				"down": {"uv": [6.5, 9.25, 6.25, 9.5], "texture": "#1"}
			}
		},
		{
			"from": [-0.5, 12, 2],
			"to": [1.5, 13, 6],
			"rotation": {"angle": 0, "axis": "y", "origin": [-1, 12, 2]},
			"faces": {
				"north": {"uv": [0, 0, 0.5, 0.25], "texture": "#2"},
				"east": {"uv": [0, 0, 1, 0.25], "texture": "#2"},
				"south": {"uv": [0, 0, 0.5, 0.25], "texture": "#2"},
				"west": {"uv": [0, 0, 1, 0.25], "texture": "#2"},
				"up": {"uv": [0, 0, 0.5, 1], "texture": "#2"},
				"down": {"uv": [0, 0, 0.5, 1], "texture": "#2"}
			}
		},
		{
			"from": [-0.5, 12, 10],
			"to": [1.5, 13, 14],
			"rotation": {"angle": 0, "axis": "y", "origin": [-1, 12, 10]},
			"faces": {
				"north": {"uv": [0, 0, 0.5, 0.25], "texture": "#2"},
				"east": {"uv": [0, 0, 1, 0.25], "texture": "#2"},
				"south": {"uv": [0, 0, 0.5, 0.25], "texture": "#2"},
				"west": {"uv": [0, 0, 1, 0.25], "texture": "#2"},
				"up": {"uv": [0, 0, 0.5, 1], "texture": "#2"},
				"down": {"uv": [0, 0, 0.5, 1], "texture": "#2"}
			}
		}
	],
	"display": {
		"head": {
			"rotation": [0, -90, 0]
		}
	},
	"groups": [
		0,
		{
			"name": "eyes",
			"origin": [0, 10, 10],
			"color": 0,
			"nbt": "{}",
			"children": [1, 2]
		},
		{
			"name": "beak",
			"origin": [-2, 2, 6],
			"color": 0,
			"nbt": "{}",
			"children": [3, 4, 5]
		},
		{
			"name": "teeth",
			"origin": [-1, 5, 9],
			"color": 0,
			"nbt": "{}",
			"children": [6, 7, 8, 9, 10, 11, 12, 13, 14, 15, 16, 17, 18, 19, 20, 21, 22, 23]
		},
		{
			"name": "group",
			"origin": [-1, 12, 10],
			"color": 0,
			"nbt": "{}",
			"children": [24, 25]
		}
	]
}