{
	"credit": "Made with Blockbench",
	"texture_size": [32, 32],
	"textures": {
		"0": "block/laptop",
		"1": "block/dgray",
		"2": "block/camera",
		"particle": "block/laptop"
	},
	"elements": [
		{
			"from": [-4, 0, -0.6],
			"to": [4, 1, 10.4],
			"rotation": {"angle": 45, "axis": "y", "origin": [9, 0, -3.5]},
			"faces": {
				"north": {"uv": [8, 1, 12, 1.5], "texture": "#0"},
				"east": {"uv": [8, 0, 13.5, 0.5], "texture": "#0"},
				"south": {"uv": [8, 1.5, 12, 2], "texture": "#0"},
				"west": {"uv": [8, 0.5, 13.5, 1], "texture": "#0"},
				"up": {"uv": [4, 5.5, 0, 0], "texture": "#0"},
				"down": {"uv": [8, 0, 4, 5.5], "texture": "#0"}
			}
		},
		{
			"from": [8.4, 1, -5.85],
			"to": [8.6, 8, 5.15],
			"rotation": {"angle": 45, "axis": "y", "origin": [17.6, 0, -0.5]},
			"faces": {
				"north": {"uv": [0, 0, 0.1, 3.5], "texture": "#1"},
				"east": {"uv": [0, 0, 5.5, 3.5], "texture": "#1"},
				"south": {"uv": [0, 0, 0.1, 3.5], "texture": "#1"},
				"west": {"uv": [0, 0, 5.5, 3.5], "texture": "#1"},
				"up": {"uv": [0, 0, 0.1, 5.5], "texture": "#1"},
				"down": {"uv": [0, 0, 0.1, 5.5], "texture": "#1"}
			}
		},
		{
			"from": [7.8, 1, 4.6],
			"to": [8.6, 8, 5.3],
			"rotation": {"angle": 45, "axis": "y", "origin": [17.5, 0, -0.3]},
			"faces": {
				"north": {"uv": [0, 0, 0.4, 3.5], "texture": "#1"},
				"east": {"uv": [0, 0, 0.35, 3.5], "texture": "#1"},
				"south": {"uv": [0, 0, 0.4, 3.5], "texture": "#1"},
				"west": {"uv": [0, 0, 0.35, 3.5], "texture": "#1"},
				"up": {"uv": [0, 0, 0.4, 0.35], "texture": "#1"},
				"down": {"uv": [0, 0, 0.4, 0.35], "texture": "#1"}
			}
		},
		{
			"from": [0.5, 1, -2.5],
			"to": [1.3, 8, -1.8],
			"rotation": {"angle": 45, "axis": "y", "origin": [10.1, 0, -7.5]},
			"faces": {
				"north": {"uv": [0, 0, 0.4, 3.5], "texture": "#1"},
				"east": {"uv": [0, 0, 0.35, 3.5], "texture": "#1"},
				"south": {"uv": [0, 0, 0.4, 3.5], "texture": "#1"},
				"west": {"uv": [0, 0, 0.35, 3.5], "texture": "#1"},
				"up": {"uv": [0, 0, 0.4, 0.35], "texture": "#1"},
				"down": {"uv": [0, 0, 0.4, 0.35], "texture": "#1"}
			}
		},
		{
			"from": [1.2, 1, -2.1],
			"to": [2, 1.7, 7.5],
			"rotation": {"angle": 45, "axis": "y", "origin": [10.8, 0, -6.8]},
			"faces": {
				"north": {"uv": [0, 0, 0.4, 0.35], "texture": "#1"},
				"east": {"uv": [0, 0, 4.8, 0.35], "texture": "#1"},
				"south": {"uv": [0, 0, 0.4, 0.35], "texture": "#1"},
				"west": {"uv": [0, 0, 4.8, 0.35], "texture": "#1"},
				"up": {"uv": [0, 0, 0.4, 4.8], "texture": "#1"},
				"down": {"uv": [0, 0, 0.4, 4.8], "texture": "#1"}
			}
		},
		{
			"from": [1.2, 1.7, -2.1],
			"to": [2, 7.3, 7.5],
			"rotation": {"angle": 45, "axis": "y", "origin": [10.8, 0.7, -6.8]},
			"faces": {
				"north": {"uv": [0, 0, 0.4, 2.8], "texture": "#2"},
				"east": {"uv": [0, 0, 4.8, 2.8], "texture": "#2"},
				"south": {"uv": [0, 0, 0.4, 2.8], "texture": "#2"},
				"west": {"uv": [0, 1.44593, 15.92889, 14.76741], "texture": "#2"},
				"up": {"uv": [0, 0, 0.4, 4.8], "texture": "#2"},
				"down": {"uv": [0, 0, 0.4, 4.8], "texture": "#2"}
			}
		},
		{
			"from": [1.2, 7.3, -2.1],
			"to": [2, 8, 7.5],
			"rotation": {"angle": 45, "axis": "y", "origin": [10.8, 6.3, -6.8]},
			"faces": {
				"north": {"uv": [0, 0, 0.4, 0.35], "texture": "#1"},
				"east": {"uv": [0, 0, 4.8, 0.35], "texture": "#1"},
				"south": {"uv": [0, 0, 0.4, 0.35], "texture": "#1"},
				"west": {"uv": [0, 0, 4.8, 0.35], "texture": "#1"},
				"up": {"uv": [0, 0, 0.4, 4.8], "texture": "#1"},
				"down": {"uv": [0, 0, 0.4, 4.8], "texture": "#1"}
			}
		}
	],
	"display": {
		"thirdperson_righthand": {
			"rotation": [170.75, 62.72, -172.38],
			"translation": [-2, 8.5, 4]
		},
		"gui": {
			"rotation": [28, 78, 0],
			"translation": [0, 3.25, 0]
		}
	}
}