{
	"credit": "Made with Blockbench, thank you guys!",
	"textures": {
		"1": "block/black",
		"3": "block/white",
		"particle": "block/black"
	},
	"elements": [
		{
			"from": [3, 27, 6],
			"to": [5, 31, 8],
			"faces": {
				"north": {"uv": [1.5, 11, 2, 12], "texture": "#1"},
				"east": {"uv": [2, 11, 2.5, 12], "texture": "#1"},
				"south": {"uv": [2.5, 11, 3, 12], "texture": "#1"},
				"west": {"uv": [3, 11, 3.5, 12], "texture": "#1"},
				"up": {"uv": [11.75, 7.5, 11.25, 7], "texture": "#1"},
				"down": {"uv": [11.75, 7.5, 11.25, 8], "texture": "#1"}
			}
		},
		{
			"from": [0, 0, 0],
			"to": [16, 16, 16],
			"faces": {
				"north": {"uv": [0, 0, 4, 4], "texture": "#1"},
				"east": {"uv": [4, 0, 7.25, 4], "texture": "#1"},
				"south": {"uv": [0, 4, 4, 8], "texture": "#1"},
				"west": {"uv": [4, 4, 7.25, 8], "texture": "#1"},
				"up": {"uv": [11.25, 3.25, 7.25, 0], "texture": "#1"},
				"down": {"uv": [11.25, 3.25, 7.25, 6.5], "texture": "#1"}
			}
		},
		{
			"from": [1, 6, -3],
			"to": [15, 9, 1],
			"faces": {
				"north": {"uv": [0.25, 0.25, 0.75, 0.75], "texture": "#1"},
				"east": {"uv": [1.25, 0.25, 1.75, 0.75], "texture": "#1"},
				"south": {"uv": [2.25, 0.25, 2.75, 0.75], "texture": "#1"},
				"west": {"uv": [3.25, 0.25, 3.75, 0.75], "texture": "#1"},
				"up": {"uv": [4.25, 0.25, 4.75, 0.75], "texture": "#1"},
				"down": {"uv": [5.25, 0.25, 5.75, 0.75], "texture": "#1"}
			}
		},
		{
			"from": [11, 16, 7],
			"to": [13, 18, 9],
			"faces": {
				"north": {"uv": [12.25, 0.25, 12.75, 0.75], "texture": "#3"},
				"east": {"uv": [13.25, 0.25, 13.75, 0.75], "texture": "#3"},
				"south": {"uv": [14.25, 0.25, 14.75, 0.75], "texture": "#3"},
				"west": {"uv": [15.25, 0.25, 15.75, 0.75], "texture": "#3"},
				"up": {"uv": [0.25, 1.25, 0.75, 1.75], "texture": "#3"},
				"down": {"uv": [1.25, 1.25, 1.75, 1.75], "texture": "#3"}
			}
		},
		{
			"from": [3, 16, 7],
			"to": [5, 18, 9],
			"faces": {
				"north": {"uv": [2.25, 1.25, 2.75, 1.75], "texture": "#3"},
				"east": {"uv": [3.25, 1.25, 3.75, 1.75], "texture": "#3"},
				"south": {"uv": [4.25, 1.25, 4.75, 1.75], "texture": "#3"},
				"west": {"uv": [5.25, 1.25, 5.75, 1.75], "texture": "#3"},
				"up": {"uv": [6.25, 1.25, 6.75, 1.75], "texture": "#3"},
				"down": {"uv": [7.25, 1.25, 7.75, 1.75], "texture": "#3"}
			}
		},
		{
			"from": [10, 18, 7],
			"to": [14, 24, 9],
			"faces": {
				"north": {"uv": [0, 9.5, 1, 11], "texture": "#1"},
				"east": {"uv": [10, 10, 10.5, 11.5], "texture": "#1"},
				"south": {"uv": [1, 9.5, 2, 11], "texture": "#1"},
				"west": {"uv": [10.5, 8.5, 11, 10], "texture": "#1"},
				"up": {"uv": [11.75, 8.5, 10.75, 8], "texture": "#1"},
				"down": {"uv": [4.5, 11, 3.5, 11.5], "texture": "#1"}
			}
		},
		{
			"from": [11, 19, 6],
			"to": [13, 23, 8],
			"faces": {
				"north": {"uv": [4.5, 11, 5, 12], "texture": "#1"},
				"east": {"uv": [5, 11, 5.5, 12], "texture": "#1"},
				"south": {"uv": [5.5, 11, 6, 12], "texture": "#1"},
				"west": {"uv": [6, 11, 6.5, 12], "texture": "#1"},
				"up": {"uv": [0.5, 12.25, 0, 11.75], "texture": "#1"},
				"down": {"uv": [12.25, 0, 11.75, 0.5], "texture": "#1"}
			}
		},
		{
			"from": [2, 18, 7],
			"to": [6, 24, 9],
			"faces": {
				"north": {"uv": [2, 9.5, 3, 11], "texture": "#1"},
				"east": {"uv": [10.5, 10, 11, 11.5], "texture": "#1"},
				"south": {"uv": [3, 9.5, 4, 11], "texture": "#1"},
				"west": {"uv": [10.75, 6.5, 11.25, 8], "texture": "#1"},
				"up": {"uv": [12, 9, 11, 8.5], "texture": "#1"},
				"down": {"uv": [12, 9, 11, 9.5], "texture": "#1"}
			}
		},
		{
			"from": [3, 19, 6],
			"to": [5, 23, 8],
			"faces": {
				"north": {"uv": [6.5, 11, 7, 12], "texture": "#1"},
				"east": {"uv": [11, 9.5, 11.5, 10.5], "texture": "#1"},
				"south": {"uv": [11, 10.5, 11.5, 11.5], "texture": "#1"},
				"west": {"uv": [11.25, 0, 11.75, 1], "texture": "#1"},
				"up": {"uv": [1, 12.25, 0.5, 11.75], "texture": "#1"},
				"down": {"uv": [12.25, 0.5, 11.75, 1], "texture": "#1"}
			}
		},
		{
			"from": [11, 24, 7],
			"to": [13, 26, 9],
			"faces": {
				"north": {"uv": [0.25, 0.25, 0.75, 0.75], "texture": "#3"},
				"east": {"uv": [1.25, 0.25, 1.75, 0.75], "texture": "#3"},
				"south": {"uv": [2.25, 0.25, 2.75, 0.75], "texture": "#3"},
				"west": {"uv": [3.25, 0.25, 3.75, 0.75], "texture": "#3"},
				"up": {"uv": [4.25, 0.25, 4.75, 0.75], "texture": "#3"},
				"down": {"uv": [5.25, 0.25, 5.75, 0.75], "texture": "#3"}
			}
		},
		{
			"from": [3, 24, 7],
			"to": [5, 26, 9],
			"faces": {
				"north": {"uv": [6.25, 0.25, 6.75, 0.75], "texture": "#3"},
				"east": {"uv": [7.25, 0.25, 7.75, 0.75], "texture": "#3"},
				"south": {"uv": [8.25, 0.25, 8.75, 0.75], "texture": "#3"},
				"west": {"uv": [9.25, 0.25, 9.75, 0.75], "texture": "#3"},
				"up": {"uv": [10.25, 0.25, 10.75, 0.75], "texture": "#3"},
				"down": {"uv": [11.25, 0.25, 11.75, 0.75], "texture": "#3"}
			}
		},
		{
			"from": [10, 26, 7],
			"to": [14, 32, 9],
			"faces": {
				"north": {"uv": [4, 9.5, 5, 11], "texture": "#1"},
				"east": {"uv": [8, 10.75, 8.5, 12.25], "texture": "#1"},
				"south": {"uv": [5, 9.5, 6, 11], "texture": "#1"},
				"west": {"uv": [8.5, 10.75, 9, 12.25], "texture": "#1"},
				"up": {"uv": [12.25, 1.5, 11.25, 1], "texture": "#1"},
				"down": {"uv": [12.25, 1.5, 11.25, 2], "texture": "#1"}
			}
		},
		{
			"from": [11, 27, 6],
			"to": [13, 31, 8],
			"faces": {
				"north": {"uv": [11.25, 2, 11.75, 3], "texture": "#1"},
				"east": {"uv": [11.25, 3, 11.75, 4], "texture": "#1"},
				"south": {"uv": [11.25, 4, 11.75, 5], "texture": "#1"},
				"west": {"uv": [11.25, 5, 11.75, 6], "texture": "#1"},
				"up": {"uv": [2, 12.5, 1.5, 12], "texture": "#1"},
				"down": {"uv": [2.5, 12, 2, 12.5], "texture": "#1"}
			}
		},
		{
			"from": [2, 26, 7],
			"to": [6, 32, 9],
			"faces": {
				"north": {"uv": [6, 9.5, 7, 11], "texture": "#1"},
				"east": {"uv": [9, 10.75, 9.5, 12.25], "texture": "#1"},
				"south": {"uv": [7, 10, 8, 11.5], "texture": "#1"},
				"west": {"uv": [9.5, 10.75, 10, 12.25], "texture": "#1"},
				"up": {"uv": [12.25, 6.5, 11.25, 6], "texture": "#1"},
				"down": {"uv": [12.25, 6.5, 11.25, 7], "texture": "#1"}
			}
		},
		{
			"from": [1, 0, -3],
			"to": [15, 3, 0],
			"faces": {
				"north": {"uv": [6.25, 0.25, 6.75, 0.75], "texture": "#1"},
				"east": {"uv": [7.25, 0.25, 7.75, 0.75], "texture": "#1"},
				"south": {"uv": [8.25, 0.25, 8.75, 0.75], "texture": "#1"},
				"west": {"uv": [9.25, 0.25, 9.75, 0.75], "texture": "#1"},
				"up": {"uv": [10.25, 0.25, 10.75, 0.75], "texture": "#1"},
				"down": {"uv": [11.25, 0.25, 11.75, 0.75], "texture": "#1"}
			}
		},
		{
			"from": [12, 3, -3],
			"to": [14, 4, -2],
			"faces": {
				"north": {"uv": [5.5, 12, 6, 12.25], "texture": "#3"},
				"east": {"uv": [7, 8, 7.25, 8.25], "texture": "#3"},
				"south": {"uv": [6, 12, 6.5, 12.25], "texture": "#3"},
				"west": {"uv": [7, 8.25, 7.25, 8.5], "texture": "#3"},
				"up": {"uv": [7, 12.25, 6.5, 12], "texture": "#3"},
				"down": {"uv": [7.5, 12, 7, 12.25], "texture": "#3"}
			}
		},
		{
			"from": [13, 3, -1],
			"to": [14, 4, 0],
			"faces": {
				"north": {"uv": [12.25, 1.25, 12.5, 1.5], "texture": "#3"},
				"east": {"uv": [12.25, 1.5, 12.5, 1.75], "texture": "#3"},
				"south": {"uv": [12.25, 1.75, 12.5, 2], "texture": "#3"},
				"west": {"uv": [12.25, 2, 12.5, 2.25], "texture": "#3"},
				"up": {"uv": [12.5, 2.5, 12.25, 2.25], "texture": "#3"},
				"down": {"uv": [12.5, 2.5, 12.25, 2.75], "texture": "#3"}
			}
		},
		{
			"from": [2, 3, -1],
			"to": [3, 4, 0],
			"faces": {
				"north": {"uv": [12.25, 2.75, 12.5, 3], "texture": "#3"},
				"east": {"uv": [12.25, 3, 12.5, 3.25], "texture": "#3"},
				"south": {"uv": [12.25, 3.25, 12.5, 3.5], "texture": "#3"},
				"west": {"uv": [12.25, 3.5, 12.5, 3.75], "texture": "#3"},
				"up": {"uv": [12.5, 4, 12.25, 3.75], "texture": "#3"},
				"down": {"uv": [12.5, 4, 12.25, 4.25], "texture": "#3"}
			}
		},
		{
			"from": [9, 3, -3],
			"to": [11, 4, -2],
			"faces": {
				"north": {"uv": [7.5, 12, 8, 12.25], "texture": "#3"},
				"east": {"uv": [12.25, 4.25, 12.5, 4.5], "texture": "#3"},
				"south": {"uv": [12, 8.5, 12.5, 8.75], "texture": "#3"},
				"west": {"uv": [12.25, 4.5, 12.5, 4.75], "texture": "#3"},
				"up": {"uv": [12.5, 9, 12, 8.75], "texture": "#3"},
				"down": {"uv": [12.5, 9, 12, 9.25], "texture": "#3"}
			}
		},
		{
			"from": [9, 5, -3],
			"to": [11, 6, -2],
			"faces": {
				"north": {"uv": [12, 9.25, 12.5, 9.5], "texture": "#3"},
				"east": {"uv": [12.25, 4.75, 12.5, 5], "texture": "#3"},
				"south": {"uv": [12, 9.5, 12.5, 9.75], "texture": "#3"},
				"west": {"uv": [12.25, 5, 12.5, 5.25], "texture": "#3"},
				"up": {"uv": [12.5, 10, 12, 9.75], "texture": "#3"},
				"down": {"uv": [10.5, 12, 10, 12.25], "texture": "#3"}
			}
		},
		{
			"from": [5, 3, -3],
			"to": [7, 4, -2],
			"faces": {
				"north": {"uv": [12, 10, 12.5, 10.25], "texture": "#3"},
				"east": {"uv": [12.25, 5.25, 12.5, 5.5], "texture": "#3"},
				"south": {"uv": [12, 10.25, 12.5, 10.5], "texture": "#3"},
				"west": {"uv": [5.5, 12.25, 5.75, 12.5], "texture": "#3"},
				"up": {"uv": [11, 12.25, 10.5, 12], "texture": "#3"},
				"down": {"uv": [12.5, 10.5, 12, 10.75], "texture": "#3"}
			}
		},
		{
			"from": [2, 3, -3],
			"to": [4, 4, -2],
			"faces": {
				"north": {"uv": [12, 10.75, 12.5, 11], "texture": "#3"},
				"east": {"uv": [12.25, 5.5, 12.5, 5.75], "texture": "#3"},
				"south": {"uv": [11, 12, 11.5, 12.25], "texture": "#3"},
				"west": {"uv": [5.75, 12.25, 6, 12.5], "texture": "#3"},
				"up": {"uv": [12.5, 11.25, 12, 11], "texture": "#3"},
				"down": {"uv": [12.5, 11.25, 12, 11.5], "texture": "#3"}
			}
		},
		{
			"from": [13, 5, -1],
			"to": [14, 6, 0],
			"faces": {
				"north": {"uv": [12.25, 5.75, 12.5, 6], "texture": "#3"},
				"east": {"uv": [6, 12.25, 6.25, 12.5], "texture": "#3"},
				"south": {"uv": [12.25, 6, 12.5, 6.25], "texture": "#3"},
				"west": {"uv": [6.25, 12.25, 6.5, 12.5], "texture": "#3"},
				"up": {"uv": [12.5, 6.5, 12.25, 6.25], "texture": "#3"},
				"down": {"uv": [6.75, 12.25, 6.5, 12.5], "texture": "#3"}
			}
		},
		{
			"from": [12, 5, -3],
			"to": [14, 6, -2],
			"faces": {
				"north": {"uv": [11.5, 12, 12, 12.25], "texture": "#3"},
				"east": {"uv": [12.25, 6.5, 12.5, 6.75], "texture": "#3"},
				"south": {"uv": [12, 11.5, 12.5, 11.75], "texture": "#3"},
				"west": {"uv": [6.75, 12.25, 7, 12.5], "texture": "#3"},
				"up": {"uv": [12.5, 12, 12, 11.75], "texture": "#3"},
				"down": {"uv": [12.5, 12, 12, 12.25], "texture": "#3"}
			}
		},
		{
			"from": [5, 5, -3],
			"to": [7, 6, -2],
			"faces": {
				"north": {"uv": [0, 12.25, 0.5, 12.5], "texture": "#3"},
				"east": {"uv": [12.25, 6.75, 12.5, 7], "texture": "#3"},
				"south": {"uv": [12.25, 0, 12.75, 0.25], "texture": "#3"},
				"west": {"uv": [7, 12.25, 7.25, 12.5], "texture": "#3"},
				"up": {"uv": [12.75, 0.5, 12.25, 0.25], "texture": "#3"},
				"down": {"uv": [1, 12.25, 0.5, 12.5], "texture": "#3"}
			}
		},
		{
			"from": [2, 5, -3],
			"to": [4, 6, -2],
			"faces": {
				"north": {"uv": [12.25, 0.5, 12.75, 0.75], "texture": "#3"},
				"east": {"uv": [12.25, 7, 12.5, 7.25], "texture": "#3"},
				"south": {"uv": [12.25, 0.75, 12.75, 1], "texture": "#3"},
				"west": {"uv": [7.25, 12.25, 7.5, 12.5], "texture": "#3"},
				"up": {"uv": [1.5, 12.5, 1, 12.25], "texture": "#3"},
				"down": {"uv": [12.75, 1, 12.25, 1.25], "texture": "#3"}
			}
		},
		{
			"from": [2, 5, -1],
			"to": [3, 6, 0],
			"faces": {
				"north": {"uv": [12.25, 7.25, 12.5, 7.5], "texture": "#3"},
				"east": {"uv": [7.5, 12.25, 7.75, 12.5], "texture": "#3"},
				"south": {"uv": [12.25, 7.5, 12.5, 7.75], "texture": "#3"},
				"west": {"uv": [7.75, 12.25, 8, 12.5], "texture": "#3"},
				"up": {"uv": [12.5, 8, 12.25, 7.75], "texture": "#3"},
				"down": {"uv": [8.25, 12.25, 8, 12.5], "texture": "#3"}
			}
		},
		{
			"from": [7, 8, -4],
			"to": [9, 10, -2],
			"faces": {
				"north": {"uv": [0.25, 0.25, 0.75, 0.75], "texture": "#1"},
				"east": {"uv": [1.25, 0.25, 1.75, 0.75], "texture": "#1"},
				"south": {"uv": [2.25, 0.25, 2.75, 0.75], "texture": "#1"},
				"west": {"uv": [3.25, 0.25, 3.75, 0.75], "texture": "#1"},
				"up": {"uv": [4.25, 0.25, 4.75, 0.75], "texture": "#1"},
				"down": {"uv": [5.25, 0.25, 5.75, 0.75], "texture": "#1"}
			}
		},
		{
			"from": [12, 11, -1],
			"to": [14, 13, 1],
			"faces": {
				"north": {"uv": [0, 0, 2, 2], "texture": "#3"},
				"east": {"uv": [0, 0, 2, 2], "texture": "#3"},
				"south": {"uv": [0, 0, 2, 2], "texture": "#3"},
				"west": {"uv": [0, 0, 2, 2], "texture": "#3"},
				"up": {"uv": [0, 0, 2, 2], "texture": "#3"},
				"down": {"uv": [0, 0, 2, 2], "texture": "#3"}
			}
		},
		{
			"from": [10, 11, -1],
			"to": [12, 13, 1],
			"faces": {
				"north": {"uv": [0.25, 0.25, 0.75, 0.75], "texture": "#3"},
				"east": {"uv": [1.25, 0.25, 1.75, 0.75], "texture": "#3"},
				"south": {"uv": [2.25, 0.25, 2.75, 0.75], "texture": "#3"},
				"west": {"uv": [3.25, 0.25, 3.75, 0.75], "texture": "#3"},
				"up": {"uv": [4.25, 0.25, 4.75, 0.75], "texture": "#3"},
				"down": {"uv": [5.25, 0.25, 5.75, 0.75], "texture": "#3"}
			}
		},
		{
			"from": [4, 11, -1],
			"to": [6, 13, 1],
			"faces": {
				"north": {"uv": [2.25, 0.25, 2.75, 0.75], "texture": "#3"},
				"east": {"uv": [3.25, 0.25, 3.75, 0.75], "texture": "#3"},
				"south": {"uv": [0.25, 0.25, 0.75, 0.75], "texture": "#3"},
				"west": {"uv": [1.25, 0.25, 1.75, 0.75], "texture": "#3"},
				"up": {"uv": [4.25, 0.25, 4.75, 0.75], "rotation": 180, "texture": "#3"},
				"down": {"uv": [5.25, 0.25, 5.75, 0.75], "rotation": 180, "texture": "#3"}
			}
		},
		{
			"from": [2, 11, -1],
			"to": [4, 13, 1],
			"faces": {
				"north": {"uv": [0, 0, 2, 2], "texture": "#3"},
				"east": {"uv": [0, 0, 2, 2], "texture": "#3"},
				"south": {"uv": [0, 0, 2, 2], "texture": "#3"},
				"west": {"uv": [0, 0, 2, 2], "texture": "#3"},
				"up": {"uv": [0, 0, 2, 2], "rotation": 180, "texture": "#3"},
				"down": {"uv": [0, 0, 2, 2], "rotation": 180, "texture": "#3"}
			}
		}
	],
	"groups": [
		{
			"name": "group",
			"origin": [0, 0, 0],
			"color": 0,
			"children": []
		},
		{
			"name": "group",
			"origin": [0, 0, 0],
			"color": 0,
			"children": [0, 1, 2, 3, 4, 5, 6, 7, 8, 9, 10, 11, 12, 13, 14, 15, 16, 17, 18, 19, 20, 21, 22, 23, 24, 25, 26, 27, 28, 29, 30, 31]
		}
	]
}