{
	"credit": "Made with Blockbench",
	"elements": [
		{
			"from": [1, 0, 0],
			"to": [15, 16, 13],
			"color": 2,
			"faces": {
				"north": {"uv": [0, 0, 14, 16], "texture": "#missing"},
				"east": {"uv": [0, 0, 13, 16], "texture": "#missing"},
				"south": {"uv": [0, 0, 14, 16], "texture": "#missing"},
				"west": {"uv": [0, 0, 13, 16], "texture": "#missing"},
				"up": {"uv": [0, 0, 14, 13], "texture": "#missing"},
				"down": {"uv": [0, 0, 14, 13], "texture": "#missing"}
			}
		},
		{
			"from": [1, 0, 13],
			"to": [15, 9, 14],
			"color": 2,
			"faces": {
				"north": {"uv": [0, 0, 14, 9], "texture": "#missing"},
				"east": {"uv": [0, 0, 1, 9], "texture": "#missing"},
				"south": {"uv": [0, 0, 14, 9], "texture": "#missing"},
				"west": {"uv": [0, 0, 1, 9], "texture": "#missing"},
				"up": {"uv": [0, 0, 14, 1], "texture": "#missing"},
				"down": {"uv": [0, 0, 14, 1], "texture": "#missing"}
			}
		},
		{
			"from": [13, 9, 13],
			"to": [15, 12, 14],
			"color": 2,
			"faces": {
				"north": {"uv": [0, 0, 2, 3], "texture": "#missing"},
				"east": {"uv": [0, 0, 1, 3], "texture": "#missing"},
				"south": {"uv": [0, 0, 2, 3], "texture": "#missing"},
				"west": {"uv": [0, 0, 1, 3], "texture": "#missing"},
				"up": {"uv": [0, 0, 2, 1], "texture": "#missing"},
				"down": {"uv": [0, 0, 2, 1], "texture": "#missing"}
			}
		},
		{
			"from": [1, 9, 13],
			"to": [3, 12, 14],
			"color": 2,
			"faces": {
				"north": {"uv": [0, 0, 2, 3], "texture": "#missing"},
				"east": {"uv": [0, 0, 1, 3], "texture": "#missing"},
				"south": {"uv": [0, 0, 2, 3], "texture": "#missing"},
				"west": {"uv": [0, 0, 1, 3], "texture": "#missing"},
				"up": {"uv": [0, 0, 2, 1], "texture": "#missing"},
				"down": {"uv": [0, 0, 2, 1], "texture": "#missing"}
			}
		},
		{
			"from": [6, 9, 13],
			"to": [10, 12, 14],
			"color": 2,
			"faces": {
				"north": {"uv": [0, 0, 4, 3], "texture": "#missing"},
				"east": {"uv": [0, 0, 1, 3], "texture": "#missing"},
				"south": {"uv": [0, 0, 4, 3], "texture": "#missing"},
				"west": {"uv": [0, 0, 1, 3], "texture": "#missing"},
				"up": {"uv": [0, 0, 4, 1], "texture": "#missing"},
				"down": {"uv": [0, 0, 4, 1], "texture": "#missing"}
			}
		},
		{
			"from": [1, 12, 13],
			"to": [15, 16, 14],
			"color": 2,
			"faces": {
				"north": {"uv": [0, 0, 14, 4], "texture": "#missing"},
				"east": {"uv": [0, 0, 1, 4], "texture": "#missing"},
				"south": {"uv": [0, 0, 14, 4], "texture": "#missing"},
				"west": {"uv": [0, 0, 1, 4], "texture": "#missing"},
				"up": {"uv": [0, 0, 14, 1], "texture": "#missing"},
				"down": {"uv": [0, 0, 14, 1], "texture": "#missing"}
			}
		},
		{
			"from": [2, 16, 2],
			"to": [4, 18, 4],
			"color": 4,
			"faces": {
				"north": {"uv": [0, 0, 2, 2], "texture": "#missing"},
				"east": {"uv": [0, 0, 2, 2], "texture": "#missing"},
				"south": {"uv": [0, 0, 2, 2], "texture": "#missing"},
				"west": {"uv": [0, 0, 2, 2], "texture": "#missing"},
				"up": {"uv": [0, 0, 2, 2], "texture": "#missing"},
				"down": {"uv": [0, 0, 2, 2], "texture": "#missing"}
			}
		},
		{
			"from": [2, 23, 2],
			"to": [4, 25, 4],
			"color": 4,
			"faces": {
				"north": {"uv": [0, 0, 2, 2], "texture": "#missing"},
				"east": {"uv": [0, 0, 2, 2], "texture": "#missing"},
				"south": {"uv": [0, 0, 2, 2], "texture": "#missing"},
				"west": {"uv": [0, 0, 2, 2], "texture": "#missing"},
				"up": {"uv": [0, 0, 2, 2], "texture": "#missing"},
				"down": {"uv": [0, 0, 2, 2], "texture": "#missing"}
			}
		},
		{
			"from": [1, 18, 2],
			"to": [5, 23, 4],
			"color": 4,
			"faces": {
				"north": {"uv": [0, 0, 4, 5], "texture": "#missing"},
				"east": {"uv": [0, 0, 2, 5], "texture": "#missing"},
				"south": {"uv": [0, 0, 4, 5], "texture": "#missing"},
				"west": {"uv": [0, 0, 2, 5], "texture": "#missing"},
				"up": {"uv": [0, 0, 4, 2], "texture": "#missing"},
				"down": {"uv": [0, 0, 4, 2], "texture": "#missing"}
			}
		},
		{
			"from": [1, 24, -7.7],
			"to": [5, 29, -5.7],
			"rotation": {"angle": 22.5, "axis": "x", "origin": [0, 0, 0]},
			"color": 4,
			"faces": {
				"north": {"uv": [0, 0, 4, 5], "texture": "#missing"},
				"east": {"uv": [0, 0, 2, 5], "texture": "#missing"},
				"south": {"uv": [0, 0, 4, 5], "texture": "#missing"},
				"west": {"uv": [0, 0, 2, 5], "texture": "#missing"},
				"up": {"uv": [0, 0, 4, 2], "texture": "#missing"},
				"down": {"uv": [0, 0, 4, 2], "texture": "#missing"}
			}
		},
		{
			"from": [12, 16, 2],
			"to": [14, 18, 4],
			"rotation": {"angle": 0, "axis": "y", "origin": [10, 0, 0]},
			"color": 4,
			"faces": {
				"north": {"uv": [0, 0, 2, 2], "texture": "#missing"},
				"east": {"uv": [0, 0, 2, 2], "texture": "#missing"},
				"south": {"uv": [0, 0, 2, 2], "texture": "#missing"},
				"west": {"uv": [0, 0, 2, 2], "texture": "#missing"},
				"up": {"uv": [0, 0, 2, 2], "texture": "#missing"},
				"down": {"uv": [0, 0, 2, 2], "texture": "#missing"}
			}
		},
		{
			"from": [11, 18, 2],
			"to": [15, 23, 4],
			"rotation": {"angle": 0, "axis": "y", "origin": [10, 0, 0]},
			"color": 4,
			"faces": {
				"north": {"uv": [0, 0, 4, 5], "texture": "#missing"},
				"east": {"uv": [0, 0, 2, 5], "texture": "#missing"},
				"south": {"uv": [0, 0, 4, 5], "texture": "#missing"},
				"west": {"uv": [0, 0, 2, 5], "texture": "#missing"},
				"up": {"uv": [0, 0, 4, 2], "texture": "#missing"},
				"down": {"uv": [0, 0, 4, 2], "texture": "#missing"}
			}
		},
		{
			"from": [12, 23, 2],
			"to": [14, 25, 4],
			"rotation": {"angle": 0, "axis": "y", "origin": [10, 0, 0]},
			"color": 4,
			"faces": {
				"north": {"uv": [0, 0, 2, 2], "texture": "#missing"},
				"east": {"uv": [0, 0, 2, 2], "texture": "#missing"},
				"south": {"uv": [0, 0, 2, 2], "texture": "#missing"},
				"west": {"uv": [0, 0, 2, 2], "texture": "#missing"},
				"up": {"uv": [0, 0, 2, 2], "texture": "#missing"},
				"down": {"uv": [0, 0, 2, 2], "texture": "#missing"}
			}
		},
		{
			"from": [11, 24, -7.7],
			"to": [15, 29, -5.7],
			"rotation": {"angle": 22.5, "axis": "x", "origin": [10, 0, 0]},
			"color": 4,
			"faces": {
				"north": {"uv": [0, 0, 4, 5], "texture": "#missing"},
				"east": {"uv": [0, 0, 2, 5], "texture": "#missing"},
				"south": {"uv": [0, 0, 4, 5], "texture": "#missing"},
				"west": {"uv": [0, 0, 2, 5], "texture": "#missing"},
				"up": {"uv": [0, 0, 4, 2], "texture": "#missing"},
				"down": {"uv": [0, 0, 4, 2], "texture": "#missing"}
			}
		},
		{
			"from": [4, 4, 14],
			"to": [12, 5, 17],
			"color": 8,
			"faces": {
				"north": {"uv": [0, 0, 10, 1], "texture": "#missing"},
				"east": {"uv": [0, 0, 3, 1], "texture": "#missing"},
				"south": {"uv": [10, 0, 0, 1], "texture": "#missing"},
				"west": {"uv": [0, 0, 3, 1], "texture": "#missing"},
				"up": {"uv": [0, 0, 10, 3], "texture": "#missing"},
				"down": {"uv": [0, 0, 10, 3], "texture": "#missing"}
			}
		},
		{
			"from": [5, 5, 14],
			"to": [11, 6.2, 17],
			"color": 8,
			"faces": {
				"north": {"uv": [0, 0, 6, 1], "texture": "#missing"},
				"east": {"uv": [0, 0, 3, 1], "texture": "#missing"},
				"south": {"uv": [6, 0, 0, 1], "texture": "#missing"},
				"west": {"uv": [0, 0, 3, 1], "texture": "#missing"},
				"up": {"uv": [0, 0, 6, 3], "texture": "#missing"},
				"down": {"uv": [0, 0, 6, 3], "texture": "#missing"}
			}
		},
		{
			"from": [4, 1, 14],
			"to": [12, 2, 17],
			"color": 8,
			"faces": {
				"north": {"uv": [0, 0, 8, 1], "texture": "#missing"},
				"east": {"uv": [0, 0, 3, 1], "texture": "#missing"},
				"south": {"uv": [0, 0, 8, 1], "texture": "#missing"},
				"west": {"uv": [0, 0, 3, 1], "texture": "#missing"},
				"up": {"uv": [0, 0, 8, 3], "texture": "#missing"},
				"down": {"uv": [0, 0, 8, 3], "texture": "#missing"}
			}
		},
		{
			"from": [2, 19, 4],
			"to": [4, 22, 5],
			"rotation": {"angle": 0, "axis": "y", "origin": [2, 19, 4]},
			"color": 1,
			"faces": {
				"north": {"uv": [0, 0, 2, 3], "texture": "#missing"},
				"east": {"uv": [0, 0, 1, 3], "texture": "#missing"},
				"south": {"uv": [0, 0, 2, 3], "texture": "#missing"},
				"west": {"uv": [0, 0, 1, 3], "texture": "#missing"},
				"up": {"uv": [0, 0, 2, 1], "texture": "#missing"},
				"down": {"uv": [0, 0, 2, 1], "texture": "#missing"}
			}
		},
		{
			"from": [2, 25, 4],
			"to": [4, 28, 5],
			"rotation": {"angle": 22.5, "axis": "x", "origin": [2, 25, 4]},
			"color": 1,
			"faces": {
				"north": {"uv": [0, 0, 2, 3], "texture": "#missing"},
				"east": {"uv": [0, 0, 1, 3], "texture": "#missing"},
				"south": {"uv": [0, 0, 2, 3], "texture": "#missing"},
				"west": {"uv": [0, 0, 1, 3], "texture": "#missing"},
				"up": {"uv": [0, 0, 2, 1], "texture": "#missing"},
				"down": {"uv": [0, 0, 2, 1], "texture": "#missing"}
			}
		},
		{
			"from": [12, 25, 4],
			"to": [14, 28, 5],
			"rotation": {"angle": 22.5, "axis": "x", "origin": [12, 25, 4]},
			"color": 1,
			"faces": {
				"north": {"uv": [0, 0, 2, 3], "texture": "#missing"},
				"east": {"uv": [0, 0, 1, 3], "texture": "#missing"},
				"south": {"uv": [0, 0, 2, 3], "texture": "#missing"},
				"west": {"uv": [0, 0, 1, 3], "texture": "#missing"},
				"up": {"uv": [0, 0, 2, 1], "texture": "#missing"},
				"down": {"uv": [0, 0, 2, 1], "texture": "#missing"}
			}
		},
		{
			"from": [12, 19, 4],
			"to": [14, 22, 5],
			"rotation": {"angle": 0, "axis": "y", "origin": [12, 19, 4]},
			"color": 1,
			"faces": {
				"north": {"uv": [0, 0, 2, 3], "texture": "#missing"},
				"east": {"uv": [0, 0, 1, 3], "texture": "#missing"},
				"south": {"uv": [0, 0, 2, 3], "texture": "#missing"},
				"west": {"uv": [0, 0, 1, 3], "texture": "#missing"},
				"up": {"uv": [0, 0, 2, 1], "texture": "#missing"},
				"down": {"uv": [0, 0, 2, 1], "texture": "#missing"}
			}
		},
		{
			"from": [3, 9, 14],
			"to": [6, 12, 14],
			"rotation": {"angle": 0, "axis": "y", "origin": [4, 9, 14]},
			"color": 3,
			"faces": {
				"north": {"uv": [0, 0, 3, 3], "texture": "#missing"},
				"east": {"uv": [0, 0, 0, 3], "texture": "#missing"},
				"south": {"uv": [0, 0, 3, 3], "texture": "#missing"},
				"west": {"uv": [0, 0, 0, 3], "texture": "#missing"},
				"up": {"uv": [0, 0, 3, 0], "texture": "#missing"},
				"down": {"uv": [0, 0, 3, 0], "texture": "#missing"}
			}
		},
		{
			"from": [10, 9, 14],
			"to": [13, 12, 14],
			"rotation": {"angle": 0, "axis": "y", "origin": [11, 9, 14]},
			"color": 3,
			"faces": {
				"north": {"uv": [0, 0, 3, 3], "texture": "#missing"},
				"east": {"uv": [0, 0, 0, 3], "texture": "#missing"},
				"south": {"uv": [0, 0, 3, 3], "texture": "#missing"},
				"west": {"uv": [0, 0, 0, 3], "texture": "#missing"},
				"up": {"uv": [0, 0, 3, 0], "texture": "#missing"},
				"down": {"uv": [0, 0, 3, 0], "texture": "#missing"}
			}
		},
		{
			"from": [1, 2, 13],
			"to": [3, 4, 15],
			"color": 2,
			"faces": {
				"north": {"uv": [0, 0, 2, 2], "texture": "#missing"},
				"east": {"uv": [0, 0, 2, 2], "texture": "#missing"},
				"south": {"uv": [0, 0, 2, 2], "texture": "#missing"},
				"west": {"uv": [0, 0, 2, 2], "texture": "#missing"},
				"up": {"uv": [0, 0, 2, 2], "texture": "#missing"},
				"down": {"uv": [0, 0, 2, 2], "texture": "#missing"}
			}
		},
		{
			"from": [13, 2, 13],
			"to": [15, 4, 15],
			"color": 2,
			"faces": {
				"north": {"uv": [0, 0, 2, 2], "texture": "#missing"},
				"east": {"uv": [0, 0, 2, 2], "texture": "#missing"},
				"south": {"uv": [0, 0, 2, 2], "texture": "#missing"},
				"west": {"uv": [0, 0, 2, 2], "texture": "#missing"},
				"up": {"uv": [0, 0, 2, 2], "texture": "#missing"},
				"down": {"uv": [0, 0, 2, 2], "texture": "#missing"}
			}
		}
	],
	"display": {
		"head": {
			"rotation": [0, 180, 0],
			"translation": [0, 0, -1.25]
		}
	}
}