{
	"credit": "Made with Blockbench",
	"textures": {
		"0": "block/jere_eye",
		"1": "block/jere_scary",
		"2": "block/jere_teeth",
		"3": "block/black",
		"particle": "block/jere_eye"
	},
	"elements": [
		{
			"from": [0, 0, 3],
			"to": [16, 16, 16],
			"faces": {
				"north": {"uv": [0, 0, 4, 4], "texture": "#1"},
				"east": {"uv": [4, 0, 7.25, 4], "texture": "#1"},
				"south": {"uv": [0, 4, 4, 8], "texture": "#1"},
				"west": {"uv": [4, 4, 7.25, 8], "texture": "#1"},
				"up": {"uv": [11.25, 3.25, 7.25, 0], "texture": "#1"},
				"down": {"uv": [11.25, 3.25, 7.25, 6.5], "texture": "#1"}
			}
		},
		{
			"from": [0, 0, 0],
			"to": [16, 2, 3],
			"faces": {
				"north": {"uv": [0, 10.5, 4, 11], "texture": "#1"},
				"east": {"uv": [4, 8, 4.75, 8.5], "texture": "#1"},
				"south": {"uv": [4, 10.5, 8, 11], "texture": "#1"},
				"west": {"uv": [4.75, 8, 5.5, 8.5], "texture": "#1"},
				"up": {"uv": [8, 10.5, 4, 9.75], "texture": "#1"},
				"down": {"uv": [12, 9.75, 8, 10.5], "texture": "#1"}
			}
		},
		{
			"from": [0, 6, 0],
			"to": [16, 16, 3],
			"faces": {
				"north": {"uv": [7.25, 6.5, 11.25, 9], "texture": "#1"},
				"east": {"uv": [8, 10.5, 8.75, 13], "texture": "#1"},
				"south": {"uv": [0, 8, 4, 10.5], "texture": "#1"},
				"west": {"uv": [8.75, 10.5, 9.5, 13], "texture": "#1"},
				"up": {"uv": [8, 9.75, 4, 9], "texture": "#1"},
				"down": {"uv": [12, 9, 8, 9.75], "texture": "#1"}
			}
		},
		{
			"from": [11, 10.5, -0.5],
			"to": [13, 12.75, 0],
			"rotation": {"angle": 0, "axis": "y", "origin": [0, -2, -10]},
			"faces": {
				"north": {"uv": [0, 0, 16, 16], "texture": "#0"},
				"east": {"uv": [15, 0, 16, 8], "texture": "#0"},
				"south": {"uv": [-0.5, -3, 4, 4], "texture": "#0"},
				"west": {"uv": [0, 0, 1, 8], "texture": "#0"},
				"up": {"uv": [0, 0, 8, 1], "texture": "#0"},
				"down": {"uv": [0, 15.25, 8, 16], "texture": "#0"}
			}
		},
		{
			"from": [3, 10.5, -0.5],
			"to": [5, 12.75, 0],
			"rotation": {"angle": 0, "axis": "y", "origin": [0, -2, -10]},
			"faces": {
				"north": {"uv": [0, 0, 16, 16], "texture": "#0"},
				"east": {"uv": [15, 0, 16, 16], "texture": "#0"},
				"south": {"uv": [0, 14, 16, 16], "texture": "#0"},
				"west": {"uv": [0, 0, 1, 8], "texture": "#0"},
				"up": {"uv": [0, 0, 8, 1], "texture": "#0"},
				"down": {"uv": [0, 7.25, 2, 12], "texture": "#0"}
			}
		},
		{
			"from": [2, 1, 1],
			"to": [3, 3, 2],
			"rotation": {"angle": -22.5, "axis": "x", "origin": [0, 0, 0]},
			"faces": {
				"north": {"uv": [1, 2, 2, 4], "texture": "#2"},
				"east": {"uv": [2, 2, 3, 4], "texture": "#2"},
				"south": {"uv": [3, 0, 4, 2], "texture": "#2"},
				"west": {"uv": [3, 2, 4, 4], "texture": "#2"},
				"up": {"uv": [10, 9, 9, 8], "texture": "#2"},
				"down": {"uv": [10, 9, 9, 10], "texture": "#2"}
			}
		},
		{
			"from": [4, 1, 1],
			"to": [5, 3, 2],
			"rotation": {"angle": -22.5, "axis": "x", "origin": [0, 0, 0]},
			"faces": {
				"north": {"uv": [0, 4, 1, 6], "texture": "#2"},
				"east": {"uv": [4, 0, 5, 2], "texture": "#2"},
				"south": {"uv": [1, 4, 2, 6], "texture": "#2"},
				"west": {"uv": [2, 4, 3, 6], "texture": "#2"},
				"up": {"uv": [1, 11, 0, 10], "texture": "#2"},
				"down": {"uv": [11, 0, 10, 1], "texture": "#2"}
			}
		},
		{
			"from": [6, 1, 1],
			"to": [7, 3, 2],
			"rotation": {"angle": -22.5, "axis": "x", "origin": [0, 0, 0]},
			"faces": {
				"north": {"uv": [4, 2, 5, 4], "texture": "#2"},
				"east": {"uv": [3, 4, 4, 6], "texture": "#2"},
				"south": {"uv": [4, 4, 5, 6], "texture": "#2"},
				"west": {"uv": [5, 0, 6, 2], "texture": "#2"},
				"up": {"uv": [2, 11, 1, 10], "texture": "#2"},
				"down": {"uv": [11, 1, 10, 2], "texture": "#2"}
			}
		},
		{
			"from": [9, 1, 1],
			"to": [10, 3, 2],
			"rotation": {"angle": -22.5, "axis": "x", "origin": [0, 0, 0]},
			"faces": {
				"north": {"uv": [5, 2, 6, 4], "texture": "#2"},
				"east": {"uv": [5, 4, 6, 6], "texture": "#2"},
				"south": {"uv": [0, 6, 1, 8], "texture": "#2"},
				"west": {"uv": [6, 0, 7, 2], "texture": "#2"},
				"up": {"uv": [3, 11, 2, 10], "texture": "#2"},
				"down": {"uv": [11, 2, 10, 3], "texture": "#2"}
			}
		},
		{
			"from": [11, 1, 1],
			"to": [12, 3, 2],
			"rotation": {"angle": -22.5, "axis": "x", "origin": [0, 0, 0]},
			"faces": {
				"north": {"uv": [1, 6, 2, 8], "texture": "#2"},
				"east": {"uv": [2, 6, 3, 8], "texture": "#2"},
				"south": {"uv": [6, 2, 7, 4], "texture": "#2"},
				"west": {"uv": [3, 6, 4, 8], "texture": "#2"},
				"up": {"uv": [4, 11, 3, 10], "texture": "#2"},
				"down": {"uv": [11, 3, 10, 4], "texture": "#2"}
			}
		},
		{
			"from": [13, 1, 1],
			"to": [14, 3, 2],
			"rotation": {"angle": -22.5, "axis": "x", "origin": [0, 0, 0]},
			"faces": {
				"north": {"uv": [4, 6, 5, 8], "texture": "#2"},
				"east": {"uv": [6, 4, 7, 6], "texture": "#2"},
				"south": {"uv": [5, 6, 6, 8], "texture": "#2"},
				"west": {"uv": [6, 6, 7, 8], "texture": "#2"},
				"up": {"uv": [5, 11, 4, 10], "texture": "#2"},
				"down": {"uv": [11, 4, 10, 5], "texture": "#2"}
			}
		},
		{
			"from": [13, 4, -2],
			"to": [14, 6, -1],
			"rotation": {"angle": 22.5, "axis": "x", "origin": [0, 0, 0]},
			"faces": {
				"north": {"uv": [0, 0, 1, 2], "texture": "#2"},
				"east": {"uv": [1, 0, 2, 2], "texture": "#2"},
				"south": {"uv": [0, 2, 1, 4], "texture": "#2"},
				"west": {"uv": [2, 0, 3, 2], "texture": "#2"},
				"up": {"uv": [10, 7, 9, 6], "texture": "#2"},
				"down": {"uv": [10, 7, 9, 8], "texture": "#2"}
			}
		},
		{
			"from": [11, 4, -2],
			"to": [12, 6, -1],
			"rotation": {"angle": 22.5, "axis": "x", "origin": [0, 0, 0]},
			"faces": {
				"north": {"uv": [7, 0, 8, 2], "texture": "#2"},
				"east": {"uv": [7, 2, 8, 4], "texture": "#2"},
				"south": {"uv": [7, 4, 8, 6], "texture": "#2"},
				"west": {"uv": [7, 6, 8, 8], "texture": "#2"},
				"up": {"uv": [6, 11, 5, 10], "texture": "#2"},
				"down": {"uv": [11, 5, 10, 6], "texture": "#2"}
			}
		},
		{
			"from": [9, 4, -2],
			"to": [10, 6, -1],
			"rotation": {"angle": 22.5, "axis": "x", "origin": [0, 0, 0]},
			"faces": {
				"north": {"uv": [0, 8, 1, 10], "texture": "#2"},
				"east": {"uv": [8, 0, 9, 2], "texture": "#2"},
				"south": {"uv": [1, 8, 2, 10], "texture": "#2"},
				"west": {"uv": [2, 8, 3, 10], "texture": "#2"},
				"up": {"uv": [7, 11, 6, 10], "texture": "#2"},
				"down": {"uv": [11, 6, 10, 7], "texture": "#2"}
			}
		},
		{
			"from": [6, 4, -2],
			"to": [7, 6, -1],
			"rotation": {"angle": 22.5, "axis": "x", "origin": [0, 0, 0]},
			"faces": {
				"north": {"uv": [8, 2, 9, 4], "texture": "#2"},
				"east": {"uv": [3, 8, 4, 10], "texture": "#2"},
				"south": {"uv": [4, 8, 5, 10], "texture": "#2"},
				"west": {"uv": [8, 4, 9, 6], "texture": "#2"},
				"up": {"uv": [8, 11, 7, 10], "texture": "#2"},
				"down": {"uv": [11, 7, 10, 8], "texture": "#2"}
			}
		},
		{
			"from": [4, 4, -2],
			"to": [5, 6, -1],
			"rotation": {"angle": 22.5, "axis": "x", "origin": [0, 0, 0]},
			"faces": {
				"north": {"uv": [5, 8, 6, 10], "texture": "#2"},
				"east": {"uv": [6, 8, 7, 10], "texture": "#2"},
				"south": {"uv": [8, 6, 9, 8], "texture": "#2"},
				"west": {"uv": [7, 8, 8, 10], "texture": "#2"},
				"up": {"uv": [9, 11, 8, 10], "texture": "#2"},
				"down": {"uv": [11, 8, 10, 9], "texture": "#2"}
			}
		},
		{
			"from": [2, 4, -2],
			"to": [3, 6, -1],
			"rotation": {"angle": 22.5, "axis": "x", "origin": [0, 0, 0]},
			"faces": {
				"north": {"uv": [8, 8, 9, 10], "texture": "#2"},
				"east": {"uv": [9, 0, 10, 2], "texture": "#2"},
				"south": {"uv": [9, 2, 10, 4], "texture": "#2"},
				"west": {"uv": [9, 4, 10, 6], "texture": "#2"},
				"up": {"uv": [10, 11, 9, 10], "texture": "#2"},
				"down": {"uv": [11, 9, 10, 10], "texture": "#2"}
			}
		},
		{
			"from": [2, 16, 12],
			"to": [3, 20, 13],
			"faces": {
				"north": {"uv": [0, 0, 1, 4], "texture": "#3"},
				"east": {"uv": [0, 0, 1, 4], "texture": "#3"},
				"south": {"uv": [0, 0, 1, 4], "texture": "#3"},
				"west": {"uv": [0, 0, 1, 4], "texture": "#3"},
				"up": {"uv": [0, 0, 1, 1], "texture": "#3"},
				"down": {"uv": [0, 0, 1, 1], "texture": "#3"}
			}
		},
		{
			"from": [6, 19, 12],
			"to": [7, 23, 13],
			"rotation": {"angle": -22.5, "axis": "z", "origin": [0, 0, 0]},
			"faces": {
				"north": {"uv": [0, 0, 1, 4], "texture": "#3"},
				"east": {"uv": [0, 0, 1, 4], "texture": "#3"},
				"south": {"uv": [0, 0, 1, 4], "texture": "#3"},
				"west": {"uv": [0, 0, 1, 4], "texture": "#3"},
				"up": {"uv": [0, 0, 1, 1], "texture": "#3"},
				"down": {"uv": [0, 0, 1, 1], "texture": "#3"}
			}
		},
		{
			"from": [16, 8, 12],
			"to": [20, 9, 13],
			"faces": {
				"north": {"uv": [0, 0, 1, 4], "rotation": 270, "texture": "#3"},
				"east": {"uv": [0, 0, 1, 1], "rotation": 90, "texture": "#3"},
				"south": {"uv": [0, 0, 1, 4], "rotation": 90, "texture": "#3"},
				"west": {"uv": [0, 0, 1, 1], "rotation": 90, "texture": "#3"},
				"up": {"uv": [0, 0, 1, 4], "rotation": 90, "texture": "#3"},
				"down": {"uv": [0, 0, 1, 4], "rotation": 90, "texture": "#3"}
			}
		},
		{
			"from": [10, 16, 3],
			"to": [14, 17, 4],
			"rotation": {"angle": -22.5, "axis": "z", "origin": [0, 0, 0]},
			"faces": {
				"north": {"uv": [0, 0, 1, 4], "rotation": 270, "texture": "#3"},
				"east": {"uv": [0, 0, 1, 1], "rotation": 90, "texture": "#3"},
				"south": {"uv": [0, 0, 1, 4], "rotation": 90, "texture": "#3"},
				"west": {"uv": [0, 0, 1, 1], "rotation": 90, "texture": "#3"},
				"up": {"uv": [0, 0, 1, 4], "rotation": 90, "texture": "#3"},
				"down": {"uv": [0, 0, 1, 4], "rotation": 90, "texture": "#3"}
			}
		},
		{
			"from": [-9, 12, 3],
			"to": [-5, 13, 4],
			"rotation": {"angle": -22.5, "axis": "z", "origin": [0, 0, 0]},
			"faces": {
				"north": {"uv": [0, 0, 1, 4], "rotation": 270, "texture": "#3"},
				"east": {"uv": [0, 0, 1, 1], "rotation": 90, "texture": "#3"},
				"south": {"uv": [0, 0, 1, 4], "rotation": 90, "texture": "#3"},
				"west": {"uv": [0, 0, 1, 1], "rotation": 90, "texture": "#3"},
				"up": {"uv": [0, 0, 1, 4], "rotation": 90, "texture": "#3"},
				"down": {"uv": [0, 0, 1, 4], "rotation": 90, "texture": "#3"}
			}
		},
		{
			"from": [-9, 14, 9],
			"to": [-5, 15, 10],
			"rotation": {"angle": -22.5, "axis": "z", "origin": [0, 0, 0]},
			"faces": {
				"north": {"uv": [0, 0, 1, 4], "rotation": 270, "texture": "#3"},
				"east": {"uv": [0, 0, 1, 1], "rotation": 90, "texture": "#3"},
				"south": {"uv": [0, 0, 1, 4], "rotation": 90, "texture": "#3"},
				"west": {"uv": [0, 0, 1, 1], "rotation": 90, "texture": "#3"},
				"up": {"uv": [0, 0, 1, 4], "rotation": 90, "texture": "#3"},
				"down": {"uv": [0, 0, 1, 4], "rotation": 90, "texture": "#3"}
			}
		},
		{
			"from": [-10, 14, 16],
			"to": [-6, 15, 17],
			"rotation": {"angle": 45, "axis": "y", "origin": [0, 0, 0]},
			"faces": {
				"north": {"uv": [0, 0, 1, 4], "rotation": 270, "texture": "#3"},
				"east": {"uv": [0, 0, 1, 1], "rotation": 90, "texture": "#3"},
				"south": {"uv": [0, 0, 1, 4], "rotation": 90, "texture": "#3"},
				"west": {"uv": [0, 0, 1, 1], "rotation": 90, "texture": "#3"},
				"up": {"uv": [0, 0, 1, 4], "rotation": 90, "texture": "#3"},
				"down": {"uv": [0, 0, 1, 4], "rotation": 90, "texture": "#3"}
			}
		},
		{
			"from": [1, 6, 17],
			"to": [2, 7, 21],
			"rotation": {"angle": 22.5, "axis": "y", "origin": [0, 0, 0]},
			"faces": {
				"north": {"uv": [0, 0, 1, 1], "rotation": 90, "texture": "#3"},
				"east": {"uv": [0, 0, 1, 4], "rotation": 90, "texture": "#3"},
				"south": {"uv": [0, 0, 1, 1], "rotation": 90, "texture": "#3"},
				"west": {"uv": [0, 0, 1, 4], "rotation": 270, "texture": "#3"},
				"up": {"uv": [0, 0, 1, 4], "texture": "#3"},
				"down": {"uv": [0, 0, 1, 4], "rotation": 180, "texture": "#3"}
			}
		},
		{
			"from": [3, 9, 18],
			"to": [4, 10, 22],
			"rotation": {"angle": 22.5, "axis": "y", "origin": [0, 0, 0]},
			"faces": {
				"north": {"uv": [0, 0, 1, 1], "rotation": 90, "texture": "#3"},
				"east": {"uv": [0, 0, 1, 4], "rotation": 90, "texture": "#3"},
				"south": {"uv": [0, 0, 1, 1], "rotation": 90, "texture": "#3"},
				"west": {"uv": [0, 0, 1, 4], "rotation": 270, "texture": "#3"},
				"up": {"uv": [0, 0, 1, 4], "texture": "#3"},
				"down": {"uv": [0, 0, 1, 4], "rotation": 180, "texture": "#3"}
			}
		},
		{
			"from": [5, 9, 12],
			"to": [6, 10, 16],
			"rotation": {"angle": -22.5, "axis": "y", "origin": [0, 0, 0]},
			"faces": {
				"north": {"uv": [0, 0, 1, 1], "rotation": 90, "texture": "#3"},
				"east": {"uv": [0, 0, 1, 4], "rotation": 90, "texture": "#3"},
				"south": {"uv": [0, 0, 1, 1], "rotation": 90, "texture": "#3"},
				"west": {"uv": [0, 0, 1, 4], "rotation": 270, "texture": "#3"},
				"up": {"uv": [0, 0, 1, 4], "texture": "#3"},
				"down": {"uv": [0, 0, 1, 4], "rotation": 180, "texture": "#3"}
			}
		}
	],
	"display": {
		"ground": {
			"translation": [0, 6, 0]
		},
		"gui": {
			"rotation": [0, 180, 0]
		},
		"head": {
			"translation": [0, 2.75, 0]
		},
		"fixed": {
			"translation": [0, 0, -7.5]
		}
	},
	"groups": [
		0,
		1,
		2,
		{
			"name": "group",
			"origin": [0, -2, -10],
			"color": 0,
			"children": [3, 4]
		},
		{
			"name": "group",
			"origin": [0, 0, 0],
			"color": 0,
			"children": [5, 6, 7, 8, 9, 10, 11, 12, 13, 14, 15, 16]
		},
		17,
		18,
		19,
		20,
		21,
		22,
		23,
		24,
		25,
		26
	]
}