{
	"credit": "Made with Blockbench",
	"texture_size": [64, 64],
	"textures": {
		"2": "block/weird",
		"3": "block/freddy_eye",
		"4": "block/freddy",
		"particle": "block/black"
	},
	"elements": [
		{
			"from": [2.075, 3, 0.9],
			"to": [13.8, 4, 12.525],
			"rotation": {"angle": 0, "axis": "y", "origin": [11.8, 2, 0.9]},
			"faces": {
				"north": {"uv": [11, 1.5, 13.875, 1.75], "texture": "#4"},
				"east": {"uv": [11.25, 8.75, 14.125, 9], "texture": "#4"},
				"south": {"uv": [11.5, 11, 14.375, 11.25], "texture": "#4"},
				"west": {"uv": [11.5, 11.25, 14.375, 11.5], "texture": "#4"},
				"up": {"uv": [6.375, 2.875, 3.5, 0], "texture": "#4"},
				"down": {"uv": [6.375, 3, 3.5, 5.875], "texture": "#4"}
			}
		},
		{
			"from": [3.075, 2, 0.9],
			"to": [12.8, 3, 12.525],
			"rotation": {"angle": 0, "axis": "y", "origin": [11.8, 1, 0.9]},
			"faces": {
				"north": {"uv": [11.75, 6.75, 14.125, 7], "texture": "#4"},
				"east": {"uv": [11.75, 2.5, 14.625, 2.75], "texture": "#4"},
				"south": {"uv": [11.75, 7, 14.125, 7.25], "texture": "#4"},
				"west": {"uv": [11.75, 2.75, 14.625, 3], "texture": "#4"},
				"up": {"uv": [8.875, 5.875, 6.5, 3], "texture": "#4"},
				"down": {"uv": [11.125, 6, 8.75, 8.875], "texture": "#4"}
			}
		},
		{
			"from": [13.375, 2.65, 0.9],
			"to": [14.775, 3.65, 12.525],
			"rotation": {"angle": 45, "axis": "z", "origin": [13.8, 1.65, 0.9]},
			"faces": {
				"north": {"uv": [12, 12.5, 12.375, 12.75], "texture": "#4"},
				"east": {"uv": [11.75, 5.75, 14.625, 6], "texture": "#4"},
				"south": {"uv": [12.5, 12, 12.875, 12.25], "texture": "#4"},
				"west": {"uv": [11.75, 6, 14.625, 6.25], "texture": "#4"},
				"up": {"uv": [6.375, 14.125, 6, 11.25], "texture": "#4"},
				"down": {"uv": [6.875, 11.25, 6.5, 14.125], "texture": "#4"}
			}
		},
		{
			"from": [1.25, 3, 0.9],
			"to": [2.725, 4, 12.525],
			"rotation": {"angle": -45, "axis": "z", "origin": [1.725, 2, 0.9]},
			"faces": {
				"north": {"uv": [12.5, 12.25, 12.875, 12.5], "texture": "#4"},
				"east": {"uv": [11.75, 6.25, 14.625, 6.5], "texture": "#4"},
				"south": {"uv": [12.5, 12.5, 12.875, 12.75], "texture": "#4"},
				"west": {"uv": [11.75, 6.5, 14.625, 6.75], "texture": "#4"},
				"up": {"uv": [7.375, 14.125, 7, 11.25], "texture": "#4"},
				"down": {"uv": [7.875, 11.25, 7.5, 14.125], "texture": "#4"}
			}
		},
		{
			"from": [4.45, 3.4, -0.65],
			"to": [11.45, 4, 1.525],
			"rotation": {"angle": 0, "axis": "y", "origin": [12.175, 2, -10.1]},
			"faces": {
				"north": {"uv": [12, 4.25, 13.75, 4.375], "texture": "#4"},
				"east": {"uv": [0, 12.75, 0.5, 12.875], "texture": "#4"},
				"south": {"uv": [12, 4.5, 13.75, 4.625], "texture": "#4"},
				"west": {"uv": [0.5, 12.75, 1, 12.875], "texture": "#4"},
				"up": {"uv": [12.75, 1, 11, 0.5], "texture": "#4"},
				"down": {"uv": [12.75, 1, 11, 1.5], "texture": "#4"}
			}
		},
		{
			"from": [9.1, 3.975, -0.475],
			"to": [9.9, 4.425, -0.15],
			"rotation": {"angle": 0, "axis": "y", "origin": [10.625, 2.575, -9.925]},
			"faces": {
				"north": {"uv": [13, 5, 13.25, 5.125], "texture": "#4"},
				"east": {"uv": [4, 13.25, 4.125, 13.375], "texture": "#4"},
				"south": {"uv": [13, 5.25, 13.25, 5.375], "texture": "#4"},
				"west": {"uv": [4.25, 13.25, 4.375, 13.375], "texture": "#4"},
				"up": {"uv": [13.25, 5.625, 13, 5.5], "texture": "#4"},
				"down": {"uv": [9, 13, 8.75, 13.125], "texture": "#4"}
			}
		},
		{
			"from": [8.125, 3.975, -0.475],
			"to": [8.925, 4.425, -0.15],
			"rotation": {"angle": 0, "axis": "y", "origin": [9.65, 2.575, -9.925]},
			"faces": {
				"north": {"uv": [9, 13, 9.25, 13.125], "texture": "#4"},
				"east": {"uv": [4.5, 13.25, 4.625, 13.375], "texture": "#4"},
				"south": {"uv": [9.25, 13, 9.5, 13.125], "texture": "#4"},
				"west": {"uv": [4.75, 13.25, 4.875, 13.375], "texture": "#4"},
				"up": {"uv": [9.75, 13.125, 9.5, 13], "texture": "#4"},
				"down": {"uv": [11.75, 13, 11.5, 13.125], "texture": "#4"}
			}
		},
		{
			"from": [7.05, 4, -0.475],
			"to": [7.85, 4.45, -0.15],
			"rotation": {"angle": 0, "axis": "y", "origin": [8.575, 2.6, -9.925]},
			"faces": {
				"north": {"uv": [10.75, 10.5, 11, 10.625], "texture": "#4"},
				"east": {"uv": [3, 13.25, 3.125, 13.375], "texture": "#4"},
				"south": {"uv": [4.5, 13, 4.75, 13.125], "texture": "#4"},
				"west": {"uv": [3.25, 13.25, 3.375, 13.375], "texture": "#4"},
				"up": {"uv": [5, 13.125, 4.75, 13], "texture": "#4"},
				"down": {"uv": [13.25, 4.75, 13, 4.875], "texture": "#4"}
			}
		},
		{
			"from": [6.05, 4, -0.475],
			"to": [6.85, 4.45, -0.15],
			"rotation": {"angle": 0, "axis": "y", "origin": [7.575, 2.6, -9.925]},
			"faces": {
				"north": {"uv": [11.75, 13, 12, 13.125], "texture": "#4"},
				"east": {"uv": [13.25, 4.75, 13.375, 4.875], "texture": "#4"},
				"south": {"uv": [12, 13, 12.25, 13.125], "texture": "#4"},
				"west": {"uv": [13.25, 5, 13.375, 5.125], "texture": "#4"},
				"up": {"uv": [13.25, 12.125, 13, 12], "texture": "#4"},
				"down": {"uv": [12.5, 13, 12.25, 13.125], "texture": "#4"}
			}
		},
		{
			"from": [9.1, 5.2, -0.475],
			"to": [9.9, 5.65, -0.15],
			"rotation": {"angle": 0, "axis": "y", "origin": [10.625, 3.8, -9.925]},
			"faces": {
				"north": {"uv": [2, 13.25, 2.25, 13.375], "texture": "#4"},
				"east": {"uv": [11, 13.5, 11.125, 13.625], "texture": "#4"},
				"south": {"uv": [2.25, 13.25, 2.5, 13.375], "texture": "#4"},
				"west": {"uv": [11.25, 13.5, 11.375, 13.625], "texture": "#4"},
				"up": {"uv": [2.75, 13.375, 2.5, 13.25], "texture": "#4"},
				"down": {"uv": [3, 13.25, 2.75, 13.375], "texture": "#4"}
			}
		},
		{
			"from": [8.125, 5.2, -0.475],
			"to": [8.925, 5.65, -0.15],
			"rotation": {"angle": 0, "axis": "y", "origin": [9.65, 3.8, -9.925]},
			"faces": {
				"north": {"uv": [13.25, 1, 13.5, 1.125], "texture": "#4"},
				"east": {"uv": [13.5, 10.5, 13.625, 10.625], "texture": "#4"},
				"south": {"uv": [13.25, 1.25, 13.5, 1.375], "texture": "#4"},
				"west": {"uv": [13.5, 10.75, 13.625, 10.875], "texture": "#4"},
				"up": {"uv": [1.75, 13.375, 1.5, 13.25], "texture": "#4"},
				"down": {"uv": [2, 13.25, 1.75, 13.375], "texture": "#4"}
			}
		},
		{
			"from": [7.05, 5.175, -0.475],
			"to": [7.85, 5.625, -0.15],
			"rotation": {"angle": 0, "axis": "y", "origin": [8.575, 3.775, -9.925]},
			"faces": {
				"north": {"uv": [0.5, 13.25, 0.75, 13.375], "texture": "#4"},
				"east": {"uv": [9.25, 13.5, 9.375, 13.625], "texture": "#4"},
				"south": {"uv": [13.25, 0.5, 13.5, 0.625], "texture": "#4"},
				"west": {"uv": [9.5, 13.5, 9.625, 13.625], "texture": "#4"},
				"up": {"uv": [1, 13.375, 0.75, 13.25], "texture": "#4"},
				"down": {"uv": [13.5, 0.75, 13.25, 0.875], "texture": "#4"}
			}
		},
		{
			"from": [6.05, 5.175, -0.475],
			"to": [6.85, 5.625, -0.15],
			"rotation": {"angle": 0, "axis": "y", "origin": [7.575, 3.775, -9.925]},
			"faces": {
				"north": {"uv": [13, 12.75, 13.25, 12.875], "texture": "#4"},
				"east": {"uv": [8.75, 13.5, 8.875, 13.625], "texture": "#4"},
				"south": {"uv": [13, 13, 13.25, 13.125], "texture": "#4"},
				"west": {"uv": [9, 13.5, 9.125, 13.625], "texture": "#4"},
				"up": {"uv": [0.25, 13.375, 0, 13.25], "texture": "#4"},
				"down": {"uv": [0.5, 13.25, 0.25, 13.375], "texture": "#4"}
			}
		},
		{
			"from": [4.45, 5.625, -0.65],
			"to": [11.45, 6.85, 1.525],
			"rotation": {"angle": 0, "axis": "y", "origin": [12.175, 4.225, -10.1]},
			"faces": {
				"north": {"uv": [9, 5.75, 10.75, 6], "texture": "#4"},
				"east": {"uv": [3.5, 12.5, 4, 12.75], "texture": "#4"},
				"south": {"uv": [11.75, 7.25, 13.5, 7.5], "texture": "#4"},
				"west": {"uv": [4, 12.5, 4.5, 12.75], "texture": "#4"},
				"up": {"uv": [9.75, 11.75, 8, 11.25], "texture": "#4"},
				"down": {"uv": [13.25, 10.5, 11.5, 11], "texture": "#4"}
			}
		},
		{
			"from": [5.125, 6, -0.725],
			"to": [5.425, 6.3, -0.7],
			"rotation": {"angle": 0, "axis": "y", "origin": [6.075, 3.9, -12.025]},
			"faces": {
				"north": {"uv": [11.5, 13.25, 11.625, 13.375], "texture": "#4"},
				"east": {"uv": [11.75, 13.25, 11.875, 13.375], "texture": "#4"},
				"south": {"uv": [12, 13.25, 12.125, 13.375], "texture": "#4"},
				"west": {"uv": [13.25, 12, 13.375, 12.125], "texture": "#4"},
				"up": {"uv": [12.375, 13.375, 12.25, 13.25], "texture": "#4"},
				"down": {"uv": [13.375, 12.25, 13.25, 12.375], "texture": "#4"}
			}
		},
		{
			"from": [5.375, 6.425, -0.725],
			"to": [5.675, 6.725, -0.7],
			"rotation": {"angle": 0, "axis": "y", "origin": [6.325, 4.325, -12.025]},
			"faces": {
				"north": {"uv": [8.75, 13.25, 8.875, 13.375], "texture": "#4"},
				"east": {"uv": [9, 13.25, 9.125, 13.375], "texture": "#4"},
				"south": {"uv": [9.25, 13.25, 9.375, 13.375], "texture": "#4"},
				"west": {"uv": [9.5, 13.25, 9.625, 13.375], "texture": "#4"},
				"up": {"uv": [13.375, 10.625, 13.25, 10.5], "texture": "#4"},
				"down": {"uv": [13.375, 10.75, 13.25, 10.875], "texture": "#4"}
			}
		},
		{
			"from": [5.6, 6, -0.725],
			"to": [5.9, 6.3, -0.7],
			"rotation": {"angle": 0, "axis": "y", "origin": [6.55, 3.9, -12.025]},
			"faces": {
				"north": {"uv": [12.5, 13.25, 12.625, 13.375], "texture": "#4"},
				"east": {"uv": [13.25, 12.5, 13.375, 12.625], "texture": "#4"},
				"south": {"uv": [12.75, 13.25, 12.875, 13.375], "texture": "#4"},
				"west": {"uv": [13.25, 12.75, 13.375, 12.875], "texture": "#4"},
				"up": {"uv": [13.125, 13.375, 13, 13.25], "texture": "#4"},
				"down": {"uv": [13.375, 13, 13.25, 13.125], "texture": "#4"}
			}
		},
		{
			"from": [10.475, 6, -0.725],
			"to": [10.775, 6.3, -0.7],
			"rotation": {"angle": 0, "axis": "y", "origin": [11.425, 3.9, -12.025]},
			"faces": {
				"north": {"uv": [13.5, 5.5, 13.625, 5.625], "texture": "#4"},
				"east": {"uv": [13.5, 7.25, 13.625, 7.375], "texture": "#4"},
				"south": {"uv": [13.5, 7.5, 13.625, 7.625], "texture": "#4"},
				"west": {"uv": [13.5, 7.75, 13.625, 7.875], "texture": "#4"},
				"up": {"uv": [13.625, 8.125, 13.5, 8], "texture": "#4"},
				"down": {"uv": [13.625, 8.25, 13.5, 8.375], "texture": "#4"}
			}
		},
		{
			"from": [10.25, 6.425, -0.725],
			"to": [10.55, 6.725, -0.7],
			"rotation": {"angle": 0, "axis": "y", "origin": [11.2, 4.325, -12.025]},
			"faces": {
				"north": {"uv": [4.25, 13.5, 4.375, 13.625], "texture": "#4"},
				"east": {"uv": [4.5, 13.5, 4.625, 13.625], "texture": "#4"},
				"south": {"uv": [4.75, 13.5, 4.875, 13.625], "texture": "#4"},
				"west": {"uv": [13.5, 4.75, 13.625, 4.875], "texture": "#4"},
				"up": {"uv": [13.625, 5.125, 13.5, 5], "texture": "#4"},
				"down": {"uv": [13.625, 5.25, 13.5, 5.375], "texture": "#4"}
			}
		},
		{
			"from": [10, 6, -0.725],
			"to": [10.3, 6.3, -0.7],
			"rotation": {"angle": 0, "axis": "y", "origin": [10.95, 3.9, -12.025]},
			"faces": {
				"north": {"uv": [2.75, 13.5, 2.875, 13.625], "texture": "#4"},
				"east": {"uv": [3, 13.5, 3.125, 13.625], "texture": "#4"},
				"south": {"uv": [3.25, 13.5, 3.375, 13.625], "texture": "#4"},
				"west": {"uv": [3.5, 13.5, 3.625, 13.625], "texture": "#4"},
				"up": {"uv": [3.875, 13.625, 3.75, 13.5], "texture": "#4"},
				"down": {"uv": [4.125, 13.5, 4, 13.625], "texture": "#4"}
			}
		},
		{
			"from": [7.275, 6.575, -0.975],
			"to": [8.65, 7.25, -0.5],
			"rotation": {"angle": 0, "axis": "y", "origin": [11.8, 5.85, -12.125]},
			"faces": {
				"north": {"uv": [12, 12.75, 12.375, 12.875], "texture": "#4"},
				"east": {"uv": [13.25, 5.25, 13.375, 5.375], "texture": "#4"},
				"south": {"uv": [12.5, 12.75, 12.875, 12.875], "texture": "#4"},
				"west": {"uv": [13.25, 5.5, 13.375, 5.625], "texture": "#4"},
				"up": {"uv": [0.375, 13.125, 0, 13], "texture": "#4"},
				"down": {"uv": [0.875, 13, 0.5, 13.125], "texture": "#4"}
			}
		},
		{
			"from": [9.525, 8.175, 0.45],
			"to": [11.525, 10.175, 0.7],
			"rotation": {"angle": 0, "axis": "y", "origin": [14.05, 7.45, -10.925]},
			"faces": {
				"north": {"uv": [0, 0, 16, 16], "texture": "#3"},
				"east": {"uv": [0, 0, 0.0625, 0.5], "texture": "#3"},
				"south": {"uv": [0, 0, 0.5, 0.5], "texture": "#3"},
				"west": {"uv": [0, 0, 0.0625, 0.5], "texture": "#3"},
				"up": {"uv": [0, 0, 0.5, 0.0625], "texture": "#3"},
				"down": {"uv": [0, 0, 0.5, 0.0625], "texture": "#3"}
			}
		},
		{
			"from": [12.225, 4.25, 0.675],
			"to": [14.15, 5.75, 0.925],
			"rotation": {"angle": 0, "axis": "y", "origin": [16.825, 3.525, -10.7]},
			"faces": {
				"north": {"uv": [4, 12, 4.5, 12.375], "texture": "#4"},
				"east": {"uv": [1, 13, 1.125, 13.375], "texture": "#4"},
				"south": {"uv": [4.5, 12, 5, 12.375], "texture": "#4"},
				"west": {"uv": [1.25, 13, 1.375, 13.375], "texture": "#4"},
				"up": {"uv": [3.5, 12.875, 3, 12.75], "texture": "#4"},
				"down": {"uv": [4, 12.75, 3.5, 12.875], "texture": "#4"}
			}
		},
		{
			"from": [12.4, 4.075, 0.675],
			"to": [13.9, 5.925, 0.925],
			"rotation": {"angle": 0, "axis": "y", "origin": [16.925, 3.4, -10.7]},
			"faces": {
				"north": {"uv": [11.5, 12, 11.875, 12.5], "texture": "#4"},
				"east": {"uv": [9.5, 12.5, 9.625, 13], "texture": "#4"},
				"south": {"uv": [12, 12, 12.375, 12.5], "texture": "#4"},
				"west": {"uv": [4, 12.75, 4.125, 13.25], "texture": "#4"},
				"up": {"uv": [1.875, 13.125, 1.5, 13], "texture": "#4"},
				"down": {"uv": [2.375, 13, 2, 13.125], "texture": "#4"}
			}
		},
		{
			"from": [1.625, 4.25, 0.675],
			"to": [3.55, 5.75, 0.925],
			"rotation": {"angle": 0, "axis": "y", "origin": [6.225, 3.525, -10.7]},
			"faces": {
				"north": {"uv": [1, 12.25, 1.5, 12.625], "texture": "#4"},
				"east": {"uv": [3.5, 13, 3.625, 13.375], "texture": "#4"},
				"south": {"uv": [1.5, 12.25, 2, 12.625], "texture": "#4"},
				"west": {"uv": [3.75, 13, 3.875, 13.375], "texture": "#4"},
				"up": {"uv": [9.5, 12.875, 9, 12.75], "texture": "#4"},
				"down": {"uv": [12, 12.75, 11.5, 12.875], "texture": "#4"}
			}
		},
		{
			"from": [1.8, 4.075, 0.675],
			"to": [3.3, 5.925, 0.925],
			"rotation": {"angle": 0, "axis": "y", "origin": [6.325, 3.4, -10.7]},
			"faces": {
				"north": {"uv": [0, 12.25, 0.375, 12.75], "texture": "#4"},
				"east": {"uv": [4.25, 12.75, 4.375, 13.25], "texture": "#4"},
				"south": {"uv": [0.5, 12.25, 0.875, 12.75], "texture": "#4"},
				"west": {"uv": [12.75, 5.25, 12.875, 5.75], "texture": "#4"},
				"up": {"uv": [2.875, 13.125, 2.5, 13], "texture": "#4"},
				"down": {"uv": [3.375, 13, 3, 13.125], "texture": "#4"}
			}
		},
		{
			"from": [9.525, 10.675, 0.45],
			"to": [11.525, 10.975, 0.7],
			"rotation": {"angle": 0, "axis": "y", "origin": [14.05, 9.95, -10.925]},
			"faces": {
				"north": {"uv": [12.75, 0.5, 13.25, 0.625], "texture": "#4"},
				"east": {"uv": [13.25, 13.25, 13.375, 13.375], "texture": "#4"},
				"south": {"uv": [12.75, 0.75, 13.25, 0.875], "texture": "#4"},
				"west": {"uv": [0, 13.5, 0.125, 13.625], "texture": "#4"},
				"up": {"uv": [1.5, 12.875, 1, 12.75], "texture": "#4"},
				"down": {"uv": [13.25, 1, 12.75, 1.125], "texture": "#4"}
			}
		},
		{
			"from": [4.25, 10.675, 0.45],
			"to": [6.25, 10.975, 0.7],
			"rotation": {"angle": 0, "axis": "y", "origin": [13.775, 9.95, -10.925]},
			"faces": {
				"north": {"uv": [12.75, 1.25, 13.25, 1.375], "texture": "#4"},
				"east": {"uv": [13.5, 1, 13.625, 1.125], "texture": "#4"},
				"south": {"uv": [1.5, 12.75, 2, 12.875], "texture": "#4"},
				"west": {"uv": [1.25, 13.5, 1.375, 13.625], "texture": "#4"},
				"up": {"uv": [2.5, 12.875, 2, 12.75], "texture": "#4"},
				"down": {"uv": [3, 12.75, 2.5, 12.875], "texture": "#4"}
			}
		},
		{
			"from": [10.775, 9.025, 0.45],
			"to": [11.1, 9.325, 0.7],
			"rotation": {"angle": -22.5, "axis": "z", "origin": [15.3, 8.3, -10.925]},
			"faces": {
				"north": {"uv": [0.25, 13.5, 0.375, 13.625], "texture": "#4"},
				"east": {"uv": [0.5, 13.5, 0.625, 13.625], "texture": "#4"},
				"south": {"uv": [13.5, 0.5, 13.625, 0.625], "texture": "#4"},
				"west": {"uv": [0.75, 13.5, 0.875, 13.625], "texture": "#4"},
				"up": {"uv": [13.625, 0.875, 13.5, 0.75], "texture": "#4"},
				"down": {"uv": [1.125, 13.5, 1, 13.625], "texture": "#4"}
			}
		},
		{
			"from": [4.025, 12.35, 0.45],
			"to": [4.35, 12.65, 0.7],
			"rotation": {"angle": 22.5, "axis": "z", "origin": [8.55, 11.625, -10.925]},
			"faces": {
				"north": {"uv": [13.5, 1.25, 13.625, 1.375], "texture": "#4"},
				"east": {"uv": [1.5, 13.5, 1.625, 13.625], "texture": "#4"},
				"south": {"uv": [1.75, 13.5, 1.875, 13.625], "texture": "#4"},
				"west": {"uv": [2, 13.5, 2.125, 13.625], "texture": "#4"},
				"up": {"uv": [2.375, 13.625, 2.25, 13.5], "texture": "#4"},
				"down": {"uv": [2.625, 13.5, 2.5, 13.625], "texture": "#4"}
			}
		},
		{
			"from": [4.25, 8.175, 0.45],
			"to": [6.25, 10.175, 0.7],
			"rotation": {"angle": 0, "axis": "y", "origin": [13.775, 7.45, -10.925]},
			"faces": {
				"north": {"uv": [0, 0, 16, 16], "texture": "#3"},
				"east": {"uv": [0, 0, 0.0625, 0.5], "texture": "#3"},
				"south": {"uv": [0, 0, 0.5, 0.5], "texture": "#3"},
				"west": {"uv": [0, 0, 0.0625, 0.5], "texture": "#3"},
				"up": {"uv": [0, 0, 0.5, 0.0625], "texture": "#3"},
				"down": {"uv": [0, 0, 0.5, 0.0625], "texture": "#3"}
			}
		},
		{
			"from": [1.075, 4, 0.9],
			"to": [14.8, 6, 12.525],
			"rotation": {"angle": 0, "axis": "y", "origin": [11.8, 4, 0.9]},
			"faces": {
				"north": {"uv": [9, 4.75, 12.375, 5.25], "texture": "#4"},
				"east": {"uv": [5, 10.75, 7.875, 11.25], "texture": "#4"},
				"south": {"uv": [9, 5.25, 12.375, 5.75], "texture": "#4"},
				"west": {"uv": [8, 10.75, 10.875, 11.25], "texture": "#4"},
				"up": {"uv": [3.375, 2.875, 0, 0], "texture": "#4"},
				"down": {"uv": [3.375, 3, 0, 5.875], "texture": "#4"}
			}
		},
		{
			"from": [1.225, 4.7, 0.9],
			"to": [2.35, 6.7, 12.525],
			"rotation": {"angle": -22.5, "axis": "z", "origin": [-0.65, 4.7, 0.9]},
			"faces": {
				"north": {"uv": [2, 12.25, 2.25, 12.75], "texture": "#4"},
				"east": {"uv": [10.75, 9, 13.625, 9.5], "texture": "#4"},
				"south": {"uv": [2.25, 12.25, 2.5, 12.75], "texture": "#4"},
				"west": {"uv": [10.75, 9.5, 13.625, 10], "texture": "#4"},
				"up": {"uv": [10, 14.125, 9.75, 11.25], "texture": "#4"},
				"down": {"uv": [10.25, 11.25, 10, 14.125], "texture": "#4"}
			}
		},
		{
			"from": [13.875, 2.9, 0.9],
			"to": [15, 4.9, 12.525],
			"rotation": {"angle": 22.5, "axis": "z", "origin": [12, 2.9, 0.9]},
			"faces": {
				"north": {"uv": [2.5, 12.25, 2.75, 12.75], "texture": "#4"},
				"east": {"uv": [10.75, 10, 13.625, 10.5], "texture": "#4"},
				"south": {"uv": [2.75, 12.25, 3, 12.75], "texture": "#4"},
				"west": {"uv": [11, 0, 13.875, 0.5], "texture": "#4"},
				"up": {"uv": [10.5, 14.125, 10.25, 11.25], "texture": "#4"},
				"down": {"uv": [10.75, 11.25, 10.5, 14.125], "texture": "#4"}
			}
		},
		{
			"from": [11.675, 5.075, 0.9],
			"to": [13.675, 6.2, 12.525],
			"rotation": {"angle": -22.5, "axis": "z", "origin": [13.675, 3.2, 0.9]},
			"faces": {
				"north": {"uv": [10.75, 5.75, 11.25, 6], "texture": "#4"},
				"east": {"uv": [11.5, 11.5, 14.375, 11.75], "texture": "#4"},
				"south": {"uv": [8.75, 12.25, 9.25, 12.5], "texture": "#4"},
				"west": {"uv": [11.75, 1.75, 14.625, 2], "texture": "#4"},
				"up": {"uv": [11.5, 13.375, 11, 10.5], "texture": "#4"},
				"down": {"uv": [5.5, 11.25, 5, 14.125], "texture": "#4"}
			}
		},
		{
			"from": [2.125, 5.925, 0.9],
			"to": [4.125, 7.05, 12.525],
			"rotation": {"angle": 22.5, "axis": "z", "origin": [4.125, 4.05, 0.9]},
			"faces": {
				"north": {"uv": [9.25, 12.25, 9.75, 12.5], "texture": "#4"},
				"east": {"uv": [11.75, 2, 14.625, 2.25], "texture": "#4"},
				"south": {"uv": [3, 12.5, 3.5, 12.75], "texture": "#4"},
				"west": {"uv": [11.75, 2.25, 14.625, 2.5], "texture": "#4"},
				"up": {"uv": [6, 14.125, 5.5, 11.25], "texture": "#4"},
				"down": {"uv": [11.75, 5.75, 11.25, 8.625], "texture": "#4"}
			}
		},
		{
			"from": [2.075, 6, 0.9],
			"to": [13.8, 12.3, 12.525],
			"rotation": {"angle": 0, "axis": "y", "origin": [11.8, 6, 0.9]},
			"faces": {
				"north": {"uv": [0, 9, 2.875, 10.625], "texture": "#4"},
				"east": {"uv": [3, 9, 5.875, 10.625], "texture": "#4"},
				"south": {"uv": [9, 3, 11.875, 4.625], "texture": "#4"},
				"west": {"uv": [6, 9, 8.875, 10.625], "texture": "#4"},
				"up": {"uv": [2.875, 8.875, 0, 6], "texture": "#4"},
				"down": {"uv": [5.875, 6, 3, 8.875], "texture": "#4"}
			}
		},
		{
			"from": [2.775, 12.3, 0.9],
			"to": [13.075, 13, 12.525],
			"rotation": {"angle": 0, "axis": "y", "origin": [11.8, 12.5, 0.9]},
			"faces": {
				"north": {"uv": [12, 3.75, 14.625, 3.875], "texture": "#4"},
				"east": {"uv": [11.75, 8.5, 14.625, 8.625], "texture": "#4"},
				"south": {"uv": [12, 4, 14.625, 4.125], "texture": "#4"},
				"west": {"uv": [11.5, 11.75, 14.375, 11.875], "texture": "#4"},
				"up": {"uv": [8.625, 8.875, 6, 6], "texture": "#4"},
				"down": {"uv": [9.125, 0, 6.5, 2.875], "texture": "#4"}
			}
		},
		{
			"from": [2.55, 11.6, 0.9],
			"to": [3.575, 12.085, 12.525],
			"rotation": {"angle": 45, "axis": "z", "origin": [2.075, 11.6, 0.9]},
			"faces": {
				"north": {"uv": [13, 12.25, 13.25, 12.375], "texture": "#4"},
				"east": {"uv": [0, 12, 2.875, 12.125], "texture": "#4"},
				"south": {"uv": [12.5, 13, 12.75, 13.125], "texture": "#4"},
				"west": {"uv": [12, 3, 14.875, 3.125], "texture": "#4"},
				"up": {"uv": [11, 14.125, 10.75, 11.25], "texture": "#4"},
				"down": {"uv": [8.25, 11.75, 8, 14.625], "texture": "#4"}
			}
		},
		{
			"from": [12.85, 13, 0.9],
			"to": [13.875, 13.5, 12.525],
			"rotation": {"angle": -45, "axis": "z", "origin": [12.375, 13, 0.9]},
			"faces": {
				"north": {"uv": [13, 12.5, 13.25, 12.625], "texture": "#4"},
				"east": {"uv": [12, 3.25, 14.875, 3.375], "texture": "#4"},
				"south": {"uv": [12.75, 13, 13, 13.125], "texture": "#4"},
				"west": {"uv": [12, 3.5, 14.875, 3.625], "texture": "#4"},
				"up": {"uv": [8.5, 14.625, 8.25, 11.75], "texture": "#4"},
				"down": {"uv": [8.75, 11.75, 8.5, 14.625], "texture": "#4"}
			}
		},
		{
			"from": [14.15, 13.4, 5.3],
			"to": [16.15, 15.4, 6.3],
			"rotation": {"angle": 0, "axis": "y", "origin": [14.9, 13.4, -6.7]},
			"faces": {
				"north": {"uv": [8.75, 11.75, 9.25, 12.25], "texture": "#4"},
				"east": {"uv": [4.5, 12.5, 4.75, 13], "texture": "#4"},
				"south": {"uv": [9.25, 11.75, 9.75, 12.25], "texture": "#4"},
				"west": {"uv": [4.75, 12.5, 5, 13], "texture": "#4"},
				"up": {"uv": [13, 5, 12.5, 4.75], "texture": "#4"},
				"down": {"uv": [13, 5, 12.5, 5.25], "texture": "#4"}
			}
		},
		{
			"from": [12.85, 13, 5.75],
			"to": [14.85, 13.25, 6],
			"rotation": {"angle": 45, "axis": "z", "origin": [13.85, 13, 4]},
			"faces": {
				"north": {"uv": [5, 0, 6.5, 16], "texture": "#2"},
				"east": {"uv": [11.5, 12.5, 11.75, 12.75], "texture": "#2"},
				"south": {"uv": [5.5, 12.5, 6, 12.75], "texture": "#2"},
				"west": {"uv": [11.5, 12.5, 11.75, 12.75], "texture": "#2"},
				"up": {"uv": [6, 12.75, 5.5, 12.5], "texture": "#2"},
				"down": {"uv": [6, 12.5, 5.5, 12.75], "texture": "#2"}
			}
		},
		{
			"from": [4.5, 13, 3],
			"to": [11.5, 14, 10],
			"rotation": {"angle": 0, "axis": "y", "origin": [2.25, 13, -1]},
			"faces": {
				"north": {"uv": [11.75, 7.5, 13.5, 7.75], "texture": "#4"},
				"east": {"uv": [11.75, 7.75, 13.5, 8], "texture": "#4"},
				"south": {"uv": [11.75, 8, 13.5, 8.25], "texture": "#4"},
				"west": {"uv": [11.75, 8.25, 13.5, 8.5], "texture": "#4"},
				"up": {"uv": [10.75, 10.75, 9, 9], "texture": "#4"},
				"down": {"uv": [11, 0, 9.25, 1.75], "texture": "#4"}
			}
		},
		{
			"from": [5.5, 14, 4],
			"to": [10.5, 19, 9],
			"rotation": {"angle": 0, "axis": "y", "origin": [2.25, 14, -1]},
			"faces": {
				"north": {"uv": [9.25, 1.75, 10.5, 3], "texture": "#4"},
				"east": {"uv": [10.5, 1.75, 11.75, 3], "texture": "#4"},
				"south": {"uv": [0, 10.75, 1.25, 12], "texture": "#4"},
				"west": {"uv": [1.25, 10.75, 2.5, 12], "texture": "#4"},
				"up": {"uv": [3.75, 12, 2.5, 10.75], "texture": "#4"},
				"down": {"uv": [5, 10.75, 3.75, 12], "texture": "#4"}
			}
		},
		{
			"from": [1.15, 13.6, 5.75],
			"to": [3.15, 13.85, 6],
			"rotation": {"angle": -45, "axis": "z", "origin": [1.15, 13.6, 4]},
			"faces": {
				"north": {"uv": [5, 0, 6.5, 16], "texture": "#2"},
				"east": {"uv": [11.5, 12.5, 11.75, 12.75], "texture": "#2"},
				"south": {"uv": [5.5, 12.5, 6, 12.75], "texture": "#2"},
				"west": {"uv": [11.5, 12.5, 11.75, 12.75], "texture": "#2"},
				"up": {"uv": [6, 12.75, 5.5, 12.5], "texture": "#2"},
				"down": {"uv": [6, 12.5, 5.5, 12.75], "texture": "#2"}
			}
		},
		{
			"from": [-0.55, 13.4, 5.3],
			"to": [1.45, 15.4, 6.3],
			"rotation": {"angle": 0, "axis": "y", "origin": [0.2, 13.4, -6.7]},
			"faces": {
				"north": {"uv": [3, 12, 3.5, 12.5], "texture": "#4"},
				"east": {"uv": [12.5, 5.25, 12.75, 5.75], "texture": "#4"},
				"south": {"uv": [3.5, 12, 4, 12.5], "texture": "#4"},
				"west": {"uv": [8.75, 12.5, 9, 13], "texture": "#4"},
				"up": {"uv": [9.5, 12.75, 9, 12.5], "texture": "#4"},
				"down": {"uv": [12, 12.5, 11.5, 12.75], "texture": "#4"}
			}
		}
	],
	"display": {
		"firstperson_righthand": {
			"rotation": [0, 130, -21],
			"translation": [13.25, 1.25, -17.25]
		},
		"firstperson_lefthand": {
			"rotation": [0, 130, -21],
			"translation": [13.25, 1.25, -17.5]
		},
		"gui": {
			"rotation": [-11, 180, 0]
		},
		"head": {
			"translation": [0, 1, 1.25],
			"scale": [1.4, 1.4, 1.4]
		},
		"fixed": {
			"translation": [0, 0, -7.25],
			"scale": [1.7, 1.7, 1.7]
		}
	},
	"groups": [
		{
			"name": "head",
			"origin": [0.75, -1, 0],
			"color": 0,
			"nbt": "{}",
			"children": [0, 1, 2, 3, 4, 5, 6, 7, 8, 9, 10, 11, 12, 13, 14, 15, 16, 17, 18, 19, 20, 21, 22, 23, 24, 25, 26, 27, 28, 29, 30, 31, 32, 33, 34, 35, 36, 37, 38, 39]
		},
		{
			"name": "eyes",
			"origin": [-9.25, 8, -15],
			"color": 0,
			"nbt": "{}",
			"children": []
		},
		{
			"name": "cheeks",
			"origin": [-0.25, 2, -16],
			"color": 0,
			"nbt": "{}",
			"children": []
		},
		40,
		41,
		42,
		43,
		44,
		45
	]
}