{
	"credit": "Made with Blockbench",
	"texture_size": [64, 64],
	"textures": {
		"1": "block/bonnie_eye",
		"2": "block/weird",
		"3": "block/bonnie",
		"particle": "block/black"
	},
	"elements": [
		{
			"from": [10.5, 14, 6],
			"to": [12.5, 19, 7],
			"rotation": {"angle": 0, "axis": "y", "origin": [1.25, 14, 0]},
			"faces": {
				"north": {"uv": [5.75, 10.75, 6.25, 12], "texture": "#3"},
				"east": {"uv": [2, 11.25, 2.25, 12.5], "texture": "#3"},
				"south": {"uv": [2.5, 11, 3, 12.25], "texture": "#3"},
				"west": {"uv": [2.25, 11.25, 2.5, 12.5], "texture": "#3"},
				"up": {"uv": [12.5, 1, 12, 0.75], "texture": "#3"},
				"down": {"uv": [12.5, 1, 12, 1.25], "texture": "#3"}
			}
		},
		{
			"from": [10.5, 17.2, 6.3],
			"to": [12.5, 22.2, 7.3],
			"rotation": {"angle": -22.5, "axis": "x", "origin": [1.25, 17.2, 0.3]},
			"faces": {
				"north": {"uv": [4.75, 10.75, 5.25, 12], "texture": "#3"},
				"east": {"uv": [3.25, 11, 3.5, 12.25], "texture": "#3"},
				"south": {"uv": [5.25, 10.75, 5.75, 12], "texture": "#3"},
				"west": {"uv": [3.5, 11, 3.75, 12.25], "texture": "#3"},
				"up": {"uv": [12.25, 12, 11.75, 11.75], "texture": "#3"},
				"down": {"uv": [12.5, 0.5, 12, 0.75], "texture": "#3"}
			}
		},
		{
			"from": [3.5, 17.2, 6.3],
			"to": [5.5, 22.2, 7.3],
			"rotation": {"angle": -22.5, "axis": "x", "origin": [-5.75, 17.2, 0.3]},
			"faces": {
				"north": {"uv": [4.75, 9.5, 5.25, 10.75], "texture": "#3"},
				"east": {"uv": [8.25, 4.75, 8.5, 6], "texture": "#3"},
				"south": {"uv": [5.25, 9.5, 5.75, 10.75], "texture": "#3"},
				"west": {"uv": [6.25, 9.5, 6.5, 10.75], "texture": "#3"},
				"up": {"uv": [12, 9.75, 11.5, 9.5], "texture": "#3"},
				"down": {"uv": [12, 9.75, 11.5, 10], "texture": "#3"}
			}
		},
		{
			"from": [11.2, 13, 6],
			"to": [11.7, 14, 7],
			"rotation": {"angle": 0, "axis": "y", "origin": [1.25, 13, 0]},
			"faces": {
				"north": {"uv": [7.5, 0, 10.75, 12], "texture": "#2"},
				"east": {"uv": [0, 9.75, 3.25, 11.5], "texture": "#2"},
				"south": {"uv": [3.25, 9.75, 6.5, 11.5], "texture": "#2"},
				"west": {"uv": [6.5, 9.75, 9.75, 11.5], "texture": "#2"},
				"up": {"uv": [10.25, 9.75, 7, 6.5], "texture": "#2"},
				"down": {"uv": [10.75, 0, 7.5, 3.25], "texture": "#2"}
			}
		},
		{
			"from": [11.2, 19, 6],
			"to": [11.7, 20, 6.8],
			"rotation": {"angle": 0, "axis": "y", "origin": [1.25, 19, 0]},
			"faces": {
				"north": {"uv": [7.5, 0, 10.75, 12], "texture": "#2"},
				"east": {"uv": [0, 9.75, 3.25, 11.5], "texture": "#2"},
				"south": {"uv": [3.25, 9.75, 6.5, 11.5], "texture": "#2"},
				"west": {"uv": [6.5, 9.75, 9.75, 11.5], "texture": "#2"},
				"up": {"uv": [10.25, 9.75, 7, 6.5], "texture": "#2"},
				"down": {"uv": [10.75, 0, 7.5, 3.25], "texture": "#2"}
			}
		},
		{
			"from": [4.2, 19, 6],
			"to": [4.7, 20, 6.8],
			"rotation": {"angle": 0, "axis": "y", "origin": [-5.75, 19, 0]},
			"faces": {
				"north": {"uv": [7.5, 0, 10.75, 12], "texture": "#2"},
				"east": {"uv": [0, 9.75, 3.25, 11.5], "texture": "#2"},
				"south": {"uv": [3.25, 9.75, 6.5, 11.5], "texture": "#2"},
				"west": {"uv": [6.5, 9.75, 9.75, 11.5], "texture": "#2"},
				"up": {"uv": [10.25, 9.75, 7, 6.5], "texture": "#2"},
				"down": {"uv": [10.75, 0, 7.5, 3.25], "texture": "#2"}
			}
		},
		{
			"from": [4.2, 13, 6],
			"to": [4.7, 14, 7],
			"rotation": {"angle": 0, "axis": "y", "origin": [-5.75, 13, 0]},
			"faces": {
				"north": {"uv": [7.5, 0, 10.75, 12], "texture": "#2"},
				"east": {"uv": [0, 9.75, 3.25, 11.5], "texture": "#2"},
				"south": {"uv": [3.25, 9.75, 6.5, 11.5], "texture": "#2"},
				"west": {"uv": [6.5, 9.75, 9.75, 11.5], "texture": "#2"},
				"up": {"uv": [10.25, 9.75, 7, 6.5], "texture": "#2"},
				"down": {"uv": [10.75, 0, 7.5, 3.25], "texture": "#2"}
			}
		},
		{
			"from": [3.5, 14, 6],
			"to": [5.5, 19, 7],
			"rotation": {"angle": 0, "axis": "y", "origin": [-5.75, 14, 0]},
			"faces": {
				"north": {"uv": [5.75, 9.5, 6.25, 10.75], "texture": "#3"},
				"east": {"uv": [6.25, 10.75, 6.5, 12], "texture": "#3"},
				"south": {"uv": [2, 10, 2.5, 11.25], "texture": "#3"},
				"west": {"uv": [3, 11, 3.25, 12.25], "texture": "#3"},
				"up": {"uv": [12, 10.25, 11.5, 10], "texture": "#3"},
				"down": {"uv": [12, 10.25, 11.5, 10.5], "texture": "#3"}
			}
		},
		{
			"from": [2.075, 3, 0.9],
			"to": [13.8, 4, 12.525],
			"rotation": {"angle": 0, "axis": "y", "origin": [11.8, 2, 0.9]},
			"faces": {
				"north": {"uv": [9.5, 3.5, 12.375, 3.75], "texture": "#3"},
				"east": {"uv": [9.5, 3.75, 12.375, 4], "texture": "#3"},
				"south": {"uv": [9.5, 4, 12.375, 4.25], "texture": "#3"},
				"west": {"uv": [9.5, 4.25, 12.375, 4.5], "texture": "#3"},
				"up": {"uv": [6.375, 2.875, 3.5, 0], "texture": "#3"},
				"down": {"uv": [6.375, 3, 3.5, 5.875], "texture": "#3"}
			}
		},
		{
			"from": [3.075, 2, 0.9],
			"to": [12.8, 3, 12.525],
			"rotation": {"angle": 0, "axis": "y", "origin": [11.8, 1, 0.9]},
			"faces": {
				"north": {"uv": [11.5, 5, 13.875, 5.25], "texture": "#3"},
				"east": {"uv": [8.5, 10.75, 11.375, 11], "texture": "#3"},
				"south": {"uv": [11.5, 5.25, 13.875, 5.5], "texture": "#3"},
				"west": {"uv": [8.5, 11, 11.375, 11.25], "texture": "#3"},
				"up": {"uv": [8.375, 8.875, 6, 6], "texture": "#3"},
				"down": {"uv": [8.875, 0, 6.5, 2.875], "texture": "#3"}
			}
		},
		{
			"from": [13.375, 2.65, 0.9],
			"to": [14.775, 3.65, 12.525],
			"rotation": {"angle": 45, "axis": "z", "origin": [13.8, 1.65, 0.9]},
			"faces": {
				"north": {"uv": [12, 1.25, 12.375, 1.5], "texture": "#3"},
				"east": {"uv": [11.25, 3, 14.125, 3.25], "texture": "#3"},
				"south": {"uv": [12, 1.5, 12.375, 1.75], "texture": "#3"},
				"west": {"uv": [11.25, 3.25, 14.125, 3.5], "texture": "#3"},
				"up": {"uv": [0.375, 12.375, 0, 9.5], "texture": "#3"},
				"down": {"uv": [0.875, 9.5, 0.5, 12.375], "texture": "#3"}
			}
		},
		{
			"from": [1.25, 3, 0.9],
			"to": [2.725, 4, 12.525],
			"rotation": {"angle": -45, "axis": "z", "origin": [1.725, 2, 0.9]},
			"faces": {
				"north": {"uv": [12, 1.75, 12.375, 2], "texture": "#3"},
				"east": {"uv": [8.5, 11.25, 11.375, 11.5], "texture": "#3"},
				"south": {"uv": [12, 2, 12.375, 2.25], "texture": "#3"},
				"west": {"uv": [11.5, 4.75, 14.375, 5], "texture": "#3"},
				"up": {"uv": [1.375, 12.375, 1, 9.5], "texture": "#3"},
				"down": {"uv": [1.875, 9.5, 1.5, 12.375], "texture": "#3"}
			}
		},
		{
			"from": [4.45, 3.4, -0.65],
			"to": [11.45, 4, 1.525],
			"rotation": {"angle": 0, "axis": "y", "origin": [12.175, 2, -10.1]},
			"faces": {
				"north": {"uv": [11.5, 5.75, 13.25, 5.875], "texture": "#3"},
				"east": {"uv": [12, 2.25, 12.5, 2.375], "texture": "#3"},
				"south": {"uv": [11.5, 6, 13.25, 6.125], "texture": "#3"},
				"west": {"uv": [12, 2.5, 12.5, 2.625], "texture": "#3"},
				"up": {"uv": [8.25, 5.25, 6.5, 4.75], "texture": "#3"},
				"down": {"uv": [8.25, 5.25, 6.5, 5.75], "texture": "#3"}
			}
		},
		{
			"from": [10.5, 4.025, -0.475],
			"to": [11.3, 4.475, -0.15],
			"rotation": {"angle": 0, "axis": "y", "origin": [12.025, 2.625, -9.925]},
			"faces": {
				"north": {"uv": [3.25, 12.25, 3.5, 12.375], "texture": "#3"},
				"east": {"uv": [12.25, 11.75, 12.375, 11.875], "texture": "#3"},
				"south": {"uv": [3.5, 12.25, 3.75, 12.375], "texture": "#3"},
				"west": {"uv": [12, 12.25, 12.125, 12.375], "texture": "#3"},
				"up": {"uv": [5, 12.375, 4.75, 12.25], "texture": "#3"},
				"down": {"uv": [5.25, 12.25, 5, 12.375], "texture": "#3"}
			}
		},
		{
			"from": [9.5, 4.025, -0.475],
			"to": [10.3, 4.475, -0.15],
			"rotation": {"angle": 0, "axis": "y", "origin": [11.025, 2.625, -9.925]},
			"faces": {
				"north": {"uv": [5.25, 12.25, 5.5, 12.375], "texture": "#3"},
				"east": {"uv": [12.25, 12, 12.375, 12.125], "texture": "#3"},
				"south": {"uv": [5.5, 12.25, 5.75, 12.375], "texture": "#3"},
				"west": {"uv": [12.25, 12.25, 12.375, 12.375], "texture": "#3"},
				"up": {"uv": [6, 12.375, 5.75, 12.25], "texture": "#3"},
				"down": {"uv": [6.25, 12.25, 6, 12.375], "texture": "#3"}
			}
		},
		{
			"from": [8.525, 4.025, -0.475],
			"to": [9.325, 4.475, -0.15],
			"rotation": {"angle": 0, "axis": "y", "origin": [10.05, 2.625, -9.925]},
			"faces": {
				"north": {"uv": [6.25, 12.25, 6.5, 12.375], "texture": "#3"},
				"east": {"uv": [0, 12.5, 0.125, 12.625], "texture": "#3"},
				"south": {"uv": [6.5, 12.25, 6.75, 12.375], "texture": "#3"},
				"west": {"uv": [12.5, 0, 12.625, 0.125], "texture": "#3"},
				"up": {"uv": [12.5, 6.625, 12.25, 6.5], "texture": "#3"},
				"down": {"uv": [7, 12.25, 6.75, 12.375], "texture": "#3"}
			}
		},
		{
			"from": [8.1, 5.2, -0.475],
			"to": [8.9, 5.65, -0.15],
			"rotation": {"angle": 0, "axis": "y", "origin": [9.625, 3.8, -9.925]},
			"faces": {
				"north": {"uv": [10.75, 12.25, 11, 12.375], "texture": "#3"},
				"east": {"uv": [1, 12.5, 1.125, 12.625], "texture": "#3"},
				"south": {"uv": [12.25, 10.75, 12.5, 10.875], "texture": "#3"},
				"west": {"uv": [12.5, 1, 12.625, 1.125], "texture": "#3"},
				"up": {"uv": [11.25, 12.375, 11, 12.25], "texture": "#3"},
				"down": {"uv": [12.5, 11, 12.25, 11.125], "texture": "#3"}
			}
		},
		{
			"from": [7.05, 5.2, -0.475],
			"to": [7.85, 5.65, -0.15],
			"rotation": {"angle": 0, "axis": "y", "origin": [8.575, 3.8, -9.925]},
			"faces": {
				"north": {"uv": [11.25, 12.25, 11.5, 12.375], "texture": "#3"},
				"east": {"uv": [1.25, 12.5, 1.375, 12.625], "texture": "#3"},
				"south": {"uv": [12.25, 11.25, 12.5, 11.375], "texture": "#3"},
				"west": {"uv": [12.5, 1.25, 12.625, 1.375], "texture": "#3"},
				"up": {"uv": [11.75, 12.375, 11.5, 12.25], "texture": "#3"},
				"down": {"uv": [12.5, 11.5, 12.25, 11.625], "texture": "#3"}
			}
		},
		{
			"from": [6.6, 4.025, -0.475],
			"to": [7.4, 4.475, -0.15],
			"rotation": {"angle": 0, "axis": "y", "origin": [8.125, 2.625, -9.925]},
			"faces": {
				"north": {"uv": [9.25, 12.25, 9.5, 12.375], "texture": "#3"},
				"east": {"uv": [0.75, 12.5, 0.875, 12.625], "texture": "#3"},
				"south": {"uv": [9.5, 12.25, 9.75, 12.375], "texture": "#3"},
				"west": {"uv": [12.5, 0.75, 12.625, 0.875], "texture": "#3"},
				"up": {"uv": [12.5, 9.625, 12.25, 9.5], "texture": "#3"},
				"down": {"uv": [12.5, 9.75, 12.25, 9.875], "texture": "#3"}
			}
		},
		{
			"from": [5.6, 4.025, -0.475],
			"to": [6.4, 4.475, -0.15],
			"rotation": {"angle": 0, "axis": "y", "origin": [7.125, 2.625, -9.925]},
			"faces": {
				"north": {"uv": [8, 12.25, 8.25, 12.375], "texture": "#3"},
				"east": {"uv": [0.5, 12.5, 0.625, 12.625], "texture": "#3"},
				"south": {"uv": [8.25, 12.25, 8.5, 12.375], "texture": "#3"},
				"west": {"uv": [12.5, 0.5, 12.625, 0.625], "texture": "#3"},
				"up": {"uv": [12.5, 8.625, 12.25, 8.5], "texture": "#3"},
				"down": {"uv": [12.5, 8.75, 12.25, 8.875], "texture": "#3"}
			}
		},
		{
			"from": [4.625, 4.025, -0.475],
			"to": [5.425, 4.475, -0.15],
			"rotation": {"angle": 0, "axis": "y", "origin": [6.15, 2.625, -9.925]},
			"faces": {
				"north": {"uv": [7, 12.25, 7.25, 12.375], "texture": "#3"},
				"east": {"uv": [0.25, 12.5, 0.375, 12.625], "texture": "#3"},
				"south": {"uv": [7.25, 12.25, 7.5, 12.375], "texture": "#3"},
				"west": {"uv": [12.5, 0.25, 12.625, 0.375], "texture": "#3"},
				"up": {"uv": [7.75, 12.375, 7.5, 12.25], "texture": "#3"},
				"down": {"uv": [8, 12.25, 7.75, 12.375], "texture": "#3"}
			}
		},
		{
			"from": [4.45, 5.625, -0.65],
			"to": [11.45, 6.475, 1.525],
			"rotation": {"angle": 0, "axis": "y", "origin": [12.175, 4.225, -10.1]},
			"faces": {
				"north": {"uv": [6.5, 5.75, 8.25, 6], "texture": "#3"},
				"east": {"uv": [11.75, 10.75, 12.25, 11], "texture": "#3"},
				"south": {"uv": [11.5, 5.5, 13.25, 5.75], "texture": "#3"},
				"west": {"uv": [11.75, 11, 12.25, 11.25], "texture": "#3"},
				"up": {"uv": [3.75, 10, 2, 9.5], "texture": "#3"},
				"down": {"uv": [11.25, 3, 9.5, 3.5], "texture": "#3"}
			}
		},
		{
			"from": [10.575, 6.125, -0.725],
			"to": [10.875, 6.425, -0.7],
			"rotation": {"angle": 0, "axis": "y", "origin": [11.525, 4.025, -12.025]},
			"faces": {
				"north": {"uv": [1.5, 12.5, 1.625, 12.625], "texture": "#3"},
				"east": {"uv": [12.5, 1.5, 12.625, 1.625], "texture": "#3"},
				"south": {"uv": [1.75, 12.5, 1.875, 12.625], "texture": "#3"},
				"west": {"uv": [12.5, 1.75, 12.625, 1.875], "texture": "#3"},
				"up": {"uv": [2.125, 12.625, 2, 12.5], "texture": "#3"},
				"down": {"uv": [12.625, 2, 12.5, 2.125], "texture": "#3"}
			}
		},
		{
			"from": [4.95, 6.125, -0.725],
			"to": [5.25, 6.425, -0.7],
			"rotation": {"angle": 0, "axis": "y", "origin": [5.9, 4.025, -12.025]},
			"faces": {
				"north": {"uv": [4.75, 12.5, 4.875, 12.625], "texture": "#3"},
				"east": {"uv": [5, 12.5, 5.125, 12.625], "texture": "#3"},
				"south": {"uv": [5.25, 12.5, 5.375, 12.625], "texture": "#3"},
				"west": {"uv": [5.5, 12.5, 5.625, 12.625], "texture": "#3"},
				"up": {"uv": [5.875, 12.625, 5.75, 12.5], "texture": "#3"},
				"down": {"uv": [6.125, 12.5, 6, 12.625], "texture": "#3"}
			}
		},
		{
			"from": [10.075, 6.425, -0.725],
			"to": [10.375, 6.725, -0.7],
			"rotation": {"angle": 0, "axis": "y", "origin": [11.025, 4.325, -12.025]},
			"faces": {
				"north": {"uv": [2.25, 12.5, 2.375, 12.625], "texture": "#3"},
				"east": {"uv": [12.5, 2.25, 12.625, 2.375], "texture": "#3"},
				"south": {"uv": [2.5, 12.5, 2.625, 12.625], "texture": "#3"},
				"west": {"uv": [12.5, 2.5, 12.625, 2.625], "texture": "#3"},
				"up": {"uv": [2.875, 12.625, 2.75, 12.5], "texture": "#3"},
				"down": {"uv": [12.625, 2.75, 12.5, 2.875], "texture": "#3"}
			}
		},
		{
			"from": [5.425, 6.425, -0.725],
			"to": [5.725, 6.725, -0.7],
			"rotation": {"angle": 0, "axis": "y", "origin": [6.375, 4.325, -12.025]},
			"faces": {
				"north": {"uv": [4, 12.5, 4.125, 12.625], "texture": "#3"},
				"east": {"uv": [12.5, 4, 12.625, 4.125], "texture": "#3"},
				"south": {"uv": [4.25, 12.5, 4.375, 12.625], "texture": "#3"},
				"west": {"uv": [12.5, 4.25, 12.625, 4.375], "texture": "#3"},
				"up": {"uv": [4.625, 12.625, 4.5, 12.5], "texture": "#3"},
				"down": {"uv": [12.625, 4.5, 12.5, 4.625], "texture": "#3"}
			}
		},
		{
			"from": [9.9, 6, -0.725],
			"to": [10.2, 6.3, -0.7],
			"rotation": {"angle": 0, "axis": "y", "origin": [10.85, 3.9, -12.025]},
			"faces": {
				"north": {"uv": [3, 12.5, 3.125, 12.625], "texture": "#3"},
				"east": {"uv": [3.25, 12.5, 3.375, 12.625], "texture": "#3"},
				"south": {"uv": [3.5, 12.5, 3.625, 12.625], "texture": "#3"},
				"west": {"uv": [12.5, 3.5, 12.625, 3.625], "texture": "#3"},
				"up": {"uv": [3.875, 12.625, 3.75, 12.5], "texture": "#3"},
				"down": {"uv": [12.625, 3.75, 12.5, 3.875], "texture": "#3"}
			}
		},
		{
			"from": [5.6, 6, -0.725],
			"to": [5.9, 6.3, -0.7],
			"rotation": {"angle": 0, "axis": "y", "origin": [6.55, 3.9, -12.025]},
			"faces": {
				"north": {"uv": [6.25, 12.5, 6.375, 12.625], "texture": "#3"},
				"east": {"uv": [12.5, 6.25, 12.625, 6.375], "texture": "#3"},
				"south": {"uv": [6.5, 12.5, 6.625, 12.625], "texture": "#3"},
				"west": {"uv": [12.5, 6.5, 12.625, 6.625], "texture": "#3"},
				"up": {"uv": [6.875, 12.625, 6.75, 12.5], "texture": "#3"},
				"down": {"uv": [12.625, 6.75, 12.5, 6.875], "texture": "#3"}
			}
		},
		{
			"from": [5.45, 6.15, -0.65],
			"to": [10.45, 6.9, 1.525],
			"rotation": {"angle": 0, "axis": "y", "origin": [12.175, 5.425, -10.1]},
			"faces": {
				"north": {"uv": [11.5, 9.25, 12.75, 9.375], "texture": "#3"},
				"east": {"uv": [12, 2.75, 12.5, 2.875], "texture": "#3"},
				"south": {"uv": [9.5, 11.5, 10.75, 11.625], "texture": "#3"},
				"west": {"uv": [4.75, 12, 5.25, 12.125], "texture": "#3"},
				"up": {"uv": [3.75, 10.5, 2.5, 10], "texture": "#3"},
				"down": {"uv": [3.75, 10.5, 2.5, 11], "texture": "#3"}
			}
		},
		{
			"from": [7.625, 6.7, -1.375],
			"to": [8.4, 7.45, -0.625],
			"rotation": {"angle": 0, "axis": "y", "origin": [12.15, 5.975, -12.25]},
			"faces": {
				"north": {"uv": [10, 12.25, 10.25, 12.375], "texture": "#3"},
				"east": {"uv": [10.25, 12.25, 10.5, 12.375], "texture": "#3"},
				"south": {"uv": [10.5, 12.25, 10.75, 12.375], "texture": "#3"},
				"west": {"uv": [12.25, 10.5, 12.5, 10.625], "texture": "#3"},
				"up": {"uv": [12.25, 6.75, 12, 6.5], "texture": "#3"},
				"down": {"uv": [7, 12, 6.75, 12.25], "texture": "#3"}
			}
		},
		{
			"from": [9.525, 8.175, 0.45],
			"to": [11.525, 10.175, 0.7],
			"rotation": {"angle": 0, "axis": "y", "origin": [14.05, 7.45, -10.925]},
			"faces": {
				"north": {"uv": [0, 0, 16, 16], "texture": "#1"},
				"east": {"uv": [0, 0, 0.0625, 0.5], "texture": "#1"},
				"south": {"uv": [0, 0, 0.5, 0.5], "texture": "#1"},
				"west": {"uv": [0, 0, 0.0625, 0.5], "texture": "#1"},
				"up": {"uv": [0, 0, 0.5, 0.0625], "texture": "#1"},
				"down": {"uv": [0, 0, 0.5, 0.0625], "texture": "#1"}
			}
		},
		{
			"from": [12.225, 4.25, 0.675],
			"to": [14.15, 5.75, 0.925],
			"rotation": {"angle": 0, "axis": "y", "origin": [16.825, 3.525, -10.7]},
			"faces": {
				"north": {"uv": [11.5, 6.25, 12, 6.625], "texture": "#3"},
				"east": {"uv": [12, 9.5, 12.125, 9.875], "texture": "#3"},
				"south": {"uv": [11.5, 6.75, 12, 7.125], "texture": "#3"},
				"west": {"uv": [9.75, 12, 9.875, 12.375], "texture": "#3"},
				"up": {"uv": [12.5, 8.125, 12, 8], "texture": "#3"},
				"down": {"uv": [12.5, 8.25, 12, 8.375], "texture": "#3"}
			}
		},
		{
			"from": [12.4, 4.075, 0.675],
			"to": [13.9, 5.925, 0.925],
			"rotation": {"angle": 0, "axis": "y", "origin": [16.925, 3.4, -10.7]},
			"faces": {
				"north": {"uv": [11.5, 7.25, 11.875, 7.75], "texture": "#3"},
				"east": {"uv": [8.5, 12, 8.625, 12.5], "texture": "#3"},
				"south": {"uv": [11.5, 7.75, 11.875, 8.25], "texture": "#3"},
				"west": {"uv": [12, 8.5, 12.125, 9], "texture": "#3"},
				"up": {"uv": [10.375, 12.125, 10, 12], "texture": "#3"},
				"down": {"uv": [12.375, 10, 12, 10.125], "texture": "#3"}
			}
		},
		{
			"from": [1.625, 4.25, 0.675],
			"to": [3.55, 5.75, 0.925],
			"rotation": {"angle": 0, "axis": "y", "origin": [6.225, 3.525, -10.7]},
			"faces": {
				"north": {"uv": [11.5, 6.25, 12, 6.625], "texture": "#3"},
				"east": {"uv": [12, 9.5, 12.125, 9.875], "texture": "#3"},
				"south": {"uv": [11.5, 6.75, 12, 7.125], "texture": "#3"},
				"west": {"uv": [9.75, 12, 9.875, 12.375], "texture": "#3"},
				"up": {"uv": [12.5, 8.125, 12, 8], "texture": "#3"},
				"down": {"uv": [12.5, 8.25, 12, 8.375], "texture": "#3"}
			}
		},
		{
			"from": [1.8, 4.075, 0.675],
			"to": [3.3, 5.925, 0.925],
			"rotation": {"angle": 0, "axis": "y", "origin": [6.325, 3.4, -10.7]},
			"faces": {
				"north": {"uv": [11.5, 7.25, 11.875, 7.75], "texture": "#3"},
				"east": {"uv": [8.5, 12, 8.625, 12.5], "texture": "#3"},
				"south": {"uv": [11.5, 7.75, 11.875, 8.25], "texture": "#3"},
				"west": {"uv": [12, 8.5, 12.125, 9], "texture": "#3"},
				"up": {"uv": [10.375, 12.125, 10, 12], "texture": "#3"},
				"down": {"uv": [12.375, 10, 12, 10.125], "texture": "#3"}
			}
		},
		{
			"from": [9.525, 10.675, 0.45],
			"to": [11.525, 10.975, 0.7],
			"rotation": {"angle": 0, "axis": "y", "origin": [14.05, 9.95, -10.925]},
			"faces": {
				"north": {"uv": [12, 6.75, 12.5, 6.875], "texture": "#3"},
				"east": {"uv": [7, 12.5, 7.125, 12.625], "texture": "#3"},
				"south": {"uv": [7, 12, 7.5, 12.125], "texture": "#3"},
				"west": {"uv": [12.5, 7, 12.625, 7.125], "texture": "#3"},
				"up": {"uv": [12.5, 7.125, 12, 7], "texture": "#3"},
				"down": {"uv": [12.5, 7.25, 12, 7.375], "texture": "#3"}
			}
		},
		{
			"from": [4.25, 10.675, 0.45],
			"to": [6.25, 10.975, 0.7],
			"rotation": {"angle": 0, "axis": "y", "origin": [13.775, 9.95, -10.925]},
			"faces": {
				"north": {"uv": [7.5, 12, 8, 12.125], "texture": "#3"},
				"east": {"uv": [8, 12.5, 8.125, 12.625], "texture": "#3"},
				"south": {"uv": [12, 7.5, 12.5, 7.625], "texture": "#3"},
				"west": {"uv": [12.5, 8, 12.625, 8.125], "texture": "#3"},
				"up": {"uv": [12.5, 7.875, 12, 7.75], "texture": "#3"},
				"down": {"uv": [8.5, 12, 8, 12.125], "texture": "#3"}
			}
		},
		{
			"from": [10.775, 9.025, 0.45],
			"to": [11.1, 9.325, 0.7],
			"rotation": {"angle": -22.5, "axis": "z", "origin": [15.3, 8.3, -10.925]},
			"faces": {
				"north": {"uv": [7.25, 12.5, 7.375, 12.625], "texture": "#3"},
				"east": {"uv": [12.5, 7.25, 12.625, 7.375], "texture": "#3"},
				"south": {"uv": [7.5, 12.5, 7.625, 12.625], "texture": "#3"},
				"west": {"uv": [12.5, 7.5, 12.625, 7.625], "texture": "#3"},
				"up": {"uv": [7.875, 12.625, 7.75, 12.5], "texture": "#3"},
				"down": {"uv": [12.625, 7.75, 12.5, 7.875], "texture": "#3"}
			}
		},
		{
			"from": [4.025, 12.35, 0.45],
			"to": [4.35, 12.65, 0.7],
			"rotation": {"angle": 22.5, "axis": "z", "origin": [8.55, 11.625, -10.925]},
			"faces": {
				"north": {"uv": [7.25, 12.5, 7.375, 12.625], "texture": "#3"},
				"east": {"uv": [12.5, 7.25, 12.625, 7.375], "texture": "#3"},
				"south": {"uv": [7.5, 12.5, 7.625, 12.625], "texture": "#3"},
				"west": {"uv": [12.5, 7.5, 12.625, 7.625], "texture": "#3"},
				"up": {"uv": [7.875, 12.625, 7.75, 12.5], "texture": "#3"},
				"down": {"uv": [12.625, 7.75, 12.5, 7.875], "texture": "#3"}
			}
		},
		{
			"from": [4.25, 8.175, 0.45],
			"to": [6.25, 10.175, 0.7],
			"rotation": {"angle": 0, "axis": "y", "origin": [13.775, 7.45, -10.925]},
			"faces": {
				"north": {"uv": [0, 0, 16, 16], "texture": "#1"},
				"east": {"uv": [0, 0, 0.0625, 0.5], "texture": "#1"},
				"south": {"uv": [0, 0, 0.5, 0.5], "texture": "#1"},
				"west": {"uv": [0, 0, 0.0625, 0.5], "texture": "#1"},
				"up": {"uv": [0, 0, 0.5, 0.0625], "texture": "#1"},
				"down": {"uv": [0, 0, 0.5, 0.0625], "texture": "#1"}
			}
		},
		{
			"from": [4.8, 7.01, -0.65],
			"to": [5.9, 7.66, 1.525],
			"rotation": {"angle": 22.5, "axis": "z", "origin": [7.625, 6.175, -10.1]},
			"faces": {
				"north": {"uv": [12, 12, 12.25, 12.125], "texture": "#3"},
				"east": {"uv": [5.25, 12, 5.75, 12.125], "texture": "#3"},
				"south": {"uv": [2.5, 12.25, 2.75, 12.375], "texture": "#3"},
				"west": {"uv": [5.75, 12, 6.25, 12.125], "texture": "#3"},
				"up": {"uv": [10.75, 12.25, 10.5, 11.75], "texture": "#3"},
				"down": {"uv": [11.5, 11.75, 11.25, 12.25], "texture": "#3"}
			}
		},
		{
			"from": [9.625, 5.275, -0.65],
			"to": [10.725, 5.925, 1.525],
			"rotation": {"angle": -22.5, "axis": "z", "origin": [12.45, 4.45, -10.1]},
			"faces": {
				"north": {"uv": [2.75, 12.25, 3, 12.375], "texture": "#3"},
				"east": {"uv": [6.25, 12, 6.75, 12.125], "texture": "#3"},
				"south": {"uv": [3, 12.25, 3.25, 12.375], "texture": "#3"},
				"west": {"uv": [12, 6.25, 12.5, 6.375], "texture": "#3"},
				"up": {"uv": [12, 11.75, 11.75, 11.25], "texture": "#3"},
				"down": {"uv": [11.75, 11.75, 11.5, 12.25], "texture": "#3"}
			}
		},
		{
			"from": [1.075, 4, 0.9],
			"to": [14.8, 6, 12.525],
			"rotation": {"angle": 0, "axis": "y", "origin": [11.8, 4, 0.9]},
			"faces": {
				"north": {"uv": [0, 9, 3.375, 9.5], "texture": "#3"},
				"east": {"uv": [9, 0.5, 11.875, 1], "texture": "#3"},
				"south": {"uv": [9, 0, 12.375, 0.5], "texture": "#3"},
				"west": {"uv": [9, 1, 11.875, 1.5], "texture": "#3"},
				"up": {"uv": [3.375, 2.875, 0, 0], "texture": "#3"},
				"down": {"uv": [3.375, 3, 0, 5.875], "texture": "#3"}
			}
		},
		{
			"from": [1.225, 4.7, 0.9],
			"to": [2.35, 6.7, 12.525],
			"rotation": {"angle": -22.5, "axis": "z", "origin": [-0.65, 4.7, 0.9]},
			"faces": {
				"north": {"uv": [11.5, 10.5, 11.75, 11], "texture": "#3"},
				"east": {"uv": [9, 1.5, 11.875, 2], "texture": "#3"},
				"south": {"uv": [10.75, 11.5, 11, 12], "texture": "#3"},
				"west": {"uv": [9, 2, 11.875, 2.5], "texture": "#3"},
				"up": {"uv": [4, 12.375, 3.75, 9.5], "texture": "#3"},
				"down": {"uv": [4.25, 9.5, 4, 12.375], "texture": "#3"}
			}
		},
		{
			"from": [13.875, 2.9, 0.9],
			"to": [15, 4.9, 12.525],
			"rotation": {"angle": 22.5, "axis": "z", "origin": [12, 2.9, 0.9]},
			"faces": {
				"north": {"uv": [11, 11.5, 11.25, 12], "texture": "#3"},
				"east": {"uv": [9, 2.5, 11.875, 3], "texture": "#3"},
				"south": {"uv": [11.5, 11, 11.75, 11.5], "texture": "#3"},
				"west": {"uv": [3.5, 9, 6.375, 9.5], "texture": "#3"},
				"up": {"uv": [4.5, 12.375, 4.25, 9.5], "texture": "#3"},
				"down": {"uv": [4.75, 9.5, 4.5, 12.375], "texture": "#3"}
			}
		},
		{
			"from": [11.675, 5.075, 0.9],
			"to": [13.675, 6.2, 12.525],
			"rotation": {"angle": -22.5, "axis": "z", "origin": [13.675, 3.2, 0.9]},
			"faces": {
				"north": {"uv": [11.25, 11.5, 11.75, 11.75], "texture": "#3"},
				"east": {"uv": [9.5, 4.5, 12.375, 4.75], "texture": "#3"},
				"south": {"uv": [9.5, 11.75, 10, 12], "texture": "#3"},
				"west": {"uv": [8.5, 10, 11.375, 10.25], "texture": "#3"},
				"up": {"uv": [7, 11.875, 6.5, 9], "texture": "#3"},
				"down": {"uv": [7.5, 9, 7, 11.875], "texture": "#3"}
			}
		},
		{
			"from": [2.125, 5.925, 0.9],
			"to": [4.125, 7.05, 12.525],
			"rotation": {"angle": 22.5, "axis": "z", "origin": [4.125, 4.05, 0.9]},
			"faces": {
				"north": {"uv": [10, 11.75, 10.5, 12], "texture": "#3"},
				"east": {"uv": [8.5, 10.25, 11.375, 10.5], "texture": "#3"},
				"south": {"uv": [11.75, 10.5, 12.25, 10.75], "texture": "#3"},
				"west": {"uv": [8.5, 10.5, 11.375, 10.75], "texture": "#3"},
				"up": {"uv": [8, 11.875, 7.5, 9], "texture": "#3"},
				"down": {"uv": [8.5, 9, 8, 11.875], "texture": "#3"}
			}
		},
		{
			"from": [2.075, 6, 0.9],
			"to": [13.8, 12.3, 12.525],
			"rotation": {"angle": 0, "axis": "y", "origin": [11.8, 6, 0.9]},
			"faces": {
				"north": {"uv": [6.5, 3, 9.375, 4.75], "texture": "#3"},
				"east": {"uv": [8.5, 4.75, 11.375, 6.5], "texture": "#3"},
				"south": {"uv": [8.5, 6.5, 11.375, 8.25], "texture": "#3"},
				"west": {"uv": [8.5, 8.25, 11.375, 10], "texture": "#3"},
				"up": {"uv": [2.875, 8.875, 0, 6], "texture": "#3"},
				"down": {"uv": [5.875, 6, 3, 8.875], "texture": "#3"}
			}
		},
		{
			"from": [2.775, 12.3, 0.9],
			"to": [13.075, 13, 12.525],
			"rotation": {"angle": 0, "axis": "y", "origin": [11.8, 12.5, 0.9]},
			"faces": {
				"north": {"uv": [6.5, 3, 9.375, 4.75], "texture": "#3"},
				"east": {"uv": [8.5, 4.75, 11.375, 6.5], "texture": "#3"},
				"south": {"uv": [8.5, 6.5, 11.375, 8.25], "texture": "#3"},
				"west": {"uv": [8.5, 8.25, 11.375, 10], "texture": "#3"},
				"up": {"uv": [2.875, 8.875, 0, 6], "texture": "#3"},
				"down": {"uv": [5.875, 6, 3, 8.875], "texture": "#3"}
			}
		},
		{
			"from": [2.55, 11.6, 0.9],
			"to": [3.575, 12.085, 12.525],
			"rotation": {"angle": 45, "axis": "z", "origin": [2.075, 11.6, 0.9]},
			"faces": {
				"north": {"uv": [6.5, 3, 9.375, 4.75], "texture": "#3"},
				"east": {"uv": [8.5, 4.75, 11.375, 6.5], "texture": "#3"},
				"south": {"uv": [8.5, 6.5, 11.375, 8.25], "texture": "#3"},
				"west": {"uv": [8.5, 8.25, 11.375, 10], "texture": "#3"},
				"up": {"uv": [2.875, 8.875, 0, 6], "texture": "#3"},
				"down": {"uv": [5.875, 6, 3, 8.875], "texture": "#3"}
			}
		},
		{
			"from": [12.85, 13, 0.9],
			"to": [13.875, 13.5, 12.525],
			"rotation": {"angle": -45, "axis": "z", "origin": [12.375, 13, 0.9]},
			"faces": {
				"north": {"uv": [6.5, 3, 9.375, 4.75], "texture": "#3"},
				"east": {"uv": [8.5, 4.75, 11.375, 6.5], "texture": "#3"},
				"south": {"uv": [8.5, 6.5, 11.375, 8.25], "texture": "#3"},
				"west": {"uv": [8.5, 8.25, 11.375, 10], "texture": "#3"},
				"up": {"uv": [2.875, 8.875, 0, 6], "texture": "#3"},
				"down": {"uv": [5.875, 6, 3, 8.875], "texture": "#3"}
			}
		}
	],
	"display": {
		"firstperson_righthand": {
			"rotation": [0, 130, -21],
			"translation": [13.25, 1.25, -17.25]
		},
		"firstperson_lefthand": {
			"rotation": [0, 130, -21],
			"translation": [13.25, 1.25, -17.5]
		},
		"gui": {
			"rotation": [-11, 180, 0]
		},
		"head": {
			"translation": [0, 1, 1.25],
			"scale": [1.4, 1.4, 1.4]
		},
		"fixed": {
			"translation": [0, 0, -7.25],
			"scale": [1.7, 1.7, 1.7]
		}
	},
	"groups": [
		{
			"name": "head",
			"origin": [0.75, -1, 0],
			"color": 0,
			"nbt": "{}",
			"children": [
				0,
				1,
				2,
				3,
				4,
				5,
				6,
				7,
				8,
				9,
				10,
				11,
				12,
				13,
				14,
				15,
				16,
				17,
				18,
				19,
				20,
				21,
				22,
				23,
				24,
				25,
				26,
				27,
				28,
				29,
				30,
				31,
				32,
				33,
				34,
				35,
				36,
				37,
				38,
				39,
				40,
				41,
				42,
				43,
				44,
				45,
				46,
				47,
				48,
				49,
				50
			]
		},
		{
			"name": "eyes",
			"origin": [-9.25, 8, -15],
			"color": 0,
			"nbt": "{}",
			"children": []
		},
		{
			"name": "cheeks",
			"origin": [-0.25, 2, -16],
			"color": 0,
			"nbt": "{}",
			"children": []
		}
	]
}