{
	"credit": "Made with Blockbench",
	"textures": {
		"0": "block/gray",
		"1": "block/black",
		"particle": "block/gray"
	},
	"elements": [
		{
			"from": [0, 0, 0],
			"to": [1, 10, 1],
			"faces": {
				"north": {"uv": [0, 0, 1, 10], "texture": "#1"},
				"east": {"uv": [0, 0, 1, 10], "texture": "#1"},
				"south": {"uv": [0, 0, 1, 10], "texture": "#1"},
				"west": {"uv": [0, 0, 1, 10], "texture": "#1"},
				"up": {"uv": [0, 0, 1, 1], "texture": "#1"},
				"down": {"uv": [0, 0, 1, 1], "texture": "#1"}
			}
		},
		{
			"from": [0, 0, 15],
			"to": [1, 10, 16],
			"faces": {
				"north": {"uv": [0, 0, 1, 10], "texture": "#1"},
				"east": {"uv": [0, 0, 1, 10], "texture": "#1"},
				"south": {"uv": [0, 0, 1, 10], "texture": "#1"},
				"west": {"uv": [0, 0, 1, 10], "texture": "#1"},
				"up": {"uv": [0, 0, 1, 1], "texture": "#1"},
				"down": {"uv": [0, 0, 1, 1], "texture": "#1"}
			}
		},
		{
			"from": [15, 0, 15],
			"to": [16, 10, 16],
			"faces": {
				"north": {"uv": [0, 0, 1, 10], "texture": "#1"},
				"east": {"uv": [0, 0, 1, 10], "texture": "#1"},
				"south": {"uv": [0, 0, 1, 10], "texture": "#1"},
				"west": {"uv": [0, 0, 1, 10], "texture": "#1"},
				"up": {"uv": [0, 0, 1, 1], "texture": "#1"},
				"down": {"uv": [0, 0, 1, 1], "texture": "#1"}
			}
		},
		{
			"from": [15, 0, 0],
			"to": [16, 10, 1],
			"faces": {
				"north": {"uv": [0, 0, 1, 10], "texture": "#1"},
				"east": {"uv": [0, 0, 1, 10], "texture": "#1"},
				"south": {"uv": [0, 0, 1, 10], "texture": "#1"},
				"west": {"uv": [0, 0, 1, 10], "texture": "#1"},
				"up": {"uv": [0, 0, 1, 1], "texture": "#1"},
				"down": {"uv": [0, 0, 1, 1], "texture": "#1"}
			}
		},
		{
			"from": [0, 10, 0],
			"to": [16, 11, 16],
			"faces": {
				"north": {"uv": [0, 0, 16, 1], "texture": "#0"},
				"east": {"uv": [0, 0, 16, 1], "texture": "#0"},
				"south": {"uv": [0, 0, 16, 1], "texture": "#0"},
				"west": {"uv": [0, 0, 16, 1], "texture": "#0"},
				"up": {"uv": [0, 0, 16, 16], "texture": "#0"},
				"down": {"uv": [0, 0, 16, 16], "texture": "#0"}
			}
		},
		{
			"from": [0, 11, 0],
			"to": [16, 27, 1],
			"faces": {
				"north": {"uv": [0, 0, 16, 16], "texture": "#0"},
				"east": {"uv": [0, 0, 1, 16], "texture": "#0"},
				"south": {"uv": [0, 0, 16, 16], "texture": "#0"},
				"west": {"uv": [0, 0, 1, 16], "texture": "#0"},
				"up": {"uv": [0, 0, 16, 1], "texture": "#0"},
				"down": {"uv": [0, 0, 16, 1], "texture": "#0"}
			}
		}
	]
}