{
	"credit": "Made with Blockbench",
	"texture_size": [32, 32],
	"textures": {
		"1": "block/fan",
		"2": "block/fan_text"
	},
	"elements": [
		{
			"from": [5.75, 0, 2.25],
			"to": [13.75, 1, 10.25],
			"rotation": {"angle": -22.5, "axis": "y", "origin": [5.75, 0, 2.25]},
			"faces": {
				"north": {"uv": [4, 0, 16, 8.5], "texture": "#2"},
				"east": {"uv": [4, 0.5, 16, 9], "texture": "#2"},
				"south": {"uv": [4, 1, 16, 9.5], "texture": "#2"},
				"west": {"uv": [4, 1.5, 16, 12], "texture": "#2"},
				"up": {"uv": [12, 16, 0, 0], "texture": "#2"},
				"down": {"uv": [16, 4, 0, 16], "texture": "#2"}
			}
		},
		{
			"from": [9.25, 1, 5.75],
			"to": [10.25, 6, 6.75],
			"rotation": {"angle": -22.5, "axis": "y", "origin": [5.75, 1, 1.75]},
			"faces": {
				"north": {"uv": [5.5, 6, 14, 16], "texture": "#2"},
				"east": {"uv": [6, 6, 14.5, 16], "texture": "#2"},
				"south": {"uv": [6.5, 2, 15, 13.5], "texture": "#2"},
				"west": {"uv": [6.5, 5.5, 7, 9], "texture": "#2"},
				"up": {"uv": [12, 16, 1.5, 8], "texture": "#2"},
				"down": {"uv": [16, 8.5, 1.5, 16], "texture": "#2"}
			}
		},
		{
			"from": [9.25, 6, 2.75],
			"to": [10.25, 7, 9.75],
			"rotation": {"angle": -22.5, "axis": "y", "origin": [5.75, 6, 1.75]},
			"faces": {
				"north": {"uv": [3.5, 9, 12, 16], "texture": "#2"},
				"east": {"uv": [7, 2, 16, 10.5], "texture": "#2"},
				"south": {"uv": [6.5, 9, 15, 16], "texture": "#2"},
				"west": {"uv": [7, 2.5, 10.5, 3], "texture": "#2"},
				"up": {"uv": [15.5, 16, 5, 3], "texture": "#2"},
				"down": {"uv": [16, 6.5, 5, 16], "texture": "#2"}
			}
		},
		{
			"from": [9.25, 13, 2.75],
			"to": [10.25, 14, 9.75],
			"rotation": {"angle": -22.5, "axis": "y", "origin": [5.75, 13, 1.75]},
			"faces": {
				"north": {"uv": [3.5, 9.5, 12, 16], "texture": "#2"},
				"east": {"uv": [0, 0, 8.5, 8.5], "texture": "#2"},
				"south": {"uv": [5.5, 9.5, 14, 16], "texture": "#2"},
				"west": {"uv": [0, 0, 6.5, 6], "texture": "#2"},
				"up": {"uv": [8, 7.5, 0, 0], "texture": "#2"},
				"down": {"uv": [16, 7.5, 5.5, 16], "texture": "#2"}
			}
		},
		{
			"from": [9.25, 12.1, 2.75],
			"to": [9.25, 12.4, 9.75],
			"rotation": {"angle": -22.5, "axis": "y", "origin": [4.75, 11.4, 1.75]},
			"faces": {
				"north": {"uv": [0, 0, 8, 8.5], "texture": "#2"},
				"east": {"uv": [0, 8, 11.5, 16], "texture": "#2"},
				"south": {"uv": [0, 0, 8, 8.5], "texture": "#2"},
				"west": {"uv": [8, 0, 16, 10.5], "texture": "#2"},
				"up": {"uv": [0, 16, 8, 0], "texture": "#2"},
				"down": {"uv": [0, 0, 12, 16], "texture": "#2"}
			}
		},
		{
			"from": [9.25, 11.3, 2.75],
			"to": [9.25, 11.6, 9.75],
			"rotation": {"angle": -22.5, "axis": "y", "origin": [4.75, 10.6, 1.75]},
			"faces": {
				"north": {"uv": [0, 0, 8, 8.5], "texture": "#2"},
				"east": {"uv": [8, 0.5, 16, 9], "texture": "#2"},
				"south": {"uv": [0, 0, 8, 8.5], "texture": "#2"},
				"west": {"uv": [8, 1, 16, 11.5], "texture": "#2"},
				"up": {"uv": [0, 16, 8, 0], "texture": "#2"},
				"down": {"uv": [0, 0, 12, 16], "texture": "#2"}
			}
		},
		{
			"from": [9.25, 10.5, 2.75],
			"to": [9.25, 10.8, 9.75],
			"rotation": {"angle": -22.5, "axis": "y", "origin": [4.75, 9.8, 1.75]},
			"faces": {
				"north": {"uv": [0, 0, 8, 8.5], "texture": "#2"},
				"east": {"uv": [8, 1.5, 16, 10], "texture": "#2"},
				"south": {"uv": [0, 0, 8, 8.5], "texture": "#2"},
				"west": {"uv": [8, 4, 16, 14.5], "texture": "#2"},
				"up": {"uv": [0, 16, 8, 0], "texture": "#2"},
				"down": {"uv": [0, 0, 12, 16], "texture": "#2"}
			}
		},
		{
			"from": [9.25, 8.2, 2.75],
			"to": [9.25, 8.5, 9.75],
			"rotation": {"angle": -22.5, "axis": "y", "origin": [4.75, 7.5, 1.75]},
			"faces": {
				"north": {"uv": [0, 0, 8, 8.5], "texture": "#2"},
				"east": {"uv": [8, 6.5, 16, 15], "texture": "#2"},
				"south": {"uv": [0, 0, 8, 8.5], "texture": "#2"},
				"west": {"uv": [8, 7, 16, 16], "texture": "#2"},
				"up": {"uv": [0, 16, 8, 0], "texture": "#2"},
				"down": {"uv": [0, 0, 12, 16], "texture": "#2"}
			}
		},
		{
			"from": [9.25, 9, 2.75],
			"to": [9.25, 9.3, 9.75],
			"rotation": {"angle": -22.5, "axis": "y", "origin": [4.75, 8.3, 1.75]},
			"faces": {
				"north": {"uv": [0, 0, 8, 8.5], "texture": "#2"},
				"east": {"uv": [8, 5.5, 16, 14], "texture": "#2"},
				"south": {"uv": [0, 0, 8, 8.5], "texture": "#2"},
				"west": {"uv": [8, 6, 11.5, 6.5], "texture": "#2"},
				"up": {"uv": [0, 16, 8, 0], "texture": "#2"},
				"down": {"uv": [0, 0, 12, 16], "texture": "#2"}
			}
		},
		{
			"from": [9.25, 9.8, 2.75],
			"to": [9.25, 10.1, 9.75],
			"rotation": {"angle": -22.5, "axis": "y", "origin": [4.75, 9.1, 1.75]},
			"faces": {
				"north": {"uv": [0, 0, 8, 8.5], "texture": "#2"},
				"east": {"uv": [8, 4.5, 16, 13], "texture": "#2"},
				"south": {"uv": [0, 0, 8, 8.5], "texture": "#2"},
				"west": {"uv": [8, 5, 16, 15.5], "texture": "#2"},
				"up": {"uv": [0, 16, 8, 0], "texture": "#2"},
				"down": {"uv": [0, 0, 12, 16], "texture": "#2"}
			}
		},
		{
			"from": [9.25, 7.3, 2.75],
			"to": [9.25, 7.6, 9.75],
			"rotation": {"angle": -22.5, "axis": "y", "origin": [4.75, 6.6, 1.75]},
			"faces": {
				"north": {"uv": [0, 0, 8, 8.5], "texture": "#2"},
				"east": {"uv": [0, 9, 11.5, 16], "texture": "#2"},
				"south": {"uv": [0, 0, 8, 8.5], "texture": "#2"},
				"west": {"uv": [8, 9, 11.5, 9.5], "texture": "#2"},
				"up": {"uv": [0, 16, 8, 0], "texture": "#2"},
				"down": {"uv": [0, 0, 12, 16], "texture": "#2"}
			}
		},
		{
			"from": [9.25, 8.1, 2.75],
			"to": [9.25, 8.4, 9.75],
			"rotation": {"angle": -22.5, "axis": "y", "origin": [4.75, 7.4, 1.75]},
			"faces": {
				"north": {"uv": [0, 0, 8, 8.5], "texture": "#2"},
				"east": {"uv": [0, 8.5, 11.5, 16], "texture": "#2"},
				"south": {"uv": [0, 0, 8, 8.5], "texture": "#2"},
				"west": {"uv": [8, 8.5, 11.5, 9], "texture": "#2"},
				"up": {"uv": [0, 16, 8, 0], "texture": "#2"},
				"down": {"uv": [0, 0, 12, 16], "texture": "#2"}
			}
		},
		{
			"from": [9.25, 8.9, 2.75],
			"to": [9.25, 9.2, 9.75],
			"rotation": {"angle": -22.5, "axis": "y", "origin": [4.75, 8.2, 1.75]},
			"faces": {
				"north": {"uv": [0, 0, 8, 8.5], "texture": "#2"},
				"east": {"uv": [8, 7.5, 16, 16], "texture": "#2"},
				"south": {"uv": [0, 0, 8, 8.5], "texture": "#2"},
				"west": {"uv": [8, 8, 11.5, 8.5], "texture": "#2"},
				"up": {"uv": [0, 16, 8, 0], "texture": "#2"},
				"down": {"uv": [0, 0, 12, 16], "texture": "#2"}
			}
		},
		{
			"from": [10.25, 7.3, 2.75],
			"to": [10.25, 7.6, 9.75],
			"rotation": {"angle": -22.5, "axis": "y", "origin": [5.75, 6.6, 1.75]},
			"faces": {
				"north": {"uv": [0, 0, 8, 8.5], "texture": "#2"},
				"east": {"uv": [3.5, 11, 15, 16], "texture": "#2"},
				"south": {"uv": [0, 0, 8, 8.5], "texture": "#2"},
				"west": {"uv": [11, 3.5, 16, 14], "texture": "#2"},
				"up": {"uv": [0, 16, 8, 0], "texture": "#2"},
				"down": {"uv": [0, 0, 12, 16], "texture": "#2"}
			}
		},
		{
			"from": [10.25, 8.1, 2.75],
			"to": [10.25, 8.4, 9.75],
			"rotation": {"angle": -22.5, "axis": "y", "origin": [5.75, 7.4, 1.75]},
			"faces": {
				"north": {"uv": [0, 0, 8, 8.5], "texture": "#2"},
				"east": {"uv": [0, 11, 11.5, 16], "texture": "#2"},
				"south": {"uv": [0, 0, 8, 8.5], "texture": "#2"},
				"west": {"uv": [11, 3, 16, 13.5], "texture": "#2"},
				"up": {"uv": [0, 16, 8, 0], "texture": "#2"},
				"down": {"uv": [0, 0, 12, 16], "texture": "#2"}
			}
		},
		{
			"from": [10.25, 8.9, 2.75],
			"to": [10.25, 9.2, 9.75],
			"rotation": {"angle": -22.5, "axis": "y", "origin": [5.75, 8.2, 1.75]},
			"faces": {
				"north": {"uv": [0, 0, 8, 8.5], "texture": "#2"},
				"east": {"uv": [3.5, 10.5, 15, 16], "texture": "#2"},
				"south": {"uv": [0, 0, 8, 8.5], "texture": "#2"},
				"west": {"uv": [8, 10.5, 16, 16], "texture": "#2"},
				"up": {"uv": [0, 16, 8, 0], "texture": "#2"},
				"down": {"uv": [0, 0, 12, 16], "texture": "#2"}
			}
		},
		{
			"from": [10.25, 9.8, 2.75],
			"to": [10.25, 10.1, 9.75],
			"rotation": {"angle": -22.5, "axis": "y", "origin": [5.75, 9.1, 1.75]},
			"faces": {
				"north": {"uv": [0, 0, 8, 8.5], "texture": "#2"},
				"east": {"uv": [10.5, 2, 16, 10.5], "texture": "#2"},
				"south": {"uv": [0, 0, 8, 8.5], "texture": "#2"},
				"west": {"uv": [10.5, 2.5, 14, 3], "texture": "#2"},
				"up": {"uv": [0, 16, 8, 0], "texture": "#2"},
				"down": {"uv": [0, 0, 12, 16], "texture": "#2"}
			}
		},
		{
			"from": [10.25, 10.5, 2.75],
			"to": [10.25, 10.8, 9.75],
			"rotation": {"angle": -22.5, "axis": "y", "origin": [5.75, 9.8, 1.75]},
			"faces": {
				"north": {"uv": [0, 0, 8, 8.5], "texture": "#2"},
				"east": {"uv": [8, 10, 16, 16], "texture": "#2"},
				"south": {"uv": [0, 0, 8, 8.5], "texture": "#2"},
				"west": {"uv": [0, 10.5, 3.5, 11], "texture": "#2"},
				"up": {"uv": [0, 16, 8, 0], "texture": "#2"},
				"down": {"uv": [0, 0, 12, 16], "texture": "#2"}
			}
		},
		{
			"from": [10.25, 11.3, 2.75],
			"to": [10.25, 11.6, 9.75],
			"rotation": {"angle": -22.5, "axis": "y", "origin": [5.75, 10.6, 1.75]},
			"faces": {
				"north": {"uv": [0, 0, 8, 8.5], "texture": "#2"},
				"east": {"uv": [0, 10, 11.5, 16], "texture": "#2"},
				"south": {"uv": [0, 0, 8, 8.5], "texture": "#2"},
				"west": {"uv": [3.5, 10, 7, 10.5], "texture": "#2"},
				"up": {"uv": [0, 16, 8, 0], "texture": "#2"},
				"down": {"uv": [0, 0, 12, 16], "texture": "#2"}
			}
		},
		{
			"from": [10.25, 12.1, 2.75],
			"to": [10.25, 12.4, 9.75],
			"rotation": {"angle": -22.5, "axis": "y", "origin": [5.75, 11.4, 1.75]},
			"faces": {
				"north": {"uv": [0, 0, 8, 8.5], "texture": "#2"},
				"east": {"uv": [0, 9.5, 11.5, 16], "texture": "#2"},
				"south": {"uv": [0, 0, 8, 8.5], "texture": "#2"},
				"west": {"uv": [8, 9.5, 11.5, 10], "texture": "#2"},
				"up": {"uv": [0, 16, 8, 0], "texture": "#2"},
				"down": {"uv": [0, 0, 12, 16], "texture": "#2"}
			}
		},
		{
			"from": [11.95, 6, 2.45],
			"to": [12.95, 14, 3.45],
			"rotation": {"angle": -22.5, "axis": "y", "origin": [8.45, 13, -4.55]},
			"faces": {
				"north": {"uv": [4, 2, 12.5, 14], "texture": "#2"},
				"east": {"uv": [4.5, 2, 13, 14], "texture": "#2"},
				"south": {"uv": [5, 2, 13.5, 14], "texture": "#2"},
				"west": {"uv": [5.5, 2, 14, 16], "texture": "#2"},
				"up": {"uv": [14.5, 16, 4, 9.5], "texture": "#2"},
				"down": {"uv": [16, 9.5, 4.5, 16], "texture": "#2"}
			}
		},
		{
			"from": [9.05, 6, 9.35],
			"to": [10.05, 14, 10.35],
			"rotation": {"angle": -22.5, "axis": "y", "origin": [5.55, 13, 2.35]},
			"faces": {
				"north": {"uv": [6, 2, 16, 16], "texture": "#2"},
				"east": {"uv": [4, 6, 12.5, 16], "texture": "#2"},
				"south": {"uv": [4.5, 6, 13, 16], "texture": "#2"},
				"west": {"uv": [5, 6, 5.5, 10], "texture": "#2"},
				"up": {"uv": [15.5, 16, 5, 10], "texture": "#2"},
				"down": {"uv": [16, 10.5, 5, 16], "texture": "#2"}
			}
		},
		{
			"from": [10.85, 7, 3],
			"to": [10.9, 13, 9.5],
			"rotation": {"angle": -22.5, "axis": "y", "origin": [6.4, 7, -0.75]},
			"faces": {
				"north": {"uv": [0, 0, 16, 16], "texture": "#1"},
				"east": {"uv": [0, 0, 16, 16], "texture": "#1"},
				"south": {"uv": [0, 0, 16, 16], "texture": "#1"},
				"west": {"uv": [0, 0, 16, 16], "texture": "#1"},
				"up": {"uv": [0, 0, 16, 16], "texture": "#1"},
				"down": {"uv": [15.7, 0, 0, 16], "texture": "#1"}
			}
		}
	]
}