{
	"credit": "Made with Blockbench",
	"texture_size": [64, 64],
	"textures": {
		"1": "block/scarlett_eye",
		"2": "block/weird",
		"3": "block/scarlett",
		"particle": "block/black"
	},
	"elements": [
		{
			"from": [2.075, 3, 0.9],
			"to": [13.8, 4, 12.525],
			"rotation": {"angle": 0, "axis": "y", "origin": [11.8, 2, 0.9]},
			"faces": {
				"north": {"uv": [1, 10.5, 4, 10.75], "texture": "#3"},
				"east": {"uv": [1, 10.75, 4, 11], "texture": "#3"},
				"south": {"uv": [8, 10.75, 11, 11], "texture": "#3"},
				"west": {"uv": [1, 11, 4, 11.25], "texture": "#3"},
				"up": {"uv": [6.5, 3, 3.5, 0], "texture": "#3"},
				"down": {"uv": [6.5, 3, 3.5, 6], "texture": "#3"}
			}
		},
		{
			"from": [3.075, 2, 0.9],
			"to": [12.8, 3, 12.525],
			"rotation": {"angle": 0, "axis": "y", "origin": [11.8, 1, 0.9]},
			"faces": {
				"north": {"uv": [11.25, 10, 13.75, 10.25], "texture": "#3"},
				"east": {"uv": [11, 6, 14, 6.25], "texture": "#3"},
				"south": {"uv": [11.25, 10.25, 13.75, 10.5], "texture": "#3"},
				"west": {"uv": [11, 6.25, 14, 6.5], "texture": "#3"},
				"up": {"uv": [8.5, 9, 6, 6], "texture": "#3"},
				"down": {"uv": [9, 0, 6.5, 3], "texture": "#3"}
			}
		},
		{
			"from": [13.375, 2.65, 0.9],
			"to": [14.775, 3.65, 12.525],
			"rotation": {"angle": 45, "axis": "z", "origin": [13.8, 1.65, 0.9]},
			"faces": {
				"north": {"uv": [12, 12.25, 12.25, 12.5], "texture": "#3"},
				"east": {"uv": [11, 6.5, 14, 6.75], "texture": "#3"},
				"south": {"uv": [12.25, 12, 12.5, 12.25], "texture": "#3"},
				"west": {"uv": [11, 6.75, 14, 7], "texture": "#3"},
				"up": {"uv": [4.25, 13.5, 4, 10.5], "texture": "#3"},
				"down": {"uv": [4.5, 10.5, 4.25, 13.5], "texture": "#3"}
			}
		},
		{
			"from": [1.25, 3, 0.9],
			"to": [2.725, 4, 12.525],
			"rotation": {"angle": -45, "axis": "z", "origin": [1.725, 2, 0.9]},
			"faces": {
				"north": {"uv": [12.25, 12.25, 12.5, 12.5], "texture": "#3"},
				"east": {"uv": [11, 7, 14, 7.25], "texture": "#3"},
				"south": {"uv": [0, 12.5, 0.25, 12.75], "texture": "#3"},
				"west": {"uv": [11, 7.25, 14, 7.5], "texture": "#3"},
				"up": {"uv": [4.75, 13.5, 4.5, 10.5], "texture": "#3"},
				"down": {"uv": [5, 10.5, 4.75, 13.5], "texture": "#3"}
			}
		},
		{
			"from": [9.525, 8.175, 0.45],
			"to": [11.525, 10.175, 0.7],
			"rotation": {"angle": 0, "axis": "y", "origin": [14.05, 7.45, -10.925]},
			"faces": {
				"north": {"uv": [0, 0, 16, 16], "texture": "#1"},
				"east": {"uv": [0, 0, 0.0625, 0.5], "texture": "#1"},
				"south": {"uv": [0, 0, 0.5, 0.5], "texture": "#1"},
				"west": {"uv": [0, 0, 0.0625, 0.5], "texture": "#1"},
				"up": {"uv": [0, 0, 0.5, 0.0625], "texture": "#1"},
				"down": {"uv": [0, 0, 0.5, 0.0625], "texture": "#1"}
			}
		},
		{
			"from": [12.225, 4.25, 0.675],
			"to": [14.15, 5.75, 0.925],
			"rotation": {"angle": 0, "axis": "y", "origin": [16.825, 3.525, -10.7]},
			"faces": {
				"north": {"uv": [10.5, 11.5, 11, 12], "texture": "#3"},
				"east": {"uv": [3.75, 11.75, 4, 12.25], "texture": "#3"},
				"south": {"uv": [11.25, 11.5, 11.75, 12], "texture": "#3"},
				"west": {"uv": [12, 1, 12.25, 1.5], "texture": "#3"},
				"up": {"uv": [12.5, 1.75, 12, 1.5], "texture": "#3"},
				"down": {"uv": [12.5, 1.75, 12, 2], "texture": "#3"}
			}
		},
		{
			"from": [12.4, 4.075, 0.675],
			"to": [13.9, 5.925, 0.925],
			"rotation": {"angle": 0, "axis": "y", "origin": [16.925, 3.4, -10.7]},
			"faces": {
				"north": {"uv": [10, 11.75, 10.5, 12.25], "texture": "#3"},
				"east": {"uv": [9, 12.25, 9.25, 12.75], "texture": "#3"},
				"south": {"uv": [11.75, 11.75, 12.25, 12.25], "texture": "#3"},
				"west": {"uv": [9.25, 12.25, 9.5, 12.75], "texture": "#3"},
				"up": {"uv": [10.5, 12.5, 10, 12.25], "texture": "#3"},
				"down": {"uv": [11.75, 12.25, 11.25, 12.5], "texture": "#3"}
			}
		},
		{
			"from": [1.625, 4.25, 0.675],
			"to": [3.55, 5.75, 0.925],
			"rotation": {"angle": 0, "axis": "y", "origin": [6.225, 3.525, -10.7]},
			"faces": {
				"north": {"uv": [0, 11.75, 0.5, 12.25], "texture": "#3"},
				"east": {"uv": [12, 2, 12.25, 2.5], "texture": "#3"},
				"south": {"uv": [0.5, 11.75, 1, 12.25], "texture": "#3"},
				"west": {"uv": [12, 2.5, 12.25, 3], "texture": "#3"},
				"up": {"uv": [3.25, 12.25, 2.75, 12], "texture": "#3"},
				"down": {"uv": [3.75, 12, 3.25, 12.25], "texture": "#3"}
			}
		},
		{
			"from": [1.8, 4.075, 0.675],
			"to": [3.3, 5.925, 0.925],
			"rotation": {"angle": 0, "axis": "y", "origin": [6.325, 3.4, -10.7]},
			"faces": {
				"north": {"uv": [12, 4, 12.25, 4.5], "texture": "#3"},
				"east": {"uv": [12, 4.5, 12.25, 5], "texture": "#3"},
				"south": {"uv": [12, 5, 12.25, 5.5], "texture": "#3"},
				"west": {"uv": [12, 5.5, 12.25, 6], "texture": "#3"},
				"up": {"uv": [12.75, 0.25, 12.5, 0], "texture": "#3"},
				"down": {"uv": [0.5, 12.5, 0.25, 12.75], "texture": "#3"}
			}
		},
		{
			"from": [9.525, 10.675, 0.45],
			"to": [11.525, 10.975, 0.7],
			"rotation": {"angle": 0, "axis": "y", "origin": [14.05, 9.95, -10.925]},
			"faces": {
				"north": {"uv": [12, 0, 12.5, 0.25], "texture": "#3"},
				"east": {"uv": [11.75, 12.25, 12, 12.5], "texture": "#3"},
				"south": {"uv": [12, 0.25, 12.5, 0.5], "texture": "#3"},
				"west": {"uv": [12.25, 11.75, 12.5, 12], "texture": "#3"},
				"up": {"uv": [12.5, 0.75, 12, 0.5], "texture": "#3"},
				"down": {"uv": [12.5, 0.75, 12, 1], "texture": "#3"}
			}
		},
		{
			"from": [4.25, 10.675, 0.45],
			"to": [6.25, 10.975, 0.7],
			"rotation": {"angle": 0, "axis": "y", "origin": [13.775, 9.95, -10.925]},
			"faces": {
				"north": {"uv": [8, 12, 8.5, 12.25], "texture": "#3"},
				"east": {"uv": [12.5, 0.25, 12.75, 0.5], "texture": "#3"},
				"south": {"uv": [8.5, 12, 9, 12.25], "texture": "#3"},
				"west": {"uv": [0.5, 12.5, 0.75, 12.75], "texture": "#3"},
				"up": {"uv": [9.5, 12.25, 9, 12], "texture": "#3"},
				"down": {"uv": [12.5, 9, 12, 9.25], "texture": "#3"}
			}
		},
		{
			"from": [10.775, 9.025, 0.45],
			"to": [11.1, 9.325, 0.7],
			"rotation": {"angle": -22.5, "axis": "z", "origin": [15.3, 8.3, -10.925]},
			"faces": {
				"north": {"uv": [12.5, 0.5, 12.75, 0.75], "texture": "#3"},
				"east": {"uv": [0.75, 12.5, 1, 12.75], "texture": "#3"},
				"south": {"uv": [12.5, 0.75, 12.75, 1], "texture": "#3"},
				"west": {"uv": [12.5, 1, 12.75, 1.25], "texture": "#3"},
				"up": {"uv": [12.75, 1.5, 12.5, 1.25], "texture": "#3"},
				"down": {"uv": [12.75, 1.5, 12.5, 1.75], "texture": "#3"}
			}
		},
		{
			"from": [4.025, 12.35, 0.45],
			"to": [4.35, 12.65, 0.7],
			"rotation": {"angle": 22.5, "axis": "z", "origin": [8.55, 11.625, -10.925]},
			"faces": {
				"north": {"uv": [1.75, 12.5, 2, 12.75], "texture": "#3"},
				"east": {"uv": [12.5, 1.75, 12.75, 2], "texture": "#3"},
				"south": {"uv": [2, 12.5, 2.25, 12.75], "texture": "#3"},
				"west": {"uv": [12.5, 2, 12.75, 2.25], "texture": "#3"},
				"up": {"uv": [2.5, 12.75, 2.25, 12.5], "texture": "#3"},
				"down": {"uv": [12.75, 2.25, 12.5, 2.5], "texture": "#3"}
			}
		},
		{
			"from": [4.25, 8.175, 0.45],
			"to": [6.25, 10.175, 0.7],
			"rotation": {"angle": 0, "axis": "y", "origin": [13.775, 7.45, -10.925]},
			"faces": {
				"north": {"uv": [0, 0, 16, 16], "texture": "#1"},
				"east": {"uv": [0, 0, 0.0625, 0.5], "texture": "#1"},
				"south": {"uv": [0, 0, 0.5, 0.5], "texture": "#1"},
				"west": {"uv": [0, 0, 0.0625, 0.5], "texture": "#1"},
				"up": {"uv": [0, 0, 0.5, 0.0625], "texture": "#1"},
				"down": {"uv": [0, 0, 0.5, 0.0625], "texture": "#1"}
			}
		},
		{
			"from": [1.075, 4, 0.9],
			"to": [14.8, 6, 12.525],
			"rotation": {"angle": 0, "axis": "y", "origin": [11.8, 4, 0.9]},
			"faces": {
				"north": {"uv": [9, 3, 12.5, 3.5], "texture": "#3"},
				"east": {"uv": [9, 4, 12, 4.5], "texture": "#3"},
				"south": {"uv": [9, 3.5, 12.5, 4], "texture": "#3"},
				"west": {"uv": [9, 4.5, 12, 5], "texture": "#3"},
				"up": {"uv": [3.5, 3, 0, 0], "texture": "#3"},
				"down": {"uv": [3.5, 3, 0, 6], "texture": "#3"}
			}
		},
		{
			"from": [1.225, 4.7, 0.9],
			"to": [2.35, 6.7, 12.525],
			"rotation": {"angle": -22.5, "axis": "z", "origin": [-0.65, 4.7, 0.9]},
			"faces": {
				"north": {"uv": [9.5, 12, 9.75, 12.5], "texture": "#3"},
				"east": {"uv": [9, 5, 12, 5.5], "texture": "#3"},
				"south": {"uv": [9.75, 12, 10, 12.5], "texture": "#3"},
				"west": {"uv": [9, 5.5, 12, 6], "texture": "#3"},
				"up": {"uv": [5.25, 13.5, 5, 10.5], "texture": "#3"},
				"down": {"uv": [5.5, 10.5, 5.25, 13.5], "texture": "#3"}
			}
		},
		{
			"from": [13.875, 2.9, 0.9],
			"to": [15, 4.9, 12.525],
			"rotation": {"angle": 22.5, "axis": "z", "origin": [12, 2.9, 0.9]},
			"faces": {
				"north": {"uv": [10.5, 12, 10.75, 12.5], "texture": "#3"},
				"east": {"uv": [6, 9, 9, 9.5], "texture": "#3"},
				"south": {"uv": [10.75, 12, 11, 12.5], "texture": "#3"},
				"west": {"uv": [9, 9, 12, 9.5], "texture": "#3"},
				"up": {"uv": [5.75, 13.5, 5.5, 10.5], "texture": "#3"},
				"down": {"uv": [6, 10.5, 5.75, 13.5], "texture": "#3"}
			}
		},
		{
			"from": [11.675, 5.075, 0.9],
			"to": [13.675, 6.2, 12.525],
			"rotation": {"angle": -22.5, "axis": "z", "origin": [13.675, 3.2, 0.9]},
			"faces": {
				"north": {"uv": [12, 9.25, 12.5, 9.5], "texture": "#3"},
				"east": {"uv": [11, 7.5, 14, 7.75], "texture": "#3"},
				"south": {"uv": [11.25, 12, 11.75, 12.25], "texture": "#3"},
				"west": {"uv": [11, 7.75, 14, 8], "texture": "#3"},
				"up": {"uv": [6.5, 12.5, 6, 9.5], "texture": "#3"},
				"down": {"uv": [7, 9.5, 6.5, 12.5], "texture": "#3"}
			}
		},
		{
			"from": [2.05, 5.925, 0.9],
			"to": [4.05, 7.05, 12.525],
			"rotation": {"angle": 22.5, "axis": "z", "origin": [4.05, 4.05, 0.9]},
			"faces": {
				"north": {"uv": [0, 12.25, 0.5, 12.5], "texture": "#3"},
				"east": {"uv": [8, 11, 11, 11.25], "texture": "#3"},
				"south": {"uv": [0.5, 12.25, 1, 12.5], "texture": "#3"},
				"west": {"uv": [11, 8, 14, 8.25], "texture": "#3"},
				"up": {"uv": [7.5, 12.5, 7, 9.5], "texture": "#3"},
				"down": {"uv": [8, 9.5, 7.5, 12.5], "texture": "#3"}
			}
		},
		{
			"from": [2.075, 6, 0.9],
			"to": [13.8, 12.3, 12.525],
			"rotation": {"angle": 0, "axis": "y", "origin": [11.8, 6, 0.9]},
			"faces": {
				"north": {"uv": [0, 9, 3, 10.5], "texture": "#3"},
				"east": {"uv": [9, 0, 12, 1.5], "texture": "#3"},
				"south": {"uv": [9, 1.5, 12, 3], "texture": "#3"},
				"west": {"uv": [3, 9, 6, 10.5], "texture": "#3"},
				"up": {"uv": [3, 9, 0, 6], "texture": "#3"},
				"down": {"uv": [6, 6, 3, 9], "texture": "#3"}
			}
		},
		{
			"from": [2.775, 12.3, 0.9],
			"to": [13.075, 13, 12.525],
			"rotation": {"angle": 0, "axis": "y", "origin": [11.8, 12.5, 0.9]},
			"faces": {
				"north": {"uv": [11.25, 10.5, 13.75, 10.75], "texture": "#3"},
				"east": {"uv": [11, 8.25, 14, 8.5], "texture": "#3"},
				"south": {"uv": [11.25, 10.75, 13.75, 11], "texture": "#3"},
				"west": {"uv": [11, 8.5, 14, 8.75], "texture": "#3"},
				"up": {"uv": [9, 6, 6.5, 3], "texture": "#3"},
				"down": {"uv": [11, 6, 8.5, 9], "texture": "#3"}
			}
		},
		{
			"from": [2.55, 11.6, 0.9],
			"to": [3.575, 12.085, 12.525],
			"rotation": {"angle": 45, "axis": "z", "origin": [2.075, 11.6, 0.9]},
			"faces": {
				"north": {"uv": [2.5, 12.5, 2.75, 12.75], "texture": "#3"},
				"east": {"uv": [11, 8.75, 14, 9], "texture": "#3"},
				"south": {"uv": [12.5, 2.5, 12.75, 2.75], "texture": "#3"},
				"west": {"uv": [11, 9.5, 14, 9.75], "texture": "#3"},
				"up": {"uv": [11.25, 12.75, 11, 9.75], "texture": "#3"},
				"down": {"uv": [1.25, 11.25, 1, 14.25], "texture": "#3"}
			}
		},
		{
			"from": [12.85, 13, 0.9],
			"to": [13.875, 13.5, 12.525],
			"rotation": {"angle": -45, "axis": "z", "origin": [12.375, 13, 0.9]},
			"faces": {
				"north": {"uv": [12.5, 2.75, 12.75, 3], "texture": "#3"},
				"east": {"uv": [8, 11.25, 11, 11.5], "texture": "#3"},
				"south": {"uv": [3, 12.5, 3.25, 12.75], "texture": "#3"},
				"west": {"uv": [11.25, 9.75, 14.25, 10], "texture": "#3"},
				"up": {"uv": [1.5, 14.25, 1.25, 11.25], "texture": "#3"},
				"down": {"uv": [1.75, 11.25, 1.5, 14.25], "texture": "#3"}
			}
		},
		{
			"from": [-0.1, -4.25, 5.5],
			"to": [0.4, -0.25, 6],
			"rotation": {"angle": 45, "axis": "z", "origin": [-16.85, 8, 14]},
			"faces": {
				"north": {"uv": [3, 0.5, 9.25, 16], "texture": "#2"},
				"east": {"uv": [12, 2, 12.25, 2.5], "texture": "#2"},
				"south": {"uv": [12, 2, 12.25, 2.5], "texture": "#2"},
				"west": {"uv": [12, 2, 12.25, 2.5], "texture": "#2"},
				"up": {"uv": [12.5, 1.75, 12.25, 1.5], "texture": "#2"},
				"down": {"uv": [12.5, 1.5, 12.25, 1.75], "texture": "#2"}
			}
		},
		{
			"from": [20.75, 8.75, 5.5],
			"to": [21.25, 10.75, 6],
			"rotation": {"angle": -45, "axis": "z", "origin": [21.75, 20, 14]},
			"faces": {
				"north": {"uv": [13, 0, 16, 16], "texture": "#2"},
				"east": {"uv": [12, 2, 12.25, 2.5], "texture": "#2"},
				"south": {"uv": [12, 2, 12.25, 2.5], "texture": "#2"},
				"west": {"uv": [12, 2, 12.25, 2.5], "texture": "#2"},
				"up": {"uv": [12.5, 1.75, 12.25, 1.5], "texture": "#2"},
				"down": {"uv": [12.5, 1.5, 12.25, 1.75], "texture": "#2"}
			}
		},
		{
			"from": [21.275, 10.5, 5.25],
			"to": [22.375, 12.675, 6.25],
			"rotation": {"angle": -45, "axis": "z", "origin": [22.275, 21, 14]},
			"faces": {
				"north": {"uv": [12.25, 2.5, 12.5, 3], "texture": "#3"},
				"east": {"uv": [2.75, 12.25, 3, 12.75], "texture": "#3"},
				"south": {"uv": [12.25, 2.5, 12.5, 3], "texture": "#3"},
				"west": {"uv": [2.75, 12.25, 3, 12.75], "texture": "#3"},
				"up": {"uv": [3.5, 12.5, 3.25, 12.75], "texture": "#3"},
				"down": {"uv": [3.5, 12.5, 3.25, 12.75], "texture": "#3"}
			}
		},
		{
			"from": [11.75, 14.25, 5.25],
			"to": [13, 14.85, 6.25],
			"rotation": {"angle": 22.5, "axis": "z", "origin": [12.75, 23.35, 14]},
			"faces": {
				"north": {"uv": [12.75, 3.75, 13, 4], "texture": "#3"},
				"east": {"uv": [12.75, 4, 13, 4.25], "texture": "#3"},
				"south": {"uv": [12.75, 3.75, 13, 4], "texture": "#3"},
				"west": {"uv": [12.75, 4, 13, 4.25], "texture": "#3"},
				"up": {"uv": [13, 4.5, 12.75, 4.75], "texture": "#3"},
				"down": {"uv": [13, 4.5, 12.75, 4.75], "texture": "#3"}
			}
		},
		{
			"from": [18.925, 14.3, 5.25],
			"to": [19.5, 15.05, 6.25],
			"rotation": {"angle": -22.5, "axis": "z", "origin": [19.25, 23.55, 14]},
			"faces": {
				"north": {"uv": [12.75, 5.25, 13, 5.5], "texture": "#3"},
				"east": {"uv": [12.75, 5.5, 13, 5.75], "texture": "#3"},
				"south": {"uv": [12.75, 5.25, 13, 5.5], "texture": "#3"},
				"west": {"uv": [12.75, 5.5, 13, 5.75], "texture": "#3"},
				"up": {"uv": [6.25, 12.75, 6, 13], "texture": "#3"},
				"down": {"uv": [6.25, 12.75, 6, 13], "texture": "#3"}
			}
		},
		{
			"from": [7, 7.025, -4.025],
			"to": [9, 8.025, 0.975],
			"rotation": {"angle": 0, "axis": "y", "origin": [7, 6.025, -1.025]},
			"faces": {
				"north": {"uv": [12.25, 5.5, 12.75, 5.75], "texture": "#3"},
				"east": {"uv": [8, 11.5, 9.25, 11.75], "texture": "#3"},
				"south": {"uv": [12.25, 5.75, 12.75, 6], "texture": "#3"},
				"west": {"uv": [9.25, 11.5, 10.5, 11.75], "texture": "#3"},
				"up": {"uv": [2.25, 12.5, 1.75, 11.25], "texture": "#3"},
				"down": {"uv": [2.75, 11.25, 2.25, 12.5], "texture": "#3"}
			}
		},
		{
			"from": [8.5, 4.025, -4.025],
			"to": [9, 4.775, -3.525],
			"rotation": {"angle": 0, "axis": "y", "origin": [9.5, 3.025, -1.025]},
			"faces": {
				"north": {"uv": [12.75, 2.75, 13, 3], "texture": "#3"},
				"east": {"uv": [3, 12.75, 3.25, 13], "texture": "#3"},
				"south": {"uv": [12.75, 3, 13, 3.25], "texture": "#3"},
				"west": {"uv": [3.25, 12.75, 3.5, 13], "texture": "#3"},
				"up": {"uv": [13, 3.5, 12.75, 3.25], "texture": "#3"},
				"down": {"uv": [3.75, 12.75, 3.5, 13], "texture": "#3"}
			}
		},
		{
			"from": [8.5, 5.275, -4.025],
			"to": [9, 6.025, -3.525],
			"rotation": {"angle": 0, "axis": "y", "origin": [9.5, 4.275, -1.025]},
			"faces": {
				"north": {"uv": [12.75, 2, 13, 2.25], "texture": "#3"},
				"east": {"uv": [2.25, 12.75, 2.5, 13], "texture": "#3"},
				"south": {"uv": [12.75, 2.25, 13, 2.5], "texture": "#3"},
				"west": {"uv": [2.5, 12.75, 2.75, 13], "texture": "#3"},
				"up": {"uv": [13, 2.75, 12.75, 2.5], "texture": "#3"},
				"down": {"uv": [3, 12.75, 2.75, 13], "texture": "#3"}
			}
		},
		{
			"from": [8.5, 4.025, -3.025],
			"to": [9, 4.775, -2.525],
			"rotation": {"angle": 0, "axis": "y", "origin": [9.5, 3.025, -0.025]},
			"faces": {
				"north": {"uv": [12.75, 1, 13, 1.25], "texture": "#3"},
				"east": {"uv": [12.75, 1.25, 13, 1.5], "texture": "#3"},
				"south": {"uv": [12.75, 1.5, 13, 1.75], "texture": "#3"},
				"west": {"uv": [1.75, 12.75, 2, 13], "texture": "#3"},
				"up": {"uv": [13, 2, 12.75, 1.75], "texture": "#3"},
				"down": {"uv": [2.25, 12.75, 2, 13], "texture": "#3"}
			}
		},
		{
			"from": [8.5, 5.275, -3.025],
			"to": [9, 6.025, -2.525],
			"rotation": {"angle": 0, "axis": "y", "origin": [9.5, 4.275, -0.025]},
			"faces": {
				"north": {"uv": [0.25, 12.75, 0.5, 13], "texture": "#3"},
				"east": {"uv": [12.75, 0.25, 13, 0.5], "texture": "#3"},
				"south": {"uv": [0.5, 12.75, 0.75, 13], "texture": "#3"},
				"west": {"uv": [12.75, 0.5, 13, 0.75], "texture": "#3"},
				"up": {"uv": [1, 13, 0.75, 12.75], "texture": "#3"},
				"down": {"uv": [13, 0.75, 12.75, 1], "texture": "#3"}
			}
		},
		{
			"from": [8.5, 5.175, -1.225],
			"to": [9, 5.925, -0.725],
			"rotation": {"angle": 0, "axis": "y", "origin": [9.5, 4.175, 1.775]},
			"faces": {
				"north": {"uv": [12.75, 12.25, 13, 12.5], "texture": "#3"},
				"east": {"uv": [12.5, 12.75, 12.75, 13], "texture": "#3"},
				"south": {"uv": [12.75, 12.5, 13, 12.75], "texture": "#3"},
				"west": {"uv": [12.75, 12.75, 13, 13], "texture": "#3"},
				"up": {"uv": [0.25, 13.25, 0, 13], "texture": "#3"},
				"down": {"uv": [13.25, 0, 13, 0.25], "texture": "#3"}
			}
		},
		{
			"from": [8.5, 5.275, -2.025],
			"to": [9, 6.025, -1.525],
			"rotation": {"angle": 0, "axis": "y", "origin": [9.5, 4.275, 0.975]},
			"faces": {
				"north": {"uv": [12.75, 11.5, 13, 11.75], "texture": "#3"},
				"east": {"uv": [11.75, 12.75, 12, 13], "texture": "#3"},
				"south": {"uv": [12.75, 11.75, 13, 12], "texture": "#3"},
				"west": {"uv": [12, 12.75, 12.25, 13], "texture": "#3"},
				"up": {"uv": [13, 12.25, 12.75, 12], "texture": "#3"},
				"down": {"uv": [12.5, 12.75, 12.25, 13], "texture": "#3"}
			}
		},
		{
			"from": [8.5, 4.025, -2.025],
			"to": [9, 4.775, -1.525],
			"rotation": {"angle": 0, "axis": "y", "origin": [9.5, 3.025, 0.975]},
			"faces": {
				"north": {"uv": [10.75, 12.75, 11, 13], "texture": "#3"},
				"east": {"uv": [11, 12.75, 11.25, 13], "texture": "#3"},
				"south": {"uv": [12.75, 11, 13, 11.25], "texture": "#3"},
				"west": {"uv": [11.25, 12.75, 11.5, 13], "texture": "#3"},
				"up": {"uv": [13, 11.5, 12.75, 11.25], "texture": "#3"},
				"down": {"uv": [11.75, 12.75, 11.5, 13], "texture": "#3"}
			}
		},
		{
			"from": [8.5, 3.925, -1.225],
			"to": [9, 4.675, -0.725],
			"rotation": {"angle": 0, "axis": "y", "origin": [9.5, 2.925, 1.775]},
			"faces": {
				"north": {"uv": [12.75, 9.25, 13, 9.5], "texture": "#3"},
				"east": {"uv": [9.5, 12.75, 9.75, 13], "texture": "#3"},
				"south": {"uv": [9.75, 12.75, 10, 13], "texture": "#3"},
				"west": {"uv": [10, 12.75, 10.25, 13], "texture": "#3"},
				"up": {"uv": [10.5, 13, 10.25, 12.75], "texture": "#3"},
				"down": {"uv": [10.75, 12.75, 10.5, 13], "texture": "#3"}
			}
		},
		{
			"from": [8.5, 5.175, -0.225],
			"to": [9, 5.925, 0.275],
			"rotation": {"angle": 0, "axis": "y", "origin": [9.5, 4.175, 2.775]},
			"faces": {
				"north": {"uv": [13, 1, 13.25, 1.25], "texture": "#3"},
				"east": {"uv": [13, 1.25, 13.25, 1.5], "texture": "#3"},
				"south": {"uv": [13, 1.5, 13.25, 1.75], "texture": "#3"},
				"west": {"uv": [1.75, 13, 2, 13.25], "texture": "#3"},
				"up": {"uv": [13.25, 2, 13, 1.75], "texture": "#3"},
				"down": {"uv": [2.25, 13, 2, 13.25], "texture": "#3"}
			}
		},
		{
			"from": [8.5, 3.925, -0.225],
			"to": [9, 4.675, 0.275],
			"rotation": {"angle": 0, "axis": "y", "origin": [9.5, 2.925, 2.775]},
			"faces": {
				"north": {"uv": [0.25, 13, 0.5, 13.25], "texture": "#3"},
				"east": {"uv": [13, 0.25, 13.25, 0.5], "texture": "#3"},
				"south": {"uv": [0.5, 13, 0.75, 13.25], "texture": "#3"},
				"west": {"uv": [13, 0.5, 13.25, 0.75], "texture": "#3"},
				"up": {"uv": [1, 13.25, 0.75, 13], "texture": "#3"},
				"down": {"uv": [13.25, 0.75, 13, 1], "texture": "#3"}
			}
		},
		{
			"from": [6.9, 4.025, -2.025],
			"to": [7.4, 4.775, -1.525],
			"rotation": {"angle": 0, "axis": "y", "origin": [7.9, 3.025, 0.975]},
			"faces": {
				"north": {"uv": [7.75, 13, 8, 13.25], "texture": "#3"},
				"east": {"uv": [8, 13, 8.25, 13.25], "texture": "#3"},
				"south": {"uv": [8.25, 13, 8.5, 13.25], "texture": "#3"},
				"west": {"uv": [8.5, 13, 8.75, 13.25], "texture": "#3"},
				"up": {"uv": [9, 13.25, 8.75, 13], "texture": "#3"},
				"down": {"uv": [9.25, 13, 9, 13.25], "texture": "#3"}
			}
		},
		{
			"from": [6.9, 3.925, -1.225],
			"to": [7.4, 4.675, -0.725],
			"rotation": {"angle": 0, "axis": "y", "origin": [7.9, 2.925, 1.775]},
			"faces": {
				"north": {"uv": [6.25, 13, 6.5, 13.25], "texture": "#3"},
				"east": {"uv": [6.5, 13, 6.75, 13.25], "texture": "#3"},
				"south": {"uv": [6.75, 13, 7, 13.25], "texture": "#3"},
				"west": {"uv": [7, 13, 7.25, 13.25], "texture": "#3"},
				"up": {"uv": [7.5, 13.25, 7.25, 13], "texture": "#3"},
				"down": {"uv": [7.75, 13, 7.5, 13.25], "texture": "#3"}
			}
		},
		{
			"from": [6.9, 3.925, -0.225],
			"to": [7.4, 4.675, 0.275],
			"rotation": {"angle": 0, "axis": "y", "origin": [7.9, 2.925, 2.775]},
			"faces": {
				"north": {"uv": [13, 4.75, 13.25, 5], "texture": "#3"},
				"east": {"uv": [13, 5, 13.25, 5.25], "texture": "#3"},
				"south": {"uv": [13, 5.25, 13.25, 5.5], "texture": "#3"},
				"west": {"uv": [13, 5.5, 13.25, 5.75], "texture": "#3"},
				"up": {"uv": [13.25, 6, 13, 5.75], "texture": "#3"},
				"down": {"uv": [6.25, 13, 6, 13.25], "texture": "#3"}
			}
		},
		{
			"from": [6.9, 5.175, -0.225],
			"to": [7.4, 5.925, 0.275],
			"rotation": {"angle": 0, "axis": "y", "origin": [7.9, 4.175, 2.775]},
			"faces": {
				"north": {"uv": [13, 3.5, 13.25, 3.75], "texture": "#3"},
				"east": {"uv": [3.75, 13, 4, 13.25], "texture": "#3"},
				"south": {"uv": [13, 3.75, 13.25, 4], "texture": "#3"},
				"west": {"uv": [13, 4, 13.25, 4.25], "texture": "#3"},
				"up": {"uv": [13.25, 4.5, 13, 4.25], "texture": "#3"},
				"down": {"uv": [13.25, 4.5, 13, 4.75], "texture": "#3"}
			}
		},
		{
			"from": [6.9, 5.175, -1.225],
			"to": [7.4, 5.925, -0.725],
			"rotation": {"angle": 0, "axis": "y", "origin": [7.9, 4.175, 1.775]},
			"faces": {
				"north": {"uv": [13, 2.75, 13.25, 3], "texture": "#3"},
				"east": {"uv": [3, 13, 3.25, 13.25], "texture": "#3"},
				"south": {"uv": [13, 3, 13.25, 3.25], "texture": "#3"},
				"west": {"uv": [3.25, 13, 3.5, 13.25], "texture": "#3"},
				"up": {"uv": [13.25, 3.5, 13, 3.25], "texture": "#3"},
				"down": {"uv": [3.75, 13, 3.5, 13.25], "texture": "#3"}
			}
		},
		{
			"from": [6.9, 5.275, -2.025],
			"to": [7.4, 6.025, -1.525],
			"rotation": {"angle": 0, "axis": "y", "origin": [7.9, 4.275, 0.975]},
			"faces": {
				"north": {"uv": [13, 2, 13.25, 2.25], "texture": "#3"},
				"east": {"uv": [2.25, 13, 2.5, 13.25], "texture": "#3"},
				"south": {"uv": [13, 2.25, 13.25, 2.5], "texture": "#3"},
				"west": {"uv": [2.5, 13, 2.75, 13.25], "texture": "#3"},
				"up": {"uv": [13.25, 2.75, 13, 2.5], "texture": "#3"},
				"down": {"uv": [3, 13, 2.75, 13.25], "texture": "#3"}
			}
		},
		{
			"from": [7, 4.025, -3.025],
			"to": [7.5, 4.775, -2.525],
			"rotation": {"angle": 0, "axis": "y", "origin": [8, 3.025, -0.025]},
			"faces": {
				"north": {"uv": [12.5, 12, 12.75, 12.25], "texture": "#3"},
				"east": {"uv": [12.25, 12.5, 12.5, 12.75], "texture": "#3"},
				"south": {"uv": [12.5, 12.25, 12.75, 12.5], "texture": "#3"},
				"west": {"uv": [12.5, 12.5, 12.75, 12.75], "texture": "#3"},
				"up": {"uv": [0.25, 13, 0, 12.75], "texture": "#3"},
				"down": {"uv": [13, 0, 12.75, 0.25], "texture": "#3"}
			}
		},
		{
			"from": [7, 5.275, -3.025],
			"to": [7.5, 6.025, -2.525],
			"rotation": {"angle": 0, "axis": "y", "origin": [8, 4.275, -0.025]},
			"faces": {
				"north": {"uv": [11.25, 12.5, 11.5, 12.75], "texture": "#3"},
				"east": {"uv": [12.5, 11.25, 12.75, 11.5], "texture": "#3"},
				"south": {"uv": [11.5, 12.5, 11.75, 12.75], "texture": "#3"},
				"west": {"uv": [11.75, 12.5, 12, 12.75], "texture": "#3"},
				"up": {"uv": [12.75, 12, 12.5, 11.75], "texture": "#3"},
				"down": {"uv": [12.25, 12.5, 12, 12.75], "texture": "#3"}
			}
		},
		{
			"from": [7, 5.275, -4.025],
			"to": [7.5, 6.025, -3.525],
			"rotation": {"angle": 0, "axis": "y", "origin": [8, 4.275, -1.025]},
			"faces": {
				"north": {"uv": [9.75, 12.5, 10, 12.75], "texture": "#3"},
				"east": {"uv": [10, 12.5, 10.25, 12.75], "texture": "#3"},
				"south": {"uv": [10.25, 12.5, 10.5, 12.75], "texture": "#3"},
				"west": {"uv": [10.5, 12.5, 10.75, 12.75], "texture": "#3"},
				"up": {"uv": [11, 12.75, 10.75, 12.5], "texture": "#3"},
				"down": {"uv": [12.75, 11, 12.5, 11.25], "texture": "#3"}
			}
		},
		{
			"from": [7, 4.025, -4.025],
			"to": [7.5, 4.775, -3.525],
			"rotation": {"angle": 0, "axis": "y", "origin": [8, 3.025, -1.025]},
			"faces": {
				"north": {"uv": [7.25, 12.5, 7.5, 12.75], "texture": "#3"},
				"east": {"uv": [7.5, 12.5, 7.75, 12.75], "texture": "#3"},
				"south": {"uv": [7.75, 12.5, 8, 12.75], "texture": "#3"},
				"west": {"uv": [12.5, 9, 12.75, 9.25], "texture": "#3"},
				"up": {"uv": [12.75, 9.5, 12.5, 9.25], "texture": "#3"},
				"down": {"uv": [9.75, 12.5, 9.5, 12.75], "texture": "#3"}
			}
		},
		{
			"from": [6, 6.025, -4.025],
			"to": [10, 7.025, 0.975],
			"rotation": {"angle": 0, "axis": "y", "origin": [7, 5.025, -1.025]},
			"faces": {
				"north": {"uv": [9, 11.75, 10, 12], "texture": "#3"},
				"east": {"uv": [11.25, 11.25, 12.5, 11.5], "texture": "#3"},
				"south": {"uv": [11.75, 11.5, 12.75, 11.75], "texture": "#3"},
				"west": {"uv": [2.75, 11.5, 4, 11.75], "texture": "#3"},
				"up": {"uv": [11, 10.75, 10, 9.5], "texture": "#3"},
				"down": {"uv": [1, 10.5, 0, 11.75], "texture": "#3"}
			}
		},
		{
			"from": [7.5, 7.375, -4.475],
			"to": [8.5, 8.375, -3.475],
			"rotation": {"angle": 0, "axis": "y", "origin": [7, 6.375, -5.475]},
			"faces": {
				"north": {"uv": [12.5, 3.75, 12.75, 4], "texture": "#3"},
				"east": {"uv": [6, 12.5, 6.25, 12.75], "texture": "#3"},
				"south": {"uv": [6.25, 12.5, 6.5, 12.75], "texture": "#3"},
				"west": {"uv": [6.5, 12.5, 6.75, 12.75], "texture": "#3"},
				"up": {"uv": [7, 12.75, 6.75, 12.5], "texture": "#3"},
				"down": {"uv": [7.25, 12.5, 7, 12.75], "texture": "#3"}
			}
		},
		{
			"from": [7, 6.025, -5.025],
			"to": [9, 7.025, -4.025],
			"rotation": {"angle": 0, "axis": "y", "origin": [7, 5.025, -6.025]},
			"faces": {
				"north": {"uv": [12.25, 4.5, 12.75, 4.75], "texture": "#3"},
				"east": {"uv": [12.5, 3.5, 12.75, 3.75], "texture": "#3"},
				"south": {"uv": [12.25, 4.75, 12.75, 5], "texture": "#3"},
				"west": {"uv": [3.75, 12.5, 4, 12.75], "texture": "#3"},
				"up": {"uv": [12.75, 5.25, 12.25, 5], "texture": "#3"},
				"down": {"uv": [12.75, 5.25, 12.25, 5.5], "texture": "#3"}
			}
		},
		{
			"from": [7, 3.025, -5.025],
			"to": [9, 4.025, -4.025],
			"rotation": {"angle": 0, "axis": "y", "origin": [7, 2.025, -6.025]},
			"faces": {
				"north": {"uv": [3, 12.25, 3.5, 12.5], "texture": "#3"},
				"east": {"uv": [12.5, 3.25, 12.75, 3.5], "texture": "#3"},
				"south": {"uv": [3.5, 12.25, 4, 12.5], "texture": "#3"},
				"west": {"uv": [3.5, 12.5, 3.75, 12.75], "texture": "#3"},
				"up": {"uv": [12.75, 4.25, 12.25, 4], "texture": "#3"},
				"down": {"uv": [12.75, 4.25, 12.25, 4.5], "texture": "#3"}
			}
		},
		{
			"from": [6, 3.025, -4.025],
			"to": [10, 4.025, 0.975],
			"rotation": {"angle": 0, "axis": "y", "origin": [7, 2.025, -1.025]},
			"faces": {
				"north": {"uv": [2.75, 11.75, 3.75, 12], "texture": "#3"},
				"east": {"uv": [2.75, 11.25, 4, 11.5], "texture": "#3"},
				"south": {"uv": [8, 11.75, 9, 12], "texture": "#3"},
				"west": {"uv": [11.25, 11, 12.5, 11.25], "texture": "#3"},
				"up": {"uv": [9, 10.75, 8, 9.5], "texture": "#3"},
				"down": {"uv": [10, 9.5, 9, 10.75], "texture": "#3"}
			}
		},
		{
			"from": [-6.375, 10.5, 5.25],
			"to": [-5.275, 12.675, 6.25],
			"rotation": {"angle": 45, "axis": "z", "origin": [-6.275, 21, 14]},
			"faces": {
				"north": {"uv": [8, 12.25, 8.25, 12.75], "texture": "#3"},
				"east": {"uv": [8.25, 12.25, 8.5, 12.75], "texture": "#3"},
				"south": {"uv": [8.5, 12.25, 8.75, 12.75], "texture": "#3"},
				"west": {"uv": [8.75, 12.25, 9, 12.75], "texture": "#3"},
				"up": {"uv": [6.5, 13, 6.25, 12.75], "texture": "#3"},
				"down": {"uv": [6.75, 12.75, 6.5, 13], "texture": "#3"}
			}
		},
		{
			"from": [3, 14.25, 5.25],
			"to": [4.25, 14.85, 6.25],
			"rotation": {"angle": -22.5, "axis": "z", "origin": [3.25, 23.35, 14]},
			"faces": {
				"north": {"uv": [6.75, 12.75, 7, 13], "texture": "#3"},
				"east": {"uv": [7, 12.75, 7.25, 13], "texture": "#3"},
				"south": {"uv": [7.25, 12.75, 7.5, 13], "texture": "#3"},
				"west": {"uv": [7.5, 12.75, 7.75, 13], "texture": "#3"},
				"up": {"uv": [8, 13, 7.75, 12.75], "texture": "#3"},
				"down": {"uv": [8.25, 12.75, 8, 13], "texture": "#3"}
			}
		},
		{
			"from": [-3.5, 14.3, 5.25],
			"to": [-2.925, 15.05, 6.25],
			"rotation": {"angle": 22.5, "axis": "z", "origin": [-3.25, 23.55, 14]},
			"faces": {
				"north": {"uv": [8.25, 12.75, 8.5, 13], "texture": "#3"},
				"east": {"uv": [8.5, 12.75, 8.75, 13], "texture": "#3"},
				"south": {"uv": [8.75, 12.75, 9, 13], "texture": "#3"},
				"west": {"uv": [9, 12.75, 9.25, 13], "texture": "#3"},
				"up": {"uv": [13, 9.25, 12.75, 9], "texture": "#3"},
				"down": {"uv": [9.5, 12.75, 9.25, 13], "texture": "#3"}
			}
		}
	],
	"display": {
		"firstperson_righthand": {
			"rotation": [0, 130, -21],
			"translation": [13.25, 1.25, -17.25]
		},
		"firstperson_lefthand": {
			"rotation": [0, 130, -21],
			"translation": [13.25, 1.25, -17.5]
		},
		"gui": {
			"rotation": [-11, 180, 0]
		},
		"head": {
			"translation": [0, 1, 1.25],
			"scale": [1.4, 1.4, 1.4]
		},
		"fixed": {
			"translation": [0, 0, -7.25],
			"scale": [1.7, 1.7, 1.7]
		}
	},
	"groups": [
		{
			"name": "head",
			"origin": [0.75, -1, 0],
			"color": 0,
			"nbt": "{}",
			"children": [0, 1, 2, 3, 4, 5, 6, 7, 8, 9, 10, 11, 12, 13, 14, 15, 16, 17, 18, 19, 20, 21, 22]
		},
		{
			"name": "eyes",
			"origin": [-9.25, 8, -15],
			"color": 0,
			"nbt": "{}",
			"children": []
		},
		{
			"name": "cheeks",
			"origin": [-0.25, 2, -16],
			"color": 0,
			"nbt": "{}",
			"children": []
		},
		23,
		24,
		25,
		26,
		27,
		28,
		29,
		30,
		31,
		32,
		33,
		34,
		35,
		36,
		37,
		38,
		39,
		40,
		41,
		42,
		43,
		44,
		45,
		46,
		47,
		48,
		49,
		50,
		51,
		52,
		53,
		54,
		55,
		56
	]
}