{
	"credit": "Made with Blockbench",
	"texture_size": [64, 64],
	"textures": {
		"1": "block/chica_eye",
		"3": "block/chica",
		"particle": "block/black"
	},
	"elements": [
		{
			"from": [2.075, 3, 0.9],
			"to": [13.8, 4, 12.525],
			"rotation": {"angle": 0, "axis": "y", "origin": [11.8, 2, 0.9]},
			"faces": {
				"north": {"uv": [8, 9.5, 11, 9.75], "texture": "#3"},
				"east": {"uv": [8, 9.75, 11, 10], "texture": "#3"},
				"south": {"uv": [8, 10, 11, 10.25], "texture": "#3"},
				"west": {"uv": [8, 10.25, 11, 10.5], "texture": "#3"},
				"up": {"uv": [6.5, 3, 3.5, 0], "texture": "#3"},
				"down": {"uv": [6.5, 3, 3.5, 6], "texture": "#3"}
			}
		},
		{
			"from": [3.075, 2, 0.9],
			"to": [12.8, 3, 12.525],
			"rotation": {"angle": 0, "axis": "y", "origin": [11.8, 1, 0.9]},
			"faces": {
				"north": {"uv": [11, 11, 13.5, 11.25], "texture": "#3"},
				"east": {"uv": [1, 11, 4, 11.25], "texture": "#3"},
				"south": {"uv": [1, 11.25, 3.5, 11.5], "texture": "#3"},
				"west": {"uv": [11, 6, 14, 6.25], "texture": "#3"},
				"up": {"uv": [8.5, 9, 6, 6], "texture": "#3"},
				"down": {"uv": [9, 0, 6.5, 3], "texture": "#3"}
			}
		},
		{
			"from": [13.375, 2.65, 0.9],
			"to": [14.775, 3.65, 12.525],
			"rotation": {"angle": 45, "axis": "z", "origin": [13.8, 1.65, 0.9]},
			"faces": {
				"north": {"uv": [13, 11.25, 13.25, 11.5], "texture": "#3"},
				"east": {"uv": [11, 6.25, 14, 6.5], "texture": "#3"},
				"south": {"uv": [13, 11.5, 13.25, 11.75], "texture": "#3"},
				"west": {"uv": [11, 6.5, 14, 6.75], "texture": "#3"},
				"up": {"uv": [4.25, 13.5, 4, 10.5], "texture": "#3"},
				"down": {"uv": [4.5, 10.5, 4.25, 13.5], "texture": "#3"}
			}
		},
		{
			"from": [1.25, 3, 0.9],
			"to": [2.725, 4, 12.525],
			"rotation": {"angle": -45, "axis": "z", "origin": [1.725, 2, 0.9]},
			"faces": {
				"north": {"uv": [11.75, 13, 12, 13.25], "texture": "#3"},
				"east": {"uv": [11, 6.75, 14, 7], "texture": "#3"},
				"south": {"uv": [13, 11.75, 13.25, 12], "texture": "#3"},
				"west": {"uv": [11, 7, 14, 7.25], "texture": "#3"},
				"up": {"uv": [4.75, 13.5, 4.5, 10.5], "texture": "#3"},
				"down": {"uv": [5, 10.5, 4.75, 13.5], "texture": "#3"}
			}
		},
		{
			"from": [9.525, 8.175, 0.45],
			"to": [11.525, 10.175, 0.7],
			"rotation": {"angle": 0, "axis": "y", "origin": [14.05, 7.45, -10.925]},
			"faces": {
				"north": {"uv": [0, 0, 16, 16], "texture": "#1"},
				"east": {"uv": [0, 0, 0.0625, 0.5], "texture": "#1"},
				"south": {"uv": [0, 0, 0.5, 0.5], "texture": "#1"},
				"west": {"uv": [0, 0, 0.0625, 0.5], "texture": "#1"},
				"up": {"uv": [0, 0, 0.5, 0.0625], "texture": "#1"},
				"down": {"uv": [0, 0, 0.5, 0.0625], "texture": "#1"}
			}
		},
		{
			"from": [12.225, 4.25, 0.675],
			"to": [14.15, 5.75, 0.925],
			"rotation": {"angle": 0, "axis": "y", "origin": [16.825, 3.525, -10.7]},
			"faces": {
				"north": {"uv": [12, 9, 12.5, 9.5], "texture": "#3"},
				"east": {"uv": [11.75, 12.5, 12, 13], "texture": "#3"},
				"south": {"uv": [9.75, 12, 10.25, 12.5], "texture": "#3"},
				"west": {"uv": [12, 12.5, 12.25, 13], "texture": "#3"},
				"up": {"uv": [13, 12, 12.5, 11.75], "texture": "#3"},
				"down": {"uv": [12.75, 12.5, 12.25, 12.75], "texture": "#3"}
			}
		},
		{
			"from": [12.4, 4.075, 0.675],
			"to": [13.9, 5.925, 0.925],
			"rotation": {"angle": 0, "axis": "y", "origin": [16.925, 3.4, -10.7]},
			"faces": {
				"north": {"uv": [10.25, 12, 10.75, 12.5], "texture": "#3"},
				"east": {"uv": [1, 12.75, 1.25, 13.25], "texture": "#3"},
				"south": {"uv": [10.75, 12, 11.25, 12.5], "texture": "#3"},
				"west": {"uv": [1.25, 12.75, 1.5, 13.25], "texture": "#3"},
				"up": {"uv": [2, 13, 1.5, 12.75], "texture": "#3"},
				"down": {"uv": [2.5, 12.75, 2, 13], "texture": "#3"}
			}
		},
		{
			"from": [1.625, 4.25, 0.675],
			"to": [3.55, 5.75, 0.925],
			"rotation": {"angle": 0, "axis": "y", "origin": [6.225, 3.525, -10.7]},
			"faces": {
				"north": {"uv": [11.25, 12, 11.75, 12.5], "texture": "#3"},
				"east": {"uv": [6.25, 12.75, 6.5, 13.25], "texture": "#3"},
				"south": {"uv": [12, 11.5, 12.5, 12], "texture": "#3"},
				"west": {"uv": [6.5, 12.75, 6.75, 13.25], "texture": "#3"},
				"up": {"uv": [7.25, 13, 6.75, 12.75], "texture": "#3"},
				"down": {"uv": [7.75, 12.75, 7.25, 13], "texture": "#3"}
			}
		},
		{
			"from": [1.8, 4.075, 0.675],
			"to": [3.3, 5.925, 0.925],
			"rotation": {"angle": 0, "axis": "y", "origin": [6.325, 3.4, -10.7]},
			"faces": {
				"north": {"uv": [3.5, 12.75, 3.75, 13.25], "texture": "#3"},
				"east": {"uv": [12.75, 4, 13, 4.5], "texture": "#3"},
				"south": {"uv": [12.75, 4.5, 13, 5], "texture": "#3"},
				"west": {"uv": [6, 12.75, 6.25, 13.25], "texture": "#3"},
				"up": {"uv": [3.25, 13.5, 3, 13.25], "texture": "#3"},
				"down": {"uv": [3.5, 13.25, 3.25, 13.5], "texture": "#3"}
			}
		},
		{
			"from": [9.525, 10.675, 0.45],
			"to": [11.525, 10.975, 0.7],
			"rotation": {"angle": 0, "axis": "y", "origin": [14.05, 9.95, -10.925]},
			"faces": {
				"north": {"uv": [12.5, 10, 13, 10.25], "texture": "#3"},
				"east": {"uv": [12, 13, 12.25, 13.25], "texture": "#3"},
				"south": {"uv": [10.25, 12.5, 10.75, 12.75], "texture": "#3"},
				"west": {"uv": [12.25, 13, 12.5, 13.25], "texture": "#3"},
				"up": {"uv": [13, 10.5, 12.5, 10.25], "texture": "#3"},
				"down": {"uv": [13, 10.5, 12.5, 10.75], "texture": "#3"}
			}
		},
		{
			"from": [4.25, 10.675, 0.45],
			"to": [6.25, 10.975, 0.7],
			"rotation": {"angle": 0, "axis": "y", "origin": [13.775, 9.95, -10.925]},
			"faces": {
				"north": {"uv": [10.75, 12.5, 11.25, 12.75], "texture": "#3"},
				"east": {"uv": [1.5, 13.25, 1.75, 13.5], "texture": "#3"},
				"south": {"uv": [12.5, 10.75, 13, 11], "texture": "#3"},
				"west": {"uv": [13.25, 1.5, 13.5, 1.75], "texture": "#3"},
				"up": {"uv": [11.75, 12.75, 11.25, 12.5], "texture": "#3"},
				"down": {"uv": [13, 11.5, 12.5, 11.75], "texture": "#3"}
			}
		},
		{
			"from": [10.775, 9.025, 0.45],
			"to": [11.1, 9.325, 0.7],
			"rotation": {"angle": -22.5, "axis": "z", "origin": [15.3, 8.3, -10.925]},
			"faces": {
				"north": {"uv": [12.5, 13, 12.75, 13.25], "texture": "#3"},
				"east": {"uv": [12.75, 13, 13, 13.25], "texture": "#3"},
				"south": {"uv": [13, 13, 13.25, 13.25], "texture": "#3"},
				"west": {"uv": [1, 13.25, 1.25, 13.5], "texture": "#3"},
				"up": {"uv": [1.5, 13.5, 1.25, 13.25], "texture": "#3"},
				"down": {"uv": [13.5, 1.25, 13.25, 1.5], "texture": "#3"}
			}
		},
		{
			"from": [4.025, 12.35, 0.45],
			"to": [4.35, 12.65, 0.7],
			"rotation": {"angle": 22.5, "axis": "z", "origin": [8.55, 11.625, -10.925]},
			"faces": {
				"north": {"uv": [1.75, 13.25, 2, 13.5], "texture": "#3"},
				"east": {"uv": [13.25, 1.75, 13.5, 2], "texture": "#3"},
				"south": {"uv": [2, 13.25, 2.25, 13.5], "texture": "#3"},
				"west": {"uv": [13.25, 2, 13.5, 2.25], "texture": "#3"},
				"up": {"uv": [2.5, 13.5, 2.25, 13.25], "texture": "#3"},
				"down": {"uv": [13.5, 2.25, 13.25, 2.5], "texture": "#3"}
			}
		},
		{
			"from": [4.25, 8.175, 0.45],
			"to": [6.25, 10.175, 0.7],
			"rotation": {"angle": 0, "axis": "y", "origin": [13.775, 7.45, -10.925]},
			"faces": {
				"north": {"uv": [0, 0, 16, 16], "texture": "#1"},
				"east": {"uv": [0, 0, 0.0625, 0.5], "texture": "#1"},
				"south": {"uv": [0, 0, 0.5, 0.5], "texture": "#1"},
				"west": {"uv": [0, 0, 0.0625, 0.5], "texture": "#1"},
				"up": {"uv": [0, 0, 0.5, 0.0625], "texture": "#1"},
				"down": {"uv": [0, 0, 0.5, 0.0625], "texture": "#1"}
			}
		},
		{
			"from": [1.075, 4, 0.9],
			"to": [14.8, 6, 12.525],
			"rotation": {"angle": 0, "axis": "y", "origin": [11.8, 4, 0.9]},
			"faces": {
				"north": {"uv": [9, 3, 12.5, 3.5], "texture": "#3"},
				"east": {"uv": [9, 4, 12, 4.5], "texture": "#3"},
				"south": {"uv": [9, 3.5, 12.5, 4], "texture": "#3"},
				"west": {"uv": [9, 4.5, 12, 5], "texture": "#3"},
				"up": {"uv": [3.5, 3, 0, 0], "texture": "#3"},
				"down": {"uv": [3.5, 3, 0, 6], "texture": "#3"}
			}
		},
		{
			"from": [5, 3.925, 0.7],
			"to": [10.975, 5.85, 0.825],
			"rotation": {"angle": 0, "axis": "y", "origin": [4.175, 3.925, -1.175]},
			"faces": {
				"north": {"uv": [0, 0, 1.49375, 0.48125], "texture": "#particle"},
				"east": {"uv": [0, 0, 0.03125, 0.48125], "texture": "#particle"},
				"south": {"uv": [0, 0, 1.49375, 0.48125], "texture": "#particle"},
				"west": {"uv": [0, 0, 0.03125, 0.48125], "texture": "#particle"},
				"up": {"uv": [0, 0, 1.49375, 0.03125], "texture": "#particle"},
				"down": {"uv": [0, 0, 1.49375, 0.03125], "texture": "#particle"}
			}
		},
		{
			"from": [1.225, 4.7, 0.9],
			"to": [2.35, 6.7, 12.525],
			"rotation": {"angle": -22.5, "axis": "z", "origin": [-0.65, 4.7, 0.9]},
			"faces": {
				"north": {"uv": [3.5, 12.25, 3.75, 12.75], "texture": "#3"},
				"east": {"uv": [9, 5, 12, 5.5], "texture": "#3"},
				"south": {"uv": [9.5, 12.25, 9.75, 12.75], "texture": "#3"},
				"west": {"uv": [9, 5.5, 12, 6], "texture": "#3"},
				"up": {"uv": [0.25, 13.5, 0, 10.5], "texture": "#3"},
				"down": {"uv": [0.5, 10.5, 0.25, 13.5], "texture": "#3"}
			}
		},
		{
			"from": [13.875, 2.9, 0.9],
			"to": [15, 4.9, 12.525],
			"rotation": {"angle": 22.5, "axis": "z", "origin": [12, 2.9, 0.9]},
			"faces": {
				"north": {"uv": [12.5, 8.5, 12.75, 9], "texture": "#3"},
				"east": {"uv": [6, 9, 9, 9.5], "texture": "#3"},
				"south": {"uv": [12.5, 9, 12.75, 9.5], "texture": "#3"},
				"west": {"uv": [9, 9, 12, 9.5], "texture": "#3"},
				"up": {"uv": [0.75, 13.5, 0.5, 10.5], "texture": "#3"},
				"down": {"uv": [1, 10.5, 0.75, 13.5], "texture": "#3"}
			}
		},
		{
			"from": [11.675, 5.075, 0.9],
			"to": [13.675, 6.2, 12.525],
			"rotation": {"angle": -22.5, "axis": "z", "origin": [13.675, 3.2, 0.9]},
			"faces": {
				"north": {"uv": [3.5, 11.25, 4, 11.5], "texture": "#3"},
				"east": {"uv": [1, 10.5, 4, 10.75], "texture": "#3"},
				"south": {"uv": [12.5, 9.5, 13, 9.75], "texture": "#3"},
				"west": {"uv": [8, 10.5, 11, 10.75], "texture": "#3"},
				"up": {"uv": [6.5, 12.5, 6, 9.5], "texture": "#3"},
				"down": {"uv": [7, 9.5, 6.5, 12.5], "texture": "#3"}
			}
		},
		{
			"from": [2.125, 5.925, 0.9],
			"to": [4.125, 7.05, 12.525],
			"rotation": {"angle": 22.5, "axis": "z", "origin": [4.125, 4.05, 0.9]},
			"faces": {
				"north": {"uv": [9.75, 12.5, 10.25, 12.75], "texture": "#3"},
				"east": {"uv": [1, 10.75, 4, 11], "texture": "#3"},
				"south": {"uv": [12.5, 9.75, 13, 10], "texture": "#3"},
				"west": {"uv": [8, 10.75, 11, 11], "texture": "#3"},
				"up": {"uv": [7.5, 12.5, 7, 9.5], "texture": "#3"},
				"down": {"uv": [8, 9.5, 7.5, 12.5], "texture": "#3"}
			}
		},
		{
			"from": [2.075, 6, 0.9],
			"to": [13.8, 12.3, 12.525],
			"rotation": {"angle": 0, "axis": "y", "origin": [11.8, 6, 0.9]},
			"faces": {
				"north": {"uv": [0, 9, 3, 10.5], "texture": "#3"},
				"east": {"uv": [9, 0, 12, 1.5], "texture": "#3"},
				"south": {"uv": [9, 1.5, 12, 3], "texture": "#3"},
				"west": {"uv": [3, 9, 6, 10.5], "texture": "#3"},
				"up": {"uv": [3, 9, 0, 6], "texture": "#3"},
				"down": {"uv": [6, 6, 3, 9], "texture": "#3"}
			}
		},
		{
			"from": [2.775, 12.3, 0.9],
			"to": [13.075, 13, 12.525],
			"rotation": {"angle": 0, "axis": "y", "origin": [11.8, 12.5, 0.9]},
			"faces": {
				"north": {"uv": [8, 11.25, 10.5, 11.5], "texture": "#3"},
				"east": {"uv": [11, 7.25, 14, 7.5], "texture": "#3"},
				"south": {"uv": [10.5, 11.25, 13, 11.5], "texture": "#3"},
				"west": {"uv": [11, 7.5, 14, 7.75], "texture": "#3"},
				"up": {"uv": [9, 6, 6.5, 3], "texture": "#3"},
				"down": {"uv": [11, 6, 8.5, 9], "texture": "#3"}
			}
		},
		{
			"from": [2.55, 11.6, 0.9],
			"to": [3.575, 12.085, 12.525],
			"rotation": {"angle": 45, "axis": "z", "origin": [2.075, 11.6, 0.9]},
			"faces": {
				"north": {"uv": [2.5, 13.25, 2.75, 13.5], "texture": "#3"},
				"east": {"uv": [11, 7.75, 14, 8], "texture": "#3"},
				"south": {"uv": [13.25, 2.5, 13.5, 2.75], "texture": "#3"},
				"west": {"uv": [8, 11, 11, 11.25], "texture": "#3"},
				"up": {"uv": [5.25, 13.5, 5, 10.5], "texture": "#3"},
				"down": {"uv": [5.5, 10.5, 5.25, 13.5], "texture": "#3"}
			}
		},
		{
			"from": [12.85, 13, 0.9],
			"to": [13.875, 13.5, 12.525],
			"rotation": {"angle": -45, "axis": "z", "origin": [12.375, 13, 0.9]},
			"faces": {
				"north": {"uv": [2.75, 13.25, 3, 13.5], "texture": "#3"},
				"east": {"uv": [11, 8, 14, 8.25], "texture": "#3"},
				"south": {"uv": [13.25, 2.75, 13.5, 3], "texture": "#3"},
				"west": {"uv": [11, 8.25, 14, 8.5], "texture": "#3"},
				"up": {"uv": [5.75, 13.5, 5.5, 10.5], "texture": "#3"},
				"down": {"uv": [6, 10.5, 5.75, 13.5], "texture": "#3"}
			}
		},
		{
			"from": [5, 3.175, -1.025],
			"to": [11, 4.175, 0.975],
			"rotation": {"angle": 0, "axis": "y", "origin": [9, 2.175, -1.025]},
			"faces": {
				"north": {"uv": [12, 0.5, 13.5, 0.75], "texture": "#3"},
				"east": {"uv": [8.5, 12.75, 9, 13], "texture": "#3"},
				"south": {"uv": [12, 0.75, 13.5, 1], "texture": "#3"},
				"west": {"uv": [12.75, 8.5, 13.25, 8.75], "texture": "#3"},
				"up": {"uv": [12.5, 9, 11, 8.5], "texture": "#3"},
				"down": {"uv": [12.5, 9.5, 11, 10], "texture": "#3"}
			}
		},
		{
			"from": [5, 5.875, -1.025],
			"to": [11, 6.875, 0.975],
			"rotation": {"angle": 0, "axis": "y", "origin": [9, 4.875, -1.025]},
			"faces": {
				"north": {"uv": [1, 12, 2.5, 12.25], "texture": "#3"},
				"east": {"uv": [12.75, 8.75, 13.25, 9], "texture": "#3"},
				"south": {"uv": [12, 1, 13.5, 1.25], "texture": "#3"},
				"west": {"uv": [9, 12.75, 9.5, 13], "texture": "#3"},
				"up": {"uv": [12.5, 10.5, 11, 10], "texture": "#3"},
				"down": {"uv": [12.5, 10.5, 11, 11], "texture": "#3"}
			}
		},
		{
			"from": [6, 2.475, -1.025],
			"to": [10, 3.175, 0.975],
			"rotation": {"angle": 0, "axis": "y", "origin": [9, 1.175, -1.025]},
			"faces": {
				"north": {"uv": [6, 12.5, 7, 12.75], "texture": "#3"},
				"east": {"uv": [13, 10.5, 13.5, 10.75], "texture": "#3"},
				"south": {"uv": [7, 12.5, 8, 12.75], "texture": "#3"},
				"west": {"uv": [13, 10.75, 13.5, 11], "texture": "#3"},
				"up": {"uv": [12, 12, 11, 11.5], "texture": "#3"},
				"down": {"uv": [13, 0, 12, 0.5], "texture": "#3"}
			}
		},
		{
			"from": [7, 2.475, -3.025],
			"to": [9, 3.175, -1.025],
			"rotation": {"angle": 0, "axis": "y", "origin": [9, 1.175, -3.025]},
			"faces": {
				"north": {"uv": [12.75, 9, 13.25, 9.25], "texture": "#3"},
				"east": {"uv": [12.75, 9.25, 13.25, 9.5], "texture": "#3"},
				"south": {"uv": [9.5, 12.75, 10, 13], "texture": "#3"},
				"west": {"uv": [10, 12.75, 10.5, 13], "texture": "#3"},
				"up": {"uv": [12.25, 12.5, 11.75, 12], "texture": "#3"},
				"down": {"uv": [1.5, 12.25, 1, 12.75], "texture": "#3"}
			}
		},
		{
			"from": [7.4, 2.475, -3.525],
			"to": [8.4, 3.175, -2.025],
			"rotation": {"angle": 0, "axis": "y", "origin": [9.4, 1.175, -4.025]},
			"faces": {
				"north": {"uv": [3.5, 13.25, 3.75, 13.5], "texture": "#3"},
				"east": {"uv": [10.5, 12.75, 11, 13], "texture": "#3"},
				"south": {"uv": [3.75, 13.25, 4, 13.5], "texture": "#3"},
				"west": {"uv": [11, 12.75, 11.5, 13], "texture": "#3"},
				"up": {"uv": [8, 13.25, 7.75, 12.75], "texture": "#3"},
				"down": {"uv": [11.75, 12.75, 11.5, 13.25], "texture": "#3"}
			}
		},
		{
			"from": [6, 6.875, -1.025],
			"to": [10, 7.575, 0.975],
			"rotation": {"angle": 0, "axis": "y", "origin": [9, 5.575, -1.025]},
			"faces": {
				"north": {"uv": [1.5, 12.25, 2.5, 12.5], "texture": "#3"},
				"east": {"uv": [12.25, 12.75, 12.75, 13], "texture": "#3"},
				"south": {"uv": [2.5, 12.25, 3.5, 12.5], "texture": "#3"},
				"west": {"uv": [12.75, 12.5, 13.25, 12.75], "texture": "#3"},
				"up": {"uv": [2, 12, 1, 11.5], "texture": "#3"},
				"down": {"uv": [3, 11.5, 2, 12], "texture": "#3"}
			}
		},
		{
			"from": [7, 7.575, -1.025],
			"to": [9, 8.275, 0.975],
			"rotation": {"angle": 0, "axis": "y", "origin": [9, 6.275, -1.025]},
			"faces": {
				"north": {"uv": [12.75, 12.75, 13.25, 13], "texture": "#3"},
				"east": {"uv": [13, 0, 13.5, 0.25], "texture": "#3"},
				"south": {"uv": [13, 0.25, 13.5, 0.5], "texture": "#3"},
				"west": {"uv": [1.5, 13, 2, 13.25], "texture": "#3"},
				"up": {"uv": [12.75, 4.5, 12.25, 4], "texture": "#3"},
				"down": {"uv": [12.75, 4.5, 12.25, 5], "texture": "#3"}
			}
		},
		{
			"from": [7, 6.875, -3.025],
			"to": [9, 7.575, -1.025],
			"rotation": {"angle": 0, "axis": "y", "origin": [9, 5.575, -3.025]},
			"faces": {
				"north": {"uv": [2, 13, 2.5, 13.25], "texture": "#3"},
				"east": {"uv": [2.5, 13, 3, 13.25], "texture": "#3"},
				"south": {"uv": [3, 13, 3.5, 13.25], "texture": "#3"},
				"west": {"uv": [13, 3, 13.5, 3.25], "texture": "#3"},
				"up": {"uv": [9, 12.75, 8.5, 12.25], "texture": "#3"},
				"down": {"uv": [9.5, 12.25, 9, 12.75], "texture": "#3"}
			}
		},
		{
			"from": [7.4, 6.875, -3.525],
			"to": [8.4, 7.575, -2.025],
			"rotation": {"angle": 0, "axis": "y", "origin": [9.4, 5.575, -4.025]},
			"faces": {
				"north": {"uv": [13.25, 3.75, 13.5, 4], "texture": "#3"},
				"east": {"uv": [13, 3.25, 13.5, 3.5], "texture": "#3"},
				"south": {"uv": [13.25, 4, 13.5, 4.25], "texture": "#3"},
				"west": {"uv": [13, 3.5, 13.5, 3.75], "texture": "#3"},
				"up": {"uv": [13.25, 4.25, 13, 3.75], "texture": "#3"},
				"down": {"uv": [13.25, 4.25, 13, 4.75], "texture": "#3"}
			}
		},
		{
			"from": [6, 3.175, -3.025],
			"to": [10, 4.175, -1.025],
			"rotation": {"angle": 0, "axis": "y", "origin": [9, 2.175, -3.025]},
			"faces": {
				"north": {"uv": [12.25, 5, 13.25, 5.25], "texture": "#3"},
				"east": {"uv": [13, 4.75, 13.5, 5], "texture": "#3"},
				"south": {"uv": [12.25, 12, 13.25, 12.25], "texture": "#3"},
				"west": {"uv": [6.75, 13, 7.25, 13.25], "texture": "#3"},
				"up": {"uv": [4, 12, 3, 11.5], "texture": "#3"},
				"down": {"uv": [9, 11.5, 8, 12], "texture": "#3"}
			}
		},
		{
			"from": [6, 5.875, -3.025],
			"to": [10, 6.875, -1.025],
			"rotation": {"angle": 0, "axis": "y", "origin": [9, 4.875, -3.025]},
			"faces": {
				"north": {"uv": [12.25, 12.25, 13.25, 12.5], "texture": "#3"},
				"east": {"uv": [7.25, 13, 7.75, 13.25], "texture": "#3"},
				"south": {"uv": [1.5, 12.5, 2.5, 12.75], "texture": "#3"},
				"west": {"uv": [8.5, 13, 9, 13.25], "texture": "#3"},
				"up": {"uv": [10, 12, 9, 11.5], "texture": "#3"},
				"down": {"uv": [11, 11.5, 10, 12], "texture": "#3"}
			}
		},
		{
			"from": [7, 3.175, -4.025],
			"to": [9, 4.175, -2.025],
			"rotation": {"angle": 0, "axis": "y", "origin": [9, 2.175, -4.025]},
			"faces": {
				"north": {"uv": [9, 13, 9.5, 13.25], "texture": "#3"},
				"east": {"uv": [9.5, 13, 10, 13.25], "texture": "#3"},
				"south": {"uv": [13, 9.5, 13.5, 9.75], "texture": "#3"},
				"west": {"uv": [13, 9.75, 13.5, 10], "texture": "#3"},
				"up": {"uv": [3, 13, 2.5, 12.5], "texture": "#3"},
				"down": {"uv": [3.5, 12.5, 3, 13], "texture": "#3"}
			}
		},
		{
			"from": [7, 5.875, -4.025],
			"to": [9, 6.875, -2.025],
			"rotation": {"angle": 0, "axis": "y", "origin": [9, 4.875, -4.025]},
			"faces": {
				"north": {"uv": [10, 13, 10.5, 13.25], "texture": "#3"},
				"east": {"uv": [13, 10, 13.5, 10.25], "texture": "#3"},
				"south": {"uv": [13, 10.25, 13.5, 10.5], "texture": "#3"},
				"west": {"uv": [10.5, 13, 11, 13.25], "texture": "#3"},
				"up": {"uv": [13, 3.5, 12.5, 3], "texture": "#3"},
				"down": {"uv": [13, 3.5, 12.5, 4], "texture": "#3"}
			}
		},
		{
			"from": [7, 4.175, -3.025],
			"to": [7.5, 4.825, -2.525],
			"rotation": {"angle": 0, "axis": "y", "origin": [7, 4.175, -3.025]},
			"faces": {
				"north": {"uv": [13.25, 4.25, 13.5, 4.5], "texture": "#3"},
				"east": {"uv": [13.25, 4.5, 13.5, 4.75], "texture": "#3"},
				"south": {"uv": [13.25, 5, 13.5, 5.25], "texture": "#3"},
				"west": {"uv": [13.25, 5.25, 13.5, 5.5], "texture": "#3"},
				"up": {"uv": [13.5, 5.75, 13.25, 5.5], "texture": "#3"},
				"down": {"uv": [13.5, 5.75, 13.25, 6], "texture": "#3"}
			}
		},
		{
			"from": [8.4, 4.175, -3.025],
			"to": [8.9, 4.825, -2.525],
			"rotation": {"angle": 0, "axis": "y", "origin": [8.4, 4.175, -3.025]},
			"faces": {
				"north": {"uv": [6, 13.25, 6.25, 13.5], "texture": "#3"},
				"east": {"uv": [6.25, 13.25, 6.5, 13.5], "texture": "#3"},
				"south": {"uv": [6.5, 13.25, 6.75, 13.5], "texture": "#3"},
				"west": {"uv": [6.75, 13.25, 7, 13.5], "texture": "#3"},
				"up": {"uv": [7.25, 13.5, 7, 13.25], "texture": "#3"},
				"down": {"uv": [7.5, 13.25, 7.25, 13.5], "texture": "#3"}
			}
		},
		{
			"from": [6.2, 4.175, -2.225],
			"to": [6.7, 4.825, -1.725],
			"rotation": {"angle": 0, "axis": "y", "origin": [6.2, 4.175, -2.225]},
			"faces": {
				"north": {"uv": [7.5, 13.25, 7.75, 13.5], "texture": "#3"},
				"east": {"uv": [7.75, 13.25, 8, 13.5], "texture": "#3"},
				"south": {"uv": [8, 13.25, 8.25, 13.5], "texture": "#3"},
				"west": {"uv": [8.25, 13.25, 8.5, 13.5], "texture": "#3"},
				"up": {"uv": [8.75, 13.5, 8.5, 13.25], "texture": "#3"},
				"down": {"uv": [13.5, 8.5, 13.25, 8.75], "texture": "#3"}
			}
		},
		{
			"from": [6.2, 4.175, -1.225],
			"to": [6.7, 4.825, -0.725],
			"rotation": {"angle": 0, "axis": "y", "origin": [6.2, 4.175, -1.225]},
			"faces": {
				"north": {"uv": [8.75, 13.25, 9, 13.5], "texture": "#3"},
				"east": {"uv": [13.25, 8.75, 13.5, 9], "texture": "#3"},
				"south": {"uv": [9, 13.25, 9.25, 13.5], "texture": "#3"},
				"west": {"uv": [13.25, 9, 13.5, 9.25], "texture": "#3"},
				"up": {"uv": [9.5, 13.5, 9.25, 13.25], "texture": "#3"},
				"down": {"uv": [13.5, 9.25, 13.25, 9.5], "texture": "#3"}
			}
		},
		{
			"from": [9.2, 4.175, -1.225],
			"to": [9.7, 4.825, -0.725],
			"rotation": {"angle": 0, "axis": "y", "origin": [9.2, 4.175, -1.225]},
			"faces": {
				"north": {"uv": [9.5, 13.25, 9.75, 13.5], "texture": "#3"},
				"east": {"uv": [9.75, 13.25, 10, 13.5], "texture": "#3"},
				"south": {"uv": [10, 13.25, 10.25, 13.5], "texture": "#3"},
				"west": {"uv": [10.25, 13.25, 10.5, 13.5], "texture": "#3"},
				"up": {"uv": [10.75, 13.5, 10.5, 13.25], "texture": "#3"},
				"down": {"uv": [11, 13.25, 10.75, 13.5], "texture": "#3"}
			}
		},
		{
			"from": [9.2, 4.175, -2.225],
			"to": [9.7, 4.825, -1.725],
			"rotation": {"angle": 0, "axis": "y", "origin": [9.2, 4.175, -2.225]},
			"faces": {
				"north": {"uv": [11, 13.25, 11.25, 13.5], "texture": "#3"},
				"east": {"uv": [11.25, 13.25, 11.5, 13.5], "texture": "#3"},
				"south": {"uv": [13.25, 11.25, 13.5, 11.5], "texture": "#3"},
				"west": {"uv": [11.5, 13.25, 11.75, 13.5], "texture": "#3"},
				"up": {"uv": [13.5, 11.75, 13.25, 11.5], "texture": "#3"},
				"down": {"uv": [12, 13.25, 11.75, 13.5], "texture": "#3"}
			}
		},
		{
			"from": [8.4, 5.2, -3.025],
			"to": [8.9, 5.85, -2.525],
			"rotation": {"angle": 0, "axis": "y", "origin": [8.4, 5.2, -3.025]},
			"faces": {
				"north": {"uv": [13.25, 11.75, 13.5, 12], "texture": "#3"},
				"east": {"uv": [12, 13.25, 12.25, 13.5], "texture": "#3"},
				"south": {"uv": [13.25, 12, 13.5, 12.25], "texture": "#3"},
				"west": {"uv": [12.25, 13.25, 12.5, 13.5], "texture": "#3"},
				"up": {"uv": [13.5, 12.5, 13.25, 12.25], "texture": "#3"},
				"down": {"uv": [12.75, 13.25, 12.5, 13.5], "texture": "#3"}
			}
		},
		{
			"from": [7, 5.225, -3.025],
			"to": [7.5, 5.875, -2.525],
			"rotation": {"angle": 0, "axis": "y", "origin": [7, 5.225, -3.025]},
			"faces": {
				"north": {"uv": [13.25, 12.5, 13.5, 12.75], "texture": "#3"},
				"east": {"uv": [12.75, 13.25, 13, 13.5], "texture": "#3"},
				"south": {"uv": [13.25, 12.75, 13.5, 13], "texture": "#3"},
				"west": {"uv": [13, 13.25, 13.25, 13.5], "texture": "#3"},
				"up": {"uv": [13.5, 13.25, 13.25, 13], "texture": "#3"},
				"down": {"uv": [13.5, 13.25, 13.25, 13.5], "texture": "#3"}
			}
		},
		{
			"from": [9.2, 5.175, -2.225],
			"to": [9.7, 5.825, -1.725],
			"rotation": {"angle": 0, "axis": "y", "origin": [9.2, 5.175, -2.225]},
			"faces": {
				"north": {"uv": [0, 13.5, 0.25, 13.75], "texture": "#3"},
				"east": {"uv": [13.5, 0, 13.75, 0.25], "texture": "#3"},
				"south": {"uv": [0.25, 13.5, 0.5, 13.75], "texture": "#3"},
				"west": {"uv": [13.5, 0.25, 13.75, 0.5], "texture": "#3"},
				"up": {"uv": [0.75, 13.75, 0.5, 13.5], "texture": "#3"},
				"down": {"uv": [13.75, 0.5, 13.5, 0.75], "texture": "#3"}
			}
		},
		{
			"from": [9.2, 5.175, -1.225],
			"to": [9.7, 5.825, -0.725],
			"rotation": {"angle": 0, "axis": "y", "origin": [9.2, 5.175, -1.225]},
			"faces": {
				"north": {"uv": [0.75, 13.5, 1, 13.75], "texture": "#3"},
				"east": {"uv": [13.5, 0.75, 13.75, 1], "texture": "#3"},
				"south": {"uv": [1, 13.5, 1.25, 13.75], "texture": "#3"},
				"west": {"uv": [13.5, 1, 13.75, 1.25], "texture": "#3"},
				"up": {"uv": [1.5, 13.75, 1.25, 13.5], "texture": "#3"},
				"down": {"uv": [13.75, 1.25, 13.5, 1.5], "texture": "#3"}
			}
		},
		{
			"from": [6.2, 5.2, -1.225],
			"to": [6.7, 5.85, -0.725],
			"rotation": {"angle": 0, "axis": "y", "origin": [6.2, 5.2, -1.225]},
			"faces": {
				"north": {"uv": [1.5, 13.5, 1.75, 13.75], "texture": "#3"},
				"east": {"uv": [13.5, 1.5, 13.75, 1.75], "texture": "#3"},
				"south": {"uv": [1.75, 13.5, 2, 13.75], "texture": "#3"},
				"west": {"uv": [13.5, 1.75, 13.75, 2], "texture": "#3"},
				"up": {"uv": [2.25, 13.75, 2, 13.5], "texture": "#3"},
				"down": {"uv": [13.75, 2, 13.5, 2.25], "texture": "#3"}
			}
		},
		{
			"from": [6.2, 5.2, -2.225],
			"to": [6.7, 5.85, -1.725],
			"rotation": {"angle": 0, "axis": "y", "origin": [6.2, 5.2, -2.225]},
			"faces": {
				"north": {"uv": [2.25, 13.5, 2.5, 13.75], "texture": "#3"},
				"east": {"uv": [13.5, 2.25, 13.75, 2.5], "texture": "#3"},
				"south": {"uv": [2.5, 13.5, 2.75, 13.75], "texture": "#3"},
				"west": {"uv": [13.5, 2.5, 13.75, 2.75], "texture": "#3"},
				"up": {"uv": [3, 13.75, 2.75, 13.5], "texture": "#3"},
				"down": {"uv": [13.75, 2.75, 13.5, 3], "texture": "#3"}
			}
		},
		{
			"from": [8.7, 10.1, 6],
			"to": [13.7, 11.1, 7],
			"rotation": {"angle": 22.5, "axis": "z", "origin": [1.45, 10.1, 0]},
			"faces": {
				"north": {"uv": [12, 1.25, 13.25, 1.5], "texture": "#3"},
				"east": {"uv": [11, 13, 11.25, 13.25], "texture": "#3"},
				"south": {"uv": [12, 1.5, 13.25, 1.75], "texture": "#3"},
				"west": {"uv": [11.25, 13, 11.5, 13.25], "texture": "#3"},
				"up": {"uv": [13.25, 2, 12, 1.75], "texture": "#3"},
				"down": {"uv": [13.25, 2, 12, 2.25], "texture": "#3"}
			}
		},
		{
			"from": [7.3, 15.5, 2.1],
			"to": [8.3, 16.5, 7.1],
			"rotation": {"angle": 22.5, "axis": "x", "origin": [0.05, 15.5, 0.1]},
			"faces": {
				"north": {"uv": [3, 13.5, 3.25, 13.75], "texture": "#3"},
				"east": {"uv": [12, 2.25, 13.25, 2.5], "texture": "#3"},
				"south": {"uv": [13.5, 3, 13.75, 3.25], "texture": "#3"},
				"west": {"uv": [2.5, 12, 3.75, 12.25], "texture": "#3"},
				"up": {"uv": [4, 13.25, 3.75, 12], "texture": "#3"},
				"down": {"uv": [12.25, 4, 12, 5.25], "texture": "#3"}
			}
		},
		{
			"from": [7.3, 15.2, 5.2],
			"to": [8.3, 16.2, 10.2],
			"rotation": {"angle": -22.5, "axis": "x", "origin": [0.05, 16.2, 12.2]},
			"faces": {
				"north": {"uv": [3.25, 13.5, 3.5, 13.75], "texture": "#3"},
				"east": {"uv": [12, 2.5, 13.25, 2.75], "texture": "#3"},
				"south": {"uv": [13.5, 3.25, 13.75, 3.5], "texture": "#3"},
				"west": {"uv": [12, 2.75, 13.25, 3], "texture": "#3"},
				"up": {"uv": [8.25, 13.25, 8, 12], "texture": "#3"},
				"down": {"uv": [8.5, 12, 8.25, 13.25], "texture": "#3"}
			}
		},
		{
			"from": [3.9, 17.5, 6],
			"to": [8.9, 18.5, 7],
			"rotation": {"angle": -22.5, "axis": "z", "origin": [-3.35, 17.5, 0]},
			"faces": {
				"north": {"uv": [12, 5.25, 13.25, 5.5], "texture": "#3"},
				"east": {"uv": [3.5, 13.5, 3.75, 13.75], "texture": "#3"},
				"south": {"uv": [12, 5.5, 13.25, 5.75], "texture": "#3"},
				"west": {"uv": [13.5, 3.5, 13.75, 3.75], "texture": "#3"},
				"up": {"uv": [13.25, 6, 12, 5.75], "texture": "#3"},
				"down": {"uv": [9.75, 12, 8.5, 12.25], "texture": "#3"}
			}
		}
	],
	"display": {
		"firstperson_righthand": {
			"rotation": [0, 130, -21],
			"translation": [13.25, 1.25, -17.25]
		},
		"firstperson_lefthand": {
			"rotation": [0, 130, -21],
			"translation": [13.25, 1.25, -17.5]
		},
		"gui": {
			"rotation": [-11, 180, 0]
		},
		"head": {
			"translation": [0, 1, 1.25],
			"scale": [1.4, 1.4, 1.4]
		},
		"fixed": {
			"translation": [0, 0, -7.25],
			"scale": [1.7, 1.7, 1.7]
		}
	},
	"groups": [
		{
			"name": "head",
			"origin": [0.75, -1, 0],
			"color": 0,
			"nbt": "{}",
			"children": [0, 1, 2, 3, 4, 5, 6, 7, 8, 9, 10, 11, 12, 13, 14, 15, 16, 17, 18, 19, 20, 21, 22, 23]
		},
		{
			"name": "eyes",
			"origin": [-9.25, 8, -15],
			"color": 0,
			"nbt": "{}",
			"children": []
		},
		{
			"name": "cheeks",
			"origin": [-0.25, 2, -16],
			"color": 0,
			"nbt": "{}",
			"children": []
		},
		24,
		25,
		26,
		27,
		28,
		29,
		30,
		31,
		32,
		33,
		34,
		35,
		36,
		37,
		38,
		39,
		40,
		41,
		42,
		43,
		44,
		45,
		46,
		47,
		48,
		49,
		50,
		51,
		52
	]
}