{
	"credit": "Designed by TheIronCommander",
	"textures": {
		"particle": "block/conveyor_belt",
		"texture": "block/conveyor_belt",
		"planks_big_oak": "block/planks_big_oak"
	},
	"elements": [
		{
			"from": [1, 5, 0],
			"to": [15, 6, 14],
			"rotation": {"angle": -45, "axis": "x", "origin": [1, 6, 0]},
			"faces": {
				"north": {"uv": [1, 0, 15, 1], "texture": "#texture"},
				"east": {"uv": [1.5, 0, 14.5, 1], "texture": "#texture"},
				"south": {"uv": [1, 0, 15, 1], "texture": "#texture"},
				"west": {"uv": [1.5, 0, 14.5, 1], "texture": "#texture"},
				"up": {"uv": [1, 1.5, 15, 14.5], "texture": "#texture"},
				"down": {"uv": [1, 1.5, 15, 14.5], "texture": "#texture"}
			}
		},
		{
			"from": [1, -0.5, 5.5],
			"to": [15, 0.5, 19.5],
			"rotation": {"angle": -45, "axis": "x", "origin": [1, 0.5, 5.5]},
			"faces": {
				"north": {"uv": [1, 7, 15, 8], "texture": "#texture"},
				"east": {"uv": [1.5, 7, 14.5, 8], "texture": "#texture"},
				"south": {"uv": [1, 7, 15, 8], "texture": "#texture"},
				"west": {"uv": [1.5, 7, 14.5, 8], "texture": "#texture"},
				"up": {"uv": [1, 1.5, 15, 14.5], "texture": "#texture"},
				"down": {"uv": [1, 1.5, 15, 14.5], "texture": "#texture"}
			}
		},
		{
			"from": [1, 10, 15],
			"to": [15, 12.5, 16],
			"faces": {
				"north": {"uv": [1, 1, 15, 3], "texture": "#texture"},
				"east": {"uv": [1.5, 0, 2.5, 2], "texture": "#texture"},
				"south": {"uv": [1, 1, 15, 3], "texture": "#texture"},
				"west": {"uv": [1.5, 0, 2.5, 2], "texture": "#texture"},
				"up": {"uv": [1, 2.5, 15, 3.5], "texture": "#texture"},
				"down": {"uv": [1, 2.5, 15, 3.5], "texture": "#texture"}
			}
		},
		{
			"from": [1, 15, 10],
			"to": [15, 16, 12],
			"faces": {
				"north": {"uv": [1, 0, 15, 1], "texture": "#texture"},
				"east": {"uv": [14.5, 0, 16.5, 1], "texture": "#texture"},
				"south": {"uv": [1, 0, 15, 1], "texture": "#texture"},
				"west": {"uv": [14.5, 0, 16.5, 1], "texture": "#texture"},
				"up": {"uv": [1, 14.5, 15, 16.5], "texture": "#texture"},
				"down": {"uv": [1, 14.5, 15, 16.5], "texture": "#texture"}
			}
		},
		{
			"from": [1, 4, 0],
			"to": [15, 6, 1],
			"faces": {
				"north": {"uv": [1, 6.5, 15, 8.5], "texture": "#texture"},
				"east": {"uv": [0, 6.5, 1, 8.5], "texture": "#texture"},
				"south": {"uv": [1, 6.5, 15, 8.5], "texture": "#texture"},
				"west": {"uv": [0, 6.5, 1, 8.5], "texture": "#texture"},
				"up": {"uv": [1, 0, 15, 1], "texture": "#texture"},
				"down": {"uv": [1, 0, 15, 1], "texture": "#texture"}
			}
		},
		{
			"from": [1, 0, 4],
			"to": [15, 1, 6],
			"faces": {
				"north": {"uv": [1, 7.25, 15, 8.25], "texture": "#texture"},
				"east": {"uv": [13.8125, 7.25, 15.8125, 8.25], "texture": "#texture"},
				"south": {"uv": [1, 7.25, 15, 8.25], "texture": "#texture"},
				"west": {"uv": [13.8125, 7.25, 15.8125, 8.25], "texture": "#texture"},
				"up": {"uv": [1, 13.8125, 15, 15.8125], "texture": "#texture"},
				"down": {"uv": [1, 13.8125, 15, 15.8125], "texture": "#texture"}
			}
		},
		{
			"from": [1, -1.5, 0],
			"to": [15, 3.5, 1],
			"rotation": {"angle": -45, "axis": "x", "origin": [1, 3.5, 0]},
			"faces": {
				"north": {"uv": [1, 1.5, 15, 6.5], "texture": "#texture"},
				"east": {"uv": [0, 1.5, 1, 6.5], "texture": "#texture"},
				"south": {"uv": [1, 1.5, 15, 6.5], "texture": "#texture"},
				"west": {"uv": [0, 1.5, 1, 6.5], "texture": "#texture"},
				"up": {"uv": [1, 0, 15, 1], "texture": "#texture"},
				"down": {"uv": [1, 0, 15, 1], "texture": "#texture"}
			}
		},
		{
			"from": [1, 10.5, 11.5],
			"to": [15, 15.5, 12.5],
			"rotation": {"angle": -45, "axis": "x", "origin": [1, 15.5, 11.5]},
			"faces": {
				"north": {"uv": [1, 1.5, 15, 6.5], "texture": "#texture"},
				"east": {"uv": [15, 1.5, 16, 6.5], "texture": "#texture"},
				"south": {"uv": [1, 1.5, 15, 6.5], "texture": "#texture"},
				"west": {"uv": [15, 1.5, 16, 6.5], "texture": "#texture"},
				"up": {"uv": [1, 15, 15, 16], "texture": "#texture"},
				"down": {"uv": [1, 15, 15, 16], "texture": "#texture"}
			}
		},
		{
			"from": [2, 0, 1],
			"to": [3, 4, 5],
			"rotation": {"angle": -45, "axis": "x", "origin": [2, 4, 1]},
			"faces": {
				"north": {"uv": [13, 10, 14, 14], "texture": "#planks_big_oak"},
				"east": {"uv": [11, 10, 15, 14], "texture": "#planks_big_oak"},
				"south": {"uv": [2, 10, 3, 14], "texture": "#planks_big_oak"},
				"west": {"uv": [1, 10, 5, 14], "texture": "#planks_big_oak"},
				"up": {"uv": [2, 1, 3, 5], "texture": "#planks_big_oak"},
				"down": {"uv": [14, 5, 13, 1], "texture": "#planks_big_oak"}
			}
		},
		{
			"from": [2, 11, 12],
			"to": [3, 15, 16],
			"rotation": {"angle": 45, "axis": "x", "origin": [2, 15, 12]},
			"faces": {
				"north": {"uv": [13, 2, 14, 6], "texture": "#planks_big_oak"},
				"east": {"uv": [1, 2, 5, 6], "texture": "#planks_big_oak"},
				"south": {"uv": [2, 2, 3, 6], "texture": "#planks_big_oak"},
				"west": {"uv": [11, 2, 15, 6], "texture": "#planks_big_oak"},
				"up": {"uv": [2, 11, 3, 15], "texture": "#planks_big_oak"},
				"down": {"uv": [14, 15, 13, 11], "texture": "#planks_big_oak"}
			}
		},
		{
			"from": [13, 11, 12],
			"to": [14, 15, 16],
			"rotation": {"angle": 45, "axis": "x", "origin": [13, 15, 12]},
			"faces": {
				"north": {"uv": [2, 2, 3, 6], "texture": "#planks_big_oak"},
				"east": {"uv": [1, 2, 5, 6], "texture": "#planks_big_oak"},
				"south": {"uv": [13, 2, 14, 6], "texture": "#planks_big_oak"},
				"west": {"uv": [11, 2, 15, 6], "texture": "#planks_big_oak"},
				"up": {"uv": [13, 11, 14, 15], "texture": "#planks_big_oak"},
				"down": {"uv": [3, 15, 2, 11], "texture": "#planks_big_oak"}
			}
		},
		{
			"from": [13, 0, 1],
			"to": [14, 4, 5],
			"rotation": {"angle": -45, "axis": "x", "origin": [13, 4, 1]},
			"faces": {
				"north": {"uv": [2, 10, 3, 14], "texture": "#planks_big_oak"},
				"east": {"uv": [11, 10, 15, 14], "texture": "#planks_big_oak"},
				"south": {"uv": [13, 10, 14, 14], "texture": "#planks_big_oak"},
				"west": {"uv": [1, 10, 5, 14], "texture": "#planks_big_oak"},
				"up": {"uv": [13, 1, 14, 5], "texture": "#planks_big_oak"},
				"down": {"uv": [3, 5, 2, 1], "texture": "#planks_big_oak"}
			}
		},
		{
			"from": [0, 2, 2.5],
			"to": [16, 4, 4.5],
			"rotation": {"angle": -45, "axis": "x", "origin": [0, 4, 2.5]},
			"faces": {
				"north": {"uv": [0, 11, 16, 13], "texture": "#planks_big_oak"},
				"east": {"uv": [12, 11, 14, 13], "texture": "#planks_big_oak"},
				"south": {"uv": [0, 11, 16, 13], "texture": "#planks_big_oak"},
				"west": {"uv": [2, 11, 4, 13], "texture": "#planks_big_oak"},
				"up": {"uv": [0, 2, 16, 4], "texture": "#planks_big_oak"},
				"down": {"uv": [16, 4, 0, 2], "texture": "#planks_big_oak"}
			}
		},
		{
			"from": [0, 11.5, 12],
			"to": [16, 13.5, 14],
			"rotation": {"angle": 45, "axis": "x", "origin": [0, 13.5, 12]},
			"faces": {
				"north": {"uv": [0, 3, 16, 5], "texture": "#planks_big_oak"},
				"east": {"uv": [3, 3, 5, 5], "texture": "#planks_big_oak"},
				"south": {"uv": [0, 3, 16, 5], "texture": "#planks_big_oak"},
				"west": {"uv": [11, 3, 13, 5], "texture": "#planks_big_oak"},
				"up": {"uv": [0, 11, 16, 13], "texture": "#planks_big_oak"},
				"down": {"uv": [16, 13, 0, 11], "texture": "#planks_big_oak"}
			}
		},
		{
			"from": [7, 2.5, 3],
			"to": [9, 4.5, 14.5],
			"rotation": {"angle": -45, "axis": "x", "origin": [7, 4.5, 3]},
			"faces": {
				"north": {"uv": [7, 3, 9, 5], "texture": "#planks_big_oak"},
				"east": {"uv": [4, 3, 12, 5], "texture": "#planks_big_oak"},
				"south": {"uv": [7, 3, 9, 5], "texture": "#planks_big_oak"},
				"west": {"uv": [4, 3, 12, 5], "texture": "#planks_big_oak"},
				"up": {"uv": [7, 4, 9, 12], "texture": "#planks_big_oak"},
				"down": {"uv": [9, 12, 7, 4], "texture": "#planks_big_oak"}
			}
		},
		{
			"from": [0, 1, 3],
			"to": [1, 3.5, 5],
			"faces": {
				"north": {"uv": [15, 12.5, 16, 15], "texture": "#planks_big_oak"},
				"east": {"uv": [11, 12.5, 13, 15], "texture": "#planks_big_oak"},
				"south": {"uv": [0, 12.5, 1, 15], "texture": "#planks_big_oak"},
				"west": {"uv": [3, 12.5, 5, 15], "texture": "#planks_big_oak"},
				"up": {"uv": [0, 3, 1, 5], "texture": "#planks_big_oak"},
				"down": {"uv": [16, 5, 15, 3], "texture": "#planks_big_oak"}
			}
		},
		{
			"from": [0, 1, 11],
			"to": [1, 12, 13],
			"faces": {
				"north": {"uv": [15, 4, 16, 15], "texture": "#planks_big_oak"},
				"east": {"uv": [3, 4, 5, 15], "texture": "#planks_big_oak"},
				"south": {"uv": [0, 4, 1, 15], "texture": "#planks_big_oak"},
				"west": {"uv": [11, 4, 13, 15], "texture": "#planks_big_oak"},
				"up": {"uv": [0, 11, 1, 13], "texture": "#planks_big_oak"},
				"down": {"uv": [16, 13, 15, 11], "texture": "#planks_big_oak"}
			}
		},
		{
			"from": [15, 1, 3],
			"to": [16, 3.5, 5],
			"faces": {
				"north": {"uv": [0, 12.5, 1, 15], "texture": "#planks_big_oak"},
				"east": {"uv": [11, 12.5, 13, 15], "texture": "#planks_big_oak"},
				"south": {"uv": [15, 12.5, 16, 15], "texture": "#planks_big_oak"},
				"west": {"uv": [3, 12.5, 5, 15], "texture": "#planks_big_oak"},
				"up": {"uv": [15, 3, 16, 5], "texture": "#planks_big_oak"},
				"down": {"uv": [1, 5, 0, 3], "texture": "#planks_big_oak"}
			}
		},
		{
			"from": [15, 1, 11],
			"to": [16, 12, 13],
			"faces": {
				"north": {"uv": [0, 4, 1, 15], "texture": "#planks_big_oak"},
				"east": {"uv": [3, 4, 5, 15], "texture": "#planks_big_oak"},
				"south": {"uv": [15, 4, 16, 15], "texture": "#planks_big_oak"},
				"west": {"uv": [11, 4, 13, 15], "texture": "#planks_big_oak"},
				"up": {"uv": [15, 11, 16, 13], "texture": "#planks_big_oak"},
				"down": {"uv": [1, 13, 0, 11], "texture": "#planks_big_oak"}
			}
		},
		{
			"from": [0, 0, 3],
			"to": [3, 1, 5],
			"faces": {
				"north": {"uv": [13, 15, 16, 16], "texture": "#planks_big_oak"},
				"east": {"uv": [11, 15, 13, 16], "texture": "#planks_big_oak"},
				"south": {"uv": [0, 15, 3, 16], "texture": "#planks_big_oak"},
				"west": {"uv": [3, 15, 5, 16], "texture": "#planks_big_oak"},
				"up": {"uv": [0, 3, 3, 5], "texture": "#planks_big_oak"},
				"down": {"uv": [16, 5, 13, 3], "texture": "#planks_big_oak"}
			}
		},
		{
			"from": [0, 0, 11],
			"to": [3, 1, 13],
			"faces": {
				"north": {"uv": [13, 15, 16, 16], "texture": "#planks_big_oak"},
				"east": {"uv": [3, 15, 5, 16], "texture": "#planks_big_oak"},
				"south": {"uv": [0, 15, 3, 16], "texture": "#planks_big_oak"},
				"west": {"uv": [11, 15, 13, 16], "texture": "#planks_big_oak"},
				"up": {"uv": [0, 11, 3, 13], "texture": "#planks_big_oak"},
				"down": {"uv": [16, 13, 13, 11], "texture": "#planks_big_oak"}
			}
		},
		{
			"from": [13, 0, 11],
			"to": [16, 1, 13],
			"faces": {
				"north": {"uv": [0, 15, 3, 16], "texture": "#planks_big_oak"},
				"east": {"uv": [3, 15, 5, 16], "texture": "#planks_big_oak"},
				"south": {"uv": [13, 15, 16, 16], "texture": "#planks_big_oak"},
				"west": {"uv": [11, 15, 13, 16], "texture": "#planks_big_oak"},
				"up": {"uv": [13, 11, 16, 13], "texture": "#planks_big_oak"},
				"down": {"uv": [3, 13, 0, 11], "texture": "#planks_big_oak"}
			}
		},
		{
			"from": [13, 0, 3],
			"to": [16, 1, 5],
			"faces": {
				"north": {"uv": [0, 15, 3, 16], "texture": "#planks_big_oak"},
				"east": {"uv": [11, 15, 13, 16], "texture": "#planks_big_oak"},
				"south": {"uv": [13, 15, 16, 16], "texture": "#planks_big_oak"},
				"west": {"uv": [3, 15, 5, 16], "texture": "#planks_big_oak"},
				"up": {"uv": [13, 3, 16, 5], "texture": "#planks_big_oak"},
				"down": {"uv": [3, 5, 0, 3], "texture": "#planks_big_oak"}
			}
		}
	]
}