{
	"credit": "Designed by TheIronCommander",
	"textures": {
		"particle": "block/conveyor_belt",
		"texture": "block/conveyor_belt",
		"planks_big_oak": "block/planks_big_oak"
	},
	"elements": [
		{
			"from": [1, 15, 1.5],
			"to": [15, 16, 14.5],
			"faces": {
				"north": {"uv": [1, 0, 15, 1], "texture": "#texture"},
				"east": {"uv": [1.5, 0, 14.5, 1], "texture": "#texture"},
				"south": {"uv": [1, 0, 15, 1], "texture": "#texture"},
				"west": {"uv": [1.5, 0, 14.5, 1], "texture": "#texture"},
				"up": {"uv": [1, 1.5, 15, 14.5], "texture": "#texture"},
				"down": {"uv": [1, 1.5, 15, 14.5], "texture": "#texture"}
			}
		},
		{
			"from": [1, 8, 1.5],
			"to": [15, 9, 14.5],
			"faces": {
				"north": {"uv": [1, 7, 15, 8], "texture": "#texture"},
				"east": {"uv": [1.5, 7, 14.5, 8], "texture": "#texture"},
				"south": {"uv": [1, 7, 15, 8], "texture": "#texture"},
				"west": {"uv": [1.5, 7, 14.5, 8], "texture": "#texture"},
				"up": {"uv": [1, 1.5, 15, 14.5], "texture": "#texture"},
				"down": {"uv": [1, 1.5, 15, 14.5], "texture": "#texture"}
			}
		},
		{
			"from": [1, 14, 1.5],
			"to": [15, 16, 2.5],
			"rotation": {"angle": 45, "axis": "x", "origin": [1, 16, 1.5]},
			"faces": {
				"north": {"uv": [1, 1, 15, 3], "texture": "#texture"},
				"east": {"uv": [1.5, 0, 2.5, 2], "texture": "#texture"},
				"south": {"uv": [1, 1, 15, 3], "texture": "#texture"},
				"west": {"uv": [1.5, 0, 2.5, 2], "texture": "#texture"},
				"up": {"uv": [1, 2.5, 15, 3.5], "texture": "#texture"},
				"down": {"uv": [1, 2.5, 15, 3.5], "texture": "#texture"}
			}
		},
		{
			"from": [1, 15, 14.5],
			"to": [15, 16, 16.5],
			"rotation": {"angle": 45, "axis": "x", "origin": [1, 16, 14.5]},
			"faces": {
				"north": {"uv": [1, 0, 15, 1], "texture": "#texture"},
				"east": {"uv": [14.5, 0, 16.5, 1], "texture": "#texture"},
				"south": {"uv": [1, 0, 15, 1], "texture": "#texture"},
				"west": {"uv": [14.5, 0, 16.5, 1], "texture": "#texture"},
				"up": {"uv": [1, 14.5, 15, 16.5], "texture": "#texture"},
				"down": {"uv": [1, 14.5, 15, 16.5], "texture": "#texture"}
			}
		},
		{
			"from": [1, 7.5, 0],
			"to": [15, 9.5, 1],
			"rotation": {"angle": -45, "axis": "x", "origin": [1, 9.5, 0]},
			"faces": {
				"north": {"uv": [1, 6.5, 15, 8.5], "texture": "#texture"},
				"east": {"uv": [0, 6.5, 1, 8.5], "texture": "#texture"},
				"south": {"uv": [1, 6.5, 15, 8.5], "texture": "#texture"},
				"west": {"uv": [0, 6.5, 1, 8.5], "texture": "#texture"},
				"up": {"uv": [1, 0, 15, 1], "texture": "#texture"},
				"down": {"uv": [1, 0, 15, 1], "texture": "#texture"}
			}
		},
		{
			"from": [1, 7.75, 13.8125],
			"to": [15, 8.75, 15.8125],
			"rotation": {"angle": -45, "axis": "x", "origin": [1, 8.75, 13.8125]},
			"faces": {
				"north": {"uv": [1, 7.25, 15, 8.25], "texture": "#texture"},
				"east": {"uv": [13.8125, 7.25, 15.8125, 8.25], "texture": "#texture"},
				"south": {"uv": [1, 7.25, 15, 8.25], "texture": "#texture"},
				"west": {"uv": [13.8125, 7.25, 15.8125, 8.25], "texture": "#texture"},
				"up": {"uv": [1, 13.8125, 15, 15.8125], "texture": "#texture"},
				"down": {"uv": [1, 13.8125, 15, 15.8125], "texture": "#texture"}
			}
		},
		{
			"from": [1, 9.5, 0],
			"to": [15, 14.5, 1],
			"faces": {
				"north": {"uv": [1, 1.5, 15, 6.5], "texture": "#texture"},
				"east": {"uv": [0, 1.5, 1, 6.5], "texture": "#texture"},
				"south": {"uv": [1, 1.5, 15, 6.5], "texture": "#texture"},
				"west": {"uv": [0, 1.5, 1, 6.5], "texture": "#texture"},
				"up": {"uv": [1, 0, 15, 1], "texture": "#texture"},
				"down": {"uv": [1, 0, 15, 1], "texture": "#texture"}
			}
		},
		{
			"from": [1, 9.5, 15],
			"to": [15, 14.5, 16],
			"faces": {
				"north": {"uv": [1, 1.5, 15, 6.5], "texture": "#texture"},
				"east": {"uv": [15, 1.5, 16, 6.5], "texture": "#texture"},
				"south": {"uv": [1, 1.5, 15, 6.5], "texture": "#texture"},
				"west": {"uv": [15, 1.5, 16, 6.5], "texture": "#texture"},
				"up": {"uv": [1, 15, 15, 16], "texture": "#texture"},
				"down": {"uv": [1, 15, 15, 16], "texture": "#texture"}
			}
		},
		{
			"from": [2, 10, 1],
			"to": [3, 14, 5],
			"faces": {
				"north": {"uv": [13, 2, 14, 6], "texture": "#planks_big_oak"},
				"east": {"uv": [11, 2, 15, 6], "texture": "#planks_big_oak"},
				"south": {"uv": [2, 2, 3, 6], "texture": "#planks_big_oak"},
				"west": {"uv": [1, 2, 5, 6], "texture": "#planks_big_oak"},
				"up": {"uv": [2, 1, 3, 5], "texture": "#planks_big_oak"},
				"down": {"uv": [14, 5, 13, 1], "texture": "#planks_big_oak"}
			}
		},
		{
			"from": [2, 10, 11],
			"to": [3, 14, 15],
			"faces": {
				"north": {"uv": [13, 2, 14, 6], "texture": "#planks_big_oak"},
				"east": {"uv": [1, 2, 5, 6], "texture": "#planks_big_oak"},
				"south": {"uv": [2, 2, 3, 6], "texture": "#planks_big_oak"},
				"west": {"uv": [11, 2, 15, 6], "texture": "#planks_big_oak"},
				"up": {"uv": [2, 11, 3, 15], "texture": "#planks_big_oak"},
				"down": {"uv": [14, 15, 13, 11], "texture": "#planks_big_oak"}
			}
		},
		{
			"from": [13, 10, 11],
			"to": [14, 14, 15],
			"faces": {
				"north": {"uv": [2, 2, 3, 6], "texture": "#planks_big_oak"},
				"east": {"uv": [1, 2, 5, 6], "texture": "#planks_big_oak"},
				"south": {"uv": [13, 2, 14, 6], "texture": "#planks_big_oak"},
				"west": {"uv": [11, 2, 15, 6], "texture": "#planks_big_oak"},
				"up": {"uv": [13, 11, 14, 15], "texture": "#planks_big_oak"},
				"down": {"uv": [3, 15, 2, 11], "texture": "#planks_big_oak"}
			}
		},
		{
			"from": [13, 10, 1],
			"to": [14, 14, 5],
			"faces": {
				"north": {"uv": [2, 2, 3, 6], "texture": "#planks_big_oak"},
				"east": {"uv": [11, 2, 15, 6], "texture": "#planks_big_oak"},
				"south": {"uv": [13, 2, 14, 6], "texture": "#planks_big_oak"},
				"west": {"uv": [1, 2, 5, 6], "texture": "#planks_big_oak"},
				"up": {"uv": [13, 1, 14, 5], "texture": "#planks_big_oak"},
				"down": {"uv": [3, 5, 2, 1], "texture": "#planks_big_oak"}
			}
		},
		{
			"from": [0, 11, 2],
			"to": [16, 13, 4],
			"faces": {
				"north": {"uv": [0, 3, 16, 5], "texture": "#planks_big_oak"},
				"east": {"uv": [12, 3, 14, 5], "texture": "#planks_big_oak"},
				"south": {"uv": [0, 3, 16, 5], "texture": "#planks_big_oak"},
				"west": {"uv": [2, 3, 4, 5], "texture": "#planks_big_oak"},
				"up": {"uv": [0, 2, 16, 4], "texture": "#planks_big_oak"},
				"down": {"uv": [16, 4, 0, 2], "texture": "#planks_big_oak"}
			}
		},
		{
			"from": [0, 11, 12],
			"to": [16, 13, 14],
			"faces": {
				"north": {"uv": [0, 3, 16, 5], "texture": "#planks_big_oak"},
				"east": {"uv": [2, 3, 4, 5], "texture": "#planks_big_oak"},
				"south": {"uv": [0, 3, 16, 5], "texture": "#planks_big_oak"},
				"west": {"uv": [12, 3, 14, 5], "texture": "#planks_big_oak"},
				"up": {"uv": [0, 12, 16, 14], "texture": "#planks_big_oak"},
				"down": {"uv": [16, 14, 0, 12], "texture": "#planks_big_oak"}
			}
		},
		{
			"from": [7, 11, 4],
			"to": [9, 13, 12],
			"faces": {
				"north": {"uv": [7, 3, 9, 5], "texture": "#planks_big_oak"},
				"east": {"uv": [4, 3, 12, 5], "texture": "#planks_big_oak"},
				"south": {"uv": [7, 3, 9, 5], "texture": "#planks_big_oak"},
				"west": {"uv": [4, 3, 12, 5], "texture": "#planks_big_oak"},
				"up": {"uv": [7, 4, 9, 12], "texture": "#planks_big_oak"},
				"down": {"uv": [9, 12, 7, 4], "texture": "#planks_big_oak"}
			}
		},
		{
			"from": [0, 1, 2],
			"to": [1, 11, 4],
			"faces": {
				"north": {"uv": [15, 5, 16, 15], "texture": "#planks_big_oak"},
				"east": {"uv": [12, 5, 14, 15], "texture": "#planks_big_oak"},
				"south": {"uv": [0, 5, 1, 15], "texture": "#planks_big_oak"},
				"west": {"uv": [2, 5, 4, 15], "texture": "#planks_big_oak"},
				"up": {"uv": [0, 2, 1, 4], "texture": "#planks_big_oak"},
				"down": {"uv": [16, 4, 15, 2], "texture": "#planks_big_oak"}
			}
		},
		{
			"from": [0, 1, 12],
			"to": [1, 11, 14],
			"faces": {
				"north": {"uv": [15, 5, 16, 15], "texture": "#planks_big_oak"},
				"east": {"uv": [2, 5, 4, 15], "texture": "#planks_big_oak"},
				"south": {"uv": [0, 5, 1, 15], "texture": "#planks_big_oak"},
				"west": {"uv": [12, 5, 14, 15], "texture": "#planks_big_oak"},
				"up": {"uv": [0, 12, 1, 14], "texture": "#planks_big_oak"},
				"down": {"uv": [16, 14, 15, 12], "texture": "#planks_big_oak"}
			}
		},
		{
			"from": [15, 1, 2],
			"to": [16, 11, 4],
			"faces": {
				"north": {"uv": [0, 5, 1, 15], "texture": "#planks_big_oak"},
				"east": {"uv": [12, 5, 14, 15], "texture": "#planks_big_oak"},
				"south": {"uv": [15, 5, 16, 15], "texture": "#planks_big_oak"},
				"west": {"uv": [2, 5, 4, 15], "texture": "#planks_big_oak"},
				"up": {"uv": [15, 2, 16, 4], "texture": "#planks_big_oak"},
				"down": {"uv": [1, 4, 0, 2], "texture": "#planks_big_oak"}
			}
		},
		{
			"from": [15, 1, 12],
			"to": [16, 11, 14],
			"faces": {
				"north": {"uv": [0, 5, 1, 15], "texture": "#planks_big_oak"},
				"east": {"uv": [2, 5, 4, 15], "texture": "#planks_big_oak"},
				"south": {"uv": [15, 5, 16, 15], "texture": "#planks_big_oak"},
				"west": {"uv": [12, 5, 14, 15], "texture": "#planks_big_oak"},
				"up": {"uv": [15, 12, 16, 14], "texture": "#planks_big_oak"},
				"down": {"uv": [1, 14, 0, 12], "texture": "#planks_big_oak"}
			}
		},
		{
			"from": [0, 0, 2],
			"to": [3, 1, 4],
			"faces": {
				"north": {"uv": [13, 15, 16, 16], "texture": "#planks_big_oak"},
				"east": {"uv": [12, 15, 14, 16], "texture": "#planks_big_oak"},
				"south": {"uv": [0, 15, 3, 16], "texture": "#planks_big_oak"},
				"west": {"uv": [2, 15, 4, 16], "texture": "#planks_big_oak"},
				"up": {"uv": [0, 2, 3, 4], "texture": "#planks_big_oak"},
				"down": {"uv": [16, 4, 13, 2], "texture": "#planks_big_oak"}
			}
		},
		{
			"from": [0, 0, 12],
			"to": [3, 1, 14],
			"faces": {
				"north": {"uv": [13, 15, 16, 16], "texture": "#planks_big_oak"},
				"east": {"uv": [2, 15, 4, 16], "texture": "#planks_big_oak"},
				"south": {"uv": [0, 15, 3, 16], "texture": "#planks_big_oak"},
				"west": {"uv": [12, 15, 14, 16], "texture": "#planks_big_oak"},
				"up": {"uv": [0, 12, 3, 14], "texture": "#planks_big_oak"},
				"down": {"uv": [16, 14, 13, 12], "texture": "#planks_big_oak"}
			}
		},
		{
			"from": [13, 0, 12],
			"to": [16, 1, 14],
			"faces": {
				"north": {"uv": [0, 15, 3, 16], "texture": "#planks_big_oak"},
				"east": {"uv": [2, 15, 4, 16], "texture": "#planks_big_oak"},
				"south": {"uv": [13, 15, 16, 16], "texture": "#planks_big_oak"},
				"west": {"uv": [12, 15, 14, 16], "texture": "#planks_big_oak"},
				"up": {"uv": [13, 12, 16, 14], "texture": "#planks_big_oak"},
				"down": {"uv": [3, 14, 0, 12], "texture": "#planks_big_oak"}
			}
		},
		{
			"from": [13, 0, 2],
			"to": [16, 1, 4],
			"faces": {
				"north": {"uv": [0, 15, 3, 16], "texture": "#planks_big_oak"},
				"east": {"uv": [12, 15, 14, 16], "texture": "#planks_big_oak"},
				"south": {"uv": [13, 15, 16, 16], "texture": "#planks_big_oak"},
				"west": {"uv": [2, 15, 4, 16], "texture": "#planks_big_oak"},
				"up": {"uv": [13, 2, 16, 4], "texture": "#planks_big_oak"},
				"down": {"uv": [3, 4, 0, 2], "texture": "#planks_big_oak"}
			}
		}
	]
}