{
	"credit": "Made with Blockbench",
	"texture_size": [64, 64],
	"textures": {
		"1": "block/foxy_eye",
		"2": "block/weird",
		"3": "block/foxy",
		"particle": "block/black"
	},
	"elements": [
		{
			"from": [2.075, 3, 0.9],
			"to": [13.8, 4, 12.525],
			"rotation": {"angle": 0, "axis": "y", "origin": [11.8, 2, 0.9]},
			"faces": {
				"north": {"uv": [9, 5.75, 11.9375, 6], "texture": "#3"},
				"east": {"uv": [11, 11, 13.9375, 11.25], "texture": "#3"},
				"south": {"uv": [11.25, 6, 14.1875, 6.25], "texture": "#3"},
				"west": {"uv": [11.25, 6.25, 14.1875, 6.5], "texture": "#3"},
				"up": {"uv": [6.4375, 2.9375, 3.5, 0], "texture": "#3"},
				"down": {"uv": [6.4375, 3, 3.5, 5.9375], "texture": "#3"}
			}
		},
		{
			"from": [3.075, 2, 0.9],
			"to": [12.8, 3, 12.525],
			"rotation": {"angle": 0, "axis": "y", "origin": [11.8, 1, 0.9]},
			"faces": {
				"north": {"uv": [1, 12, 3.4375, 12.25], "texture": "#3"},
				"east": {"uv": [11.25, 6.5, 14.1875, 6.75], "texture": "#3"},
				"south": {"uv": [12, 3, 14.4375, 3.25], "texture": "#3"},
				"west": {"uv": [11.25, 6.75, 14.1875, 7], "texture": "#3"},
				"up": {"uv": [8.9375, 5.9375, 6.5, 3], "texture": "#3"},
				"down": {"uv": [11.1875, 6, 8.75, 8.9375], "texture": "#3"}
			}
		},
		{
			"from": [13.375, 2.65, 0.9],
			"to": [14.775, 3.65, 12.525],
			"rotation": {"angle": 45, "axis": "z", "origin": [13.8, 1.65, 0.9]},
			"faces": {
				"north": {"uv": [3.5, 13.5, 3.875, 13.75], "texture": "#3"},
				"east": {"uv": [11.25, 7, 14.1875, 7.25], "texture": "#3"},
				"south": {"uv": [13.5, 4.25, 13.875, 4.5], "texture": "#3"},
				"west": {"uv": [11.25, 7.25, 14.1875, 7.5], "texture": "#3"},
				"up": {"uv": [4.375, 13.6875, 4, 10.75], "texture": "#3"},
				"down": {"uv": [4.875, 10.75, 4.5, 13.6875], "texture": "#3"}
			}
		},
		{
			"from": [1.25, 3, 0.9],
			"to": [2.725, 4, 12.525],
			"rotation": {"angle": -45, "axis": "z", "origin": [1.725, 2, 0.9]},
			"faces": {
				"north": {"uv": [13.5, 4.5, 13.875, 4.75], "texture": "#3"},
				"east": {"uv": [11.25, 7.5, 14.1875, 7.75], "texture": "#3"},
				"south": {"uv": [13.5, 8, 13.875, 8.25], "texture": "#3"},
				"west": {"uv": [11.25, 7.75, 14.1875, 8], "texture": "#3"},
				"up": {"uv": [5.375, 13.6875, 5, 10.75], "texture": "#3"},
				"down": {"uv": [5.875, 10.75, 5.5, 13.6875], "texture": "#3"}
			}
		},
		{
			"from": [9.525, 8.175, 0.6],
			"to": [11.525, 10.175, 0.85],
			"rotation": {"angle": 0, "axis": "y", "origin": [14.05, 7.45, -10.775]},
			"faces": {
				"north": {"uv": [0, 0, 16, 16], "texture": "#1"},
				"east": {"uv": [0, 0, 0.0625, 0.5], "texture": "#1"},
				"south": {"uv": [0, 0, 0.5, 0.5], "texture": "#1"},
				"west": {"uv": [0, 0, 0.0625, 0.5], "texture": "#1"},
				"up": {"uv": [0, 0, 0.5, 0.0625], "texture": "#1"},
				"down": {"uv": [0, 0, 0.5, 0.0625], "texture": "#1"}
			}
		},
		{
			"from": [12.225, 4.25, 0.675],
			"to": [14.15, 5.75, 0.925],
			"rotation": {"angle": 0, "axis": "y", "origin": [16.825, 3.525, -10.7]},
			"faces": {
				"north": {"uv": [3.5, 12, 4, 12.375], "texture": "#3"},
				"east": {"uv": [14, 1.75, 14.0625, 2.125], "texture": "#3"},
				"south": {"uv": [3.5, 12.5, 4, 12.875], "texture": "#3"},
				"west": {"uv": [2.25, 14, 2.3125, 14.375], "texture": "#3"},
				"up": {"uv": [9.75, 13.8125, 9.25, 13.75], "texture": "#3"},
				"down": {"uv": [10.5, 13.75, 10, 13.8125], "texture": "#3"}
			}
		},
		{
			"from": [12.4, 4.075, 0.675],
			"to": [13.9, 5.925, 0.925],
			"rotation": {"angle": 0, "axis": "y", "origin": [16.925, 3.4, -10.7]},
			"faces": {
				"north": {"uv": [1, 12.75, 1.375, 13.1875], "texture": "#3"},
				"east": {"uv": [1, 14, 1.0625, 14.4375], "texture": "#3"},
				"south": {"uv": [1.5, 12.75, 1.875, 13.1875], "texture": "#3"},
				"west": {"uv": [14, 1, 14.0625, 1.4375], "texture": "#3"},
				"up": {"uv": [14.375, 1.5625, 14, 1.5], "texture": "#3"},
				"down": {"uv": [2.125, 14, 1.75, 14.0625], "texture": "#3"}
			}
		},
		{
			"from": [1.625, 4.25, 0.675],
			"to": [3.55, 5.75, 0.925],
			"rotation": {"angle": 0, "axis": "y", "origin": [6.225, 3.525, -10.7]},
			"faces": {
				"north": {"uv": [9, 12.5, 9.5, 12.875], "texture": "#3"},
				"east": {"uv": [2.5, 14, 2.5625, 14.375], "texture": "#3"},
				"south": {"uv": [9.5, 12.5, 10, 12.875], "texture": "#3"},
				"west": {"uv": [2.75, 14, 2.8125, 14.375], "texture": "#3"},
				"up": {"uv": [11, 13.8125, 10.5, 13.75], "texture": "#3"},
				"down": {"uv": [11.5, 13.75, 11, 13.8125], "texture": "#3"}
			}
		},
		{
			"from": [1.8, 4.075, 0.675],
			"to": [3.3, 5.925, 0.925],
			"rotation": {"angle": 0, "axis": "y", "origin": [6.325, 3.4, -10.7]},
			"faces": {
				"north": {"uv": [2, 12.75, 2.375, 13.1875], "texture": "#3"},
				"east": {"uv": [1.25, 14, 1.3125, 14.4375], "texture": "#3"},
				"south": {"uv": [2.5, 12.75, 2.875, 13.1875], "texture": "#3"},
				"west": {"uv": [1.5, 14, 1.5625, 14.4375], "texture": "#3"},
				"up": {"uv": [14.375, 2.3125, 14, 2.25], "texture": "#3"},
				"down": {"uv": [3.375, 14, 3, 14.0625], "texture": "#3"}
			}
		},
		{
			"from": [9.525, 10.675, 0.6],
			"to": [11.525, 10.975, 0.85],
			"rotation": {"angle": 0, "axis": "y", "origin": [14.05, 9.95, -10.775]},
			"faces": {
				"north": {"uv": [11.5, 13.75, 12, 13.8125], "texture": "#3"},
				"east": {"uv": [11.75, 14, 11.8125, 14.0625], "texture": "#3"},
				"south": {"uv": [13.75, 11.75, 14.25, 11.8125], "texture": "#3"},
				"west": {"uv": [12, 14, 12.0625, 14.0625], "texture": "#3"},
				"up": {"uv": [12.5, 13.8125, 12, 13.75], "texture": "#3"},
				"down": {"uv": [14.25, 12, 13.75, 12.0625], "texture": "#3"}
			}
		},
		{
			"from": [4.25, 10.675, 0.6],
			"to": [6.25, 10.975, 0.85],
			"rotation": {"angle": 0, "axis": "y", "origin": [13.775, 9.95, -10.775]},
			"faces": {
				"north": {"uv": [12.5, 13.75, 13, 13.8125], "texture": "#3"},
				"east": {"uv": [12.25, 14, 12.3125, 14.0625], "texture": "#3"},
				"south": {"uv": [13, 13.75, 13.5, 13.8125], "texture": "#3"},
				"west": {"uv": [14, 12.25, 14.0625, 12.3125], "texture": "#3"},
				"up": {"uv": [14.25, 13.0625, 13.75, 13], "texture": "#3"},
				"down": {"uv": [14.25, 13.25, 13.75, 13.3125], "texture": "#3"}
			}
		},
		{
			"from": [10.775, 9.025, 0.6],
			"to": [11.1, 9.325, 0.85],
			"rotation": {"angle": -22.5, "axis": "z", "origin": [15.3, 8.3, -10.775]},
			"faces": {
				"north": {"uv": [12.5, 14, 12.5625, 14.0625], "texture": "#3"},
				"east": {"uv": [14, 12.5, 14.0625, 12.5625], "texture": "#3"},
				"south": {"uv": [12.75, 14, 12.8125, 14.0625], "texture": "#3"},
				"west": {"uv": [14, 12.75, 14.0625, 12.8125], "texture": "#3"},
				"up": {"uv": [13.0625, 14.0625, 13, 14], "texture": "#3"},
				"down": {"uv": [13.3125, 14, 13.25, 14.0625], "texture": "#3"}
			}
		},
		{
			"from": [4.025, 12.35, 0.6],
			"to": [4.35, 12.65, 0.85],
			"rotation": {"angle": 22.5, "axis": "z", "origin": [8.55, 11.625, -10.775]},
			"faces": {
				"north": {"uv": [13.5, 14, 13.5625, 14.0625], "texture": "#3"},
				"east": {"uv": [14, 13.5, 14.0625, 13.5625], "texture": "#3"},
				"south": {"uv": [13.75, 14, 13.8125, 14.0625], "texture": "#3"},
				"west": {"uv": [14, 13.75, 14.0625, 13.8125], "texture": "#3"},
				"up": {"uv": [14.0625, 14.0625, 14, 14], "texture": "#3"},
				"down": {"uv": [0.0625, 14.25, 0, 14.3125], "texture": "#3"}
			}
		},
		{
			"from": [4.25, 8.175, 0.6],
			"to": [6.25, 10.175, 0.85],
			"rotation": {"angle": 0, "axis": "y", "origin": [13.775, 7.45, -10.775]},
			"faces": {
				"north": {"uv": [0, 0, 16, 16], "texture": "#1"},
				"east": {"uv": [0, 0, 0.0625, 0.5], "texture": "#1"},
				"south": {"uv": [0, 0, 0.5, 0.5], "texture": "#1"},
				"west": {"uv": [0, 0, 0.0625, 0.5], "texture": "#1"},
				"up": {"uv": [0, 0, 0.5, 0.0625], "texture": "#1"},
				"down": {"uv": [0, 0, 0.5, 0.0625], "texture": "#1"}
			}
		},
		{
			"from": [1.075, 4, 0.9],
			"to": [14.8, 6, 12.525],
			"rotation": {"angle": 0, "axis": "y", "origin": [11.8, 4, 0.9]},
			"faces": {
				"north": {"uv": [9, 4.75, 12.4375, 5.25], "texture": "#3"},
				"east": {"uv": [9, 9, 11.9375, 9.5], "texture": "#3"},
				"south": {"uv": [9, 5.25, 12.4375, 5.75], "texture": "#3"},
				"west": {"uv": [9.25, 0, 12.1875, 0.5], "texture": "#3"},
				"up": {"uv": [3.4375, 2.9375, 0, 0], "texture": "#3"},
				"down": {"uv": [3.4375, 3, 0, 5.9375], "texture": "#3"}
			}
		},
		{
			"from": [1.225, 4.7, 0.9],
			"to": [2.35, 6.7, 12.525],
			"rotation": {"angle": -22.5, "axis": "z", "origin": [-0.65, 4.7, 0.9]},
			"faces": {
				"north": {"uv": [3, 12.75, 3.3125, 13.25], "texture": "#3"},
				"east": {"uv": [9.25, 0.5, 12.1875, 1], "texture": "#3"},
				"south": {"uv": [3.5, 13, 3.8125, 13.5], "texture": "#3"},
				"west": {"uv": [9.25, 1, 12.1875, 1.5], "texture": "#3"},
				"up": {"uv": [6.3125, 13.6875, 6, 10.75], "texture": "#3"},
				"down": {"uv": [6.8125, 10.75, 6.5, 13.6875], "texture": "#3"}
			}
		},
		{
			"from": [13.875, 2.9, 0.9],
			"to": [15, 4.9, 12.525],
			"rotation": {"angle": 22.5, "axis": "z", "origin": [12, 2.9, 0.9]},
			"faces": {
				"north": {"uv": [9, 13, 9.3125, 13.5], "texture": "#3"},
				"east": {"uv": [9.25, 1.5, 12.1875, 2], "texture": "#3"},
				"south": {"uv": [9.5, 13, 9.8125, 13.5], "texture": "#3"},
				"west": {"uv": [9.25, 2, 12.1875, 2.5], "texture": "#3"},
				"up": {"uv": [7.3125, 13.6875, 7, 10.75], "texture": "#3"},
				"down": {"uv": [7.8125, 10.75, 7.5, 13.6875], "texture": "#3"}
			}
		},
		{
			"from": [11.675, 5.075, 0.9],
			"to": [13.675, 6.2, 12.525],
			"rotation": {"angle": -22.5, "axis": "z", "origin": [13.675, 3.2, 0.9]},
			"faces": {
				"north": {"uv": [11, 13, 11.5, 13.3125], "texture": "#3"},
				"east": {"uv": [9.25, 2.5, 12.1875, 2.8125], "texture": "#3"},
				"south": {"uv": [11.5, 13, 12, 13.3125], "texture": "#3"},
				"west": {"uv": [11, 9.5, 13.9375, 9.8125], "texture": "#3"},
				"up": {"uv": [9.5, 12.4375, 9, 9.5], "texture": "#3"},
				"down": {"uv": [10, 9.5, 9.5, 12.4375], "texture": "#3"}
			}
		},
		{
			"from": [2.05, 5.925, 0.9],
			"to": [4.05, 7.05, 12.525],
			"rotation": {"angle": 22.5, "axis": "z", "origin": [4.05, 4.05, 0.9]},
			"faces": {
				"north": {"uv": [12, 13, 12.5, 13.3125], "texture": "#3"},
				"east": {"uv": [11, 10, 13.9375, 10.3125], "texture": "#3"},
				"south": {"uv": [12.5, 13, 13, 13.3125], "texture": "#3"},
				"west": {"uv": [11, 10.5, 13.9375, 10.8125], "texture": "#3"},
				"up": {"uv": [10.5, 12.4375, 10, 9.5], "texture": "#3"},
				"down": {"uv": [11, 9.5, 10.5, 12.4375], "texture": "#3"}
			}
		},
		{
			"from": [2.075, 6, 0.9],
			"to": [13.8, 12.3, 12.525],
			"rotation": {"angle": 0, "axis": "y", "origin": [11.8, 6, 0.9]},
			"faces": {
				"north": {"uv": [0, 9, 2.9375, 10.5625], "texture": "#3"},
				"east": {"uv": [3, 9, 5.9375, 10.5625], "texture": "#3"},
				"south": {"uv": [9, 3, 11.9375, 4.5625], "texture": "#3"},
				"west": {"uv": [6, 9, 8.9375, 10.5625], "texture": "#3"},
				"up": {"uv": [2.9375, 8.9375, 0, 6], "texture": "#3"},
				"down": {"uv": [5.9375, 6, 3, 8.9375], "texture": "#3"}
			}
		},
		{
			"from": [2.775, 12.3, 0.9],
			"to": [13.075, 13, 12.525],
			"rotation": {"angle": 0, "axis": "y", "origin": [11.8, 12.5, 0.9]},
			"faces": {
				"north": {"uv": [12, 3.75, 14.5625, 3.9375], "texture": "#3"},
				"east": {"uv": [12, 3.25, 14.9375, 3.4375], "texture": "#3"},
				"south": {"uv": [12, 4, 14.5625, 4.1875], "texture": "#3"},
				"west": {"uv": [12, 3.5, 14.9375, 3.6875], "texture": "#3"},
				"up": {"uv": [8.5625, 8.9375, 6, 6], "texture": "#3"},
				"down": {"uv": [9.0625, 0, 6.5, 2.9375], "texture": "#3"}
			}
		},
		{
			"from": [2.55, 11.6, 0.9],
			"to": [3.575, 12.085, 12.525],
			"rotation": {"angle": 45, "axis": "z", "origin": [2.075, 11.6, 0.9]},
			"faces": {
				"north": {"uv": [8.75, 13.75, 9, 13.875], "texture": "#3"},
				"east": {"uv": [12, 5.75, 14.9375, 5.875], "texture": "#3"},
				"south": {"uv": [13.5, 13.75, 13.75, 13.875], "texture": "#3"},
				"west": {"uv": [12.25, 2.5, 15.1875, 2.625], "texture": "#3"},
				"up": {"uv": [8.25, 13.6875, 8, 10.75], "texture": "#3"},
				"down": {"uv": [8.5, 10.75, 8.25, 13.6875], "texture": "#3"}
			}
		},
		{
			"from": [12.85, 13, 0.9],
			"to": [13.875, 13.5, 12.525],
			"rotation": {"angle": -45, "axis": "z", "origin": [12.375, 13, 0.9]},
			"faces": {
				"north": {"uv": [13.75, 13.5, 14, 13.625], "texture": "#3"},
				"east": {"uv": [12.25, 2.75, 15.1875, 2.875], "texture": "#3"},
				"south": {"uv": [13.75, 13.75, 14, 13.875], "texture": "#3"},
				"west": {"uv": [11, 12.25, 13.9375, 12.375], "texture": "#3"},
				"up": {"uv": [8.75, 13.6875, 8.5, 10.75], "texture": "#3"},
				"down": {"uv": [9, 10.75, 8.75, 13.6875], "texture": "#3"}
			}
		},
		{
			"from": [9.5, 13, 5],
			"to": [10.5, 15, 6],
			"rotation": {"angle": 0, "axis": "y", "origin": [1.25, 13, 0]},
			"faces": {
				"north": {"uv": [1.75, 13.25, 2, 13.75], "texture": "#3"},
				"east": {"uv": [2, 13.25, 2.25, 13.75], "texture": "#3"},
				"south": {"uv": [2.25, 13.25, 2.5, 13.75], "texture": "#3"},
				"west": {"uv": [2.5, 13.25, 2.75, 13.75], "texture": "#3"},
				"up": {"uv": [13.75, 13.25, 13.5, 13], "texture": "#3"},
				"down": {"uv": [13.5, 13.5, 13.25, 13.75], "texture": "#3"}
			}
		},
		{
			"from": [-0.1, -4.25, 5.5],
			"to": [0.4, -0.25, 6],
			"rotation": {"angle": 45, "axis": "z", "origin": [-16.85, 8, 14]},
			"faces": {
				"north": {"uv": [3, 0.5, 9.25, 16], "texture": "#2"},
				"east": {"uv": [12, 2, 12.25, 2.5], "texture": "#2"},
				"south": {"uv": [12, 2, 12.25, 2.5], "texture": "#2"},
				"west": {"uv": [12, 2, 12.25, 2.5], "texture": "#2"},
				"up": {"uv": [12.5, 1.75, 12.25, 1.5], "texture": "#2"},
				"down": {"uv": [12.5, 1.5, 12.25, 1.75], "texture": "#2"}
			}
		},
		{
			"from": [20.75, 8.75, 5.5],
			"to": [21.25, 10.75, 6],
			"rotation": {"angle": -45, "axis": "z", "origin": [21.75, 20, 14]},
			"faces": {
				"north": {"uv": [13, 0, 16, 16], "texture": "#2"},
				"east": {"uv": [12, 2, 12.25, 2.5], "texture": "#2"},
				"south": {"uv": [12, 2, 12.25, 2.5], "texture": "#2"},
				"west": {"uv": [12, 2, 12.25, 2.5], "texture": "#2"},
				"up": {"uv": [12.5, 1.75, 12.25, 1.5], "texture": "#2"},
				"down": {"uv": [12.5, 1.5, 12.25, 1.75], "texture": "#2"}
			}
		},
		{
			"from": [21.275, 10.5, 5.25],
			"to": [22.375, 12.675, 6.25],
			"rotation": {"angle": -45, "axis": "z", "origin": [22.275, 21, 14]},
			"faces": {
				"north": {"uv": [0.25, 13.25, 0.5, 13.8125], "texture": "#3"},
				"east": {"uv": [0.5, 13.25, 0.75, 13.8125], "texture": "#3"},
				"south": {"uv": [0.25, 13.25, 0.5, 13.8125], "texture": "#3"},
				"west": {"uv": [0.5, 13.25, 0.75, 13.8125], "texture": "#3"},
				"up": {"uv": [3.75, 13.75, 3.5, 14], "texture": "#3"},
				"down": {"uv": [3.75, 13.75, 3.5, 14], "texture": "#3"}
			}
		},
		{
			"from": [11.75, 14.25, 5.25],
			"to": [13, 14.85, 6.25],
			"rotation": {"angle": 22.5, "axis": "z", "origin": [12.75, 23.35, 14]},
			"faces": {
				"north": {"uv": [8.25, 13.75, 8.5625, 13.875], "texture": "#3"},
				"east": {"uv": [14, 0, 14.25, 0.125], "texture": "#3"},
				"south": {"uv": [8.25, 13.75, 8.5625, 13.875], "texture": "#3"},
				"west": {"uv": [14, 0, 14.25, 0.125], "texture": "#3"},
				"up": {"uv": [12.8125, 13.5, 12.5, 13.75], "texture": "#3"},
				"down": {"uv": [12.8125, 13.5, 12.5, 13.75], "texture": "#3"}
			}
		},
		{
			"from": [18.925, 14.3, 5.25],
			"to": [19.5, 15.05, 6.25],
			"rotation": {"angle": -22.5, "axis": "z", "origin": [19.25, 23.55, 14]},
			"faces": {
				"north": {"uv": [14, 9.25, 14.125, 9.4375], "texture": "#3"},
				"east": {"uv": [7, 13.75, 7.25, 13.9375], "texture": "#3"},
				"south": {"uv": [14, 9.25, 14.125, 9.4375], "texture": "#3"},
				"west": {"uv": [7, 13.75, 7.25, 13.9375], "texture": "#3"},
				"up": {"uv": [14.125, 0.25, 14, 0.5], "texture": "#3"},
				"down": {"uv": [14.125, 0.25, 14, 0.5], "texture": "#3"}
			}
		},
		{
			"from": [-3.6, 4.3, 3.375],
			"to": [-2.6, 5.3, 4.875],
			"rotation": {"angle": 0, "axis": "y", "origin": [-6.85, 3.3, 1.375]},
			"faces": {
				"north": {"uv": [4.25, 13.75, 4.5, 14], "texture": "#3"},
				"east": {"uv": [11.5, 13.5, 11.875, 13.75], "texture": "#3"},
				"south": {"uv": [4.5, 13.75, 4.75, 14], "texture": "#3"},
				"west": {"uv": [13.5, 11.5, 13.875, 11.75], "texture": "#3"},
				"up": {"uv": [10, 13.875, 9.75, 13.5], "texture": "#3"},
				"down": {"uv": [13.75, 11.75, 13.5, 12.125], "texture": "#3"}
			}
		},
		{
			"from": [-2.6, 3.8, 3.375],
			"to": [2.4, 5.8, 4.875],
			"rotation": {"angle": 0, "axis": "y", "origin": [-1.85, 2.8, 1.375]},
			"faces": {
				"north": {"uv": [11, 11.25, 12.25, 11.75], "texture": "#3"},
				"east": {"uv": [12, 12.5, 12.375, 13], "texture": "#3"},
				"south": {"uv": [11, 11.75, 12.25, 12.25], "texture": "#3"},
				"west": {"uv": [12.5, 12.5, 12.875, 13], "texture": "#3"},
				"up": {"uv": [13.5, 1.875, 12.25, 1.5], "texture": "#3"},
				"down": {"uv": [13.5, 2, 12.25, 2.375], "texture": "#3"}
			}
		},
		{
			"from": [-3, 6.8, 3.375],
			"to": [2, 7.8, 4.875],
			"rotation": {"angle": -22.5, "axis": "z", "origin": [-2.25, 4.8, 1.375]},
			"faces": {
				"north": {"uv": [12.25, 11.5, 13.5, 11.75], "texture": "#3"},
				"east": {"uv": [11, 13.5, 11.375, 13.75], "texture": "#3"},
				"south": {"uv": [12.25, 11.75, 13.5, 12], "texture": "#3"},
				"west": {"uv": [13.5, 11.25, 13.875, 11.5], "texture": "#3"},
				"up": {"uv": [2.25, 12.625, 1, 12.25], "texture": "#3"},
				"down": {"uv": [13.5, 1, 12.25, 1.375], "texture": "#3"}
			}
		},
		{
			"from": [15, 5.8, 3.375],
			"to": [20, 6.8, 4.875],
			"rotation": {"angle": 22.5, "axis": "z", "origin": [15.75, 3.8, 1.375]},
			"faces": {
				"north": {"uv": [2.25, 12.25, 3.5, 12.5], "texture": "#3"},
				"east": {"uv": [9.25, 13.5, 9.625, 13.75], "texture": "#3"},
				"south": {"uv": [12.25, 11.25, 13.5, 11.5], "texture": "#3"},
				"west": {"uv": [13.5, 9.25, 13.875, 9.5], "texture": "#3"},
				"up": {"uv": [13.5, 0.375, 12.25, 0], "texture": "#3"},
				"down": {"uv": [13.5, 0.5, 12.25, 0.875], "texture": "#3"}
			}
		},
		{
			"from": [13.4, 3.8, 3.375],
			"to": [18.4, 5.8, 4.875],
			"rotation": {"angle": 0, "axis": "y", "origin": [14.15, 2.8, 1.375]},
			"faces": {
				"north": {"uv": [11.25, 8, 12.5, 8.5], "texture": "#3"},
				"east": {"uv": [11, 12.5, 11.375, 13], "texture": "#3"},
				"south": {"uv": [11.25, 8.5, 12.5, 9], "texture": "#3"},
				"west": {"uv": [11.5, 12.5, 11.875, 13], "texture": "#3"},
				"up": {"uv": [13.25, 4.625, 12, 4.25], "texture": "#3"},
				"down": {"uv": [13.25, 9, 12, 9.375], "texture": "#3"}
			}
		},
		{
			"from": [18.4, 4.3, 3.375],
			"to": [19.4, 5.3, 4.875],
			"rotation": {"angle": 0, "axis": "y", "origin": [15.15, 3.3, 1.375]},
			"faces": {
				"north": {"uv": [3.75, 13.75, 4, 14], "texture": "#3"},
				"east": {"uv": [13.5, 8.25, 13.875, 8.5], "texture": "#3"},
				"south": {"uv": [4, 13.75, 4.25, 14], "texture": "#3"},
				"west": {"uv": [13.5, 8.5, 13.875, 8.75], "texture": "#3"},
				"up": {"uv": [13.75, 9.125, 13.5, 8.75], "texture": "#3"},
				"down": {"uv": [9.25, 13.5, 9, 13.875], "texture": "#3"}
			}
		},
		{
			"from": [7, 6.925, -4],
			"to": [9, 7.925, 1],
			"rotation": {"angle": 0, "axis": "y", "origin": [7, 5.925, -1]},
			"faces": {
				"north": {"uv": [13.5, 2, 14, 2.25], "texture": "#3"},
				"east": {"uv": [12.5, 5.25, 13.75, 5.5], "texture": "#3"},
				"south": {"uv": [13.5, 2.25, 14, 2.5], "texture": "#3"},
				"west": {"uv": [12.5, 5.5, 13.75, 5.75], "texture": "#3"},
				"up": {"uv": [0.5, 13.25, 0, 12], "texture": "#3"},
				"down": {"uv": [1, 12, 0.5, 13.25], "texture": "#3"}
			}
		},
		{
			"from": [8.5, 3.925, -4],
			"to": [9, 4.675, -3.5],
			"rotation": {"angle": 0, "axis": "y", "origin": [9.5, 2.925, -1]},
			"faces": {
				"north": {"uv": [8.5, 14, 8.625, 14.1875], "texture": "#3"},
				"east": {"uv": [14, 8.5, 14.125, 8.6875], "texture": "#3"},
				"south": {"uv": [8.75, 14, 8.875, 14.1875], "texture": "#3"},
				"west": {"uv": [9, 14, 9.125, 14.1875], "texture": "#3"},
				"up": {"uv": [11.625, 14.125, 11.5, 14], "texture": "#3"},
				"down": {"uv": [14.125, 11.5, 14, 11.625], "texture": "#3"}
			}
		},
		{
			"from": [8.5, 5.175, -4],
			"to": [9, 5.925, -3.5],
			"rotation": {"angle": 0, "axis": "y", "origin": [9.5, 4.175, -1]},
			"faces": {
				"north": {"uv": [8, 14, 8.125, 14.1875], "texture": "#3"},
				"east": {"uv": [14, 8, 14.125, 8.1875], "texture": "#3"},
				"south": {"uv": [8.25, 14, 8.375, 14.1875], "texture": "#3"},
				"west": {"uv": [14, 8.25, 14.125, 8.4375], "texture": "#3"},
				"up": {"uv": [11.375, 14.125, 11.25, 14], "texture": "#3"},
				"down": {"uv": [14.125, 11.25, 14, 11.375], "texture": "#3"}
			}
		},
		{
			"from": [8.5, 3.925, -3],
			"to": [9, 4.675, -2.5],
			"rotation": {"angle": 0, "axis": "y", "origin": [9.5, 2.925, 0]},
			"faces": {
				"north": {"uv": [7, 14, 7.125, 14.1875], "texture": "#3"},
				"east": {"uv": [7.25, 14, 7.375, 14.1875], "texture": "#3"},
				"south": {"uv": [7.5, 14, 7.625, 14.1875], "texture": "#3"},
				"west": {"uv": [7.75, 14, 7.875, 14.1875], "texture": "#3"},
				"up": {"uv": [11.125, 14.125, 11, 14], "texture": "#3"},
				"down": {"uv": [14.125, 11, 14, 11.125], "texture": "#3"}
			}
		},
		{
			"from": [8.5, 5.175, -3],
			"to": [9, 5.925, -2.5],
			"rotation": {"angle": 0, "axis": "y", "origin": [9.5, 4.175, 0]},
			"faces": {
				"north": {"uv": [6, 14, 6.125, 14.1875], "texture": "#3"},
				"east": {"uv": [6.25, 14, 6.375, 14.1875], "texture": "#3"},
				"south": {"uv": [6.5, 14, 6.625, 14.1875], "texture": "#3"},
				"west": {"uv": [6.75, 14, 6.875, 14.1875], "texture": "#3"},
				"up": {"uv": [10.875, 14.125, 10.75, 14], "texture": "#3"},
				"down": {"uv": [14.125, 10.75, 14, 10.875], "texture": "#3"}
			}
		},
		{
			"from": [8.5, 5.175, -1],
			"to": [9, 5.925, -0.5],
			"rotation": {"angle": 0, "axis": "y", "origin": [9.5, 4.175, 2]},
			"faces": {
				"north": {"uv": [6, 14, 6.125, 14.1875], "texture": "#3"},
				"east": {"uv": [6.25, 14, 6.375, 14.1875], "texture": "#3"},
				"south": {"uv": [6.5, 14, 6.625, 14.1875], "texture": "#3"},
				"west": {"uv": [6.75, 14, 6.875, 14.1875], "texture": "#3"},
				"up": {"uv": [10.875, 14.125, 10.75, 14], "texture": "#3"},
				"down": {"uv": [14.125, 10.75, 14, 10.875], "texture": "#3"}
			}
		},
		{
			"from": [8.5, 5.175, -2],
			"to": [9, 5.925, -1.5],
			"rotation": {"angle": 0, "axis": "y", "origin": [9.5, 4.175, 1]},
			"faces": {
				"north": {"uv": [8, 14, 8.125, 14.1875], "texture": "#3"},
				"east": {"uv": [14, 8, 14.125, 8.1875], "texture": "#3"},
				"south": {"uv": [8.25, 14, 8.375, 14.1875], "texture": "#3"},
				"west": {"uv": [14, 8.25, 14.125, 8.4375], "texture": "#3"},
				"up": {"uv": [11.375, 14.125, 11.25, 14], "texture": "#3"},
				"down": {"uv": [14.125, 11.25, 14, 11.375], "texture": "#3"}
			}
		},
		{
			"from": [8.5, 3.925, -2],
			"to": [9, 4.675, -1.5],
			"rotation": {"angle": 0, "axis": "y", "origin": [9.5, 2.925, 1]},
			"faces": {
				"north": {"uv": [8.5, 14, 8.625, 14.1875], "texture": "#3"},
				"east": {"uv": [14, 8.5, 14.125, 8.6875], "texture": "#3"},
				"south": {"uv": [8.75, 14, 8.875, 14.1875], "texture": "#3"},
				"west": {"uv": [9, 14, 9.125, 14.1875], "texture": "#3"},
				"up": {"uv": [11.625, 14.125, 11.5, 14], "texture": "#3"},
				"down": {"uv": [14.125, 11.5, 14, 11.625], "texture": "#3"}
			}
		},
		{
			"from": [8.5, 3.925, -1],
			"to": [9, 4.675, -0.5],
			"rotation": {"angle": 0, "axis": "y", "origin": [9.5, 2.925, 2]},
			"faces": {
				"north": {"uv": [7, 14, 7.125, 14.1875], "texture": "#3"},
				"east": {"uv": [7.25, 14, 7.375, 14.1875], "texture": "#3"},
				"south": {"uv": [7.5, 14, 7.625, 14.1875], "texture": "#3"},
				"west": {"uv": [7.75, 14, 7.875, 14.1875], "texture": "#3"},
				"up": {"uv": [11.125, 14.125, 11, 14], "texture": "#3"},
				"down": {"uv": [14.125, 11, 14, 11.125], "texture": "#3"}
			}
		},
		{
			"from": [8.5, 5.175, 0],
			"to": [9, 5.925, 0.5],
			"rotation": {"angle": 0, "axis": "y", "origin": [9.5, 4.175, 3]},
			"faces": {
				"north": {"uv": [6, 14, 6.125, 14.1875], "texture": "#3"},
				"east": {"uv": [6.25, 14, 6.375, 14.1875], "texture": "#3"},
				"south": {"uv": [6.5, 14, 6.625, 14.1875], "texture": "#3"},
				"west": {"uv": [6.75, 14, 6.875, 14.1875], "texture": "#3"},
				"up": {"uv": [10.875, 14.125, 10.75, 14], "texture": "#3"},
				"down": {"uv": [14.125, 10.75, 14, 10.875], "texture": "#3"}
			}
		},
		{
			"from": [8.5, 3.925, 0],
			"to": [9, 4.675, 0.5],
			"rotation": {"angle": 0, "axis": "y", "origin": [9.5, 2.925, 3]},
			"faces": {
				"north": {"uv": [7, 14, 7.125, 14.1875], "texture": "#3"},
				"east": {"uv": [7.25, 14, 7.375, 14.1875], "texture": "#3"},
				"south": {"uv": [7.5, 14, 7.625, 14.1875], "texture": "#3"},
				"west": {"uv": [7.75, 14, 7.875, 14.1875], "texture": "#3"},
				"up": {"uv": [11.125, 14.125, 11, 14], "texture": "#3"},
				"down": {"uv": [14.125, 11, 14, 11.125], "texture": "#3"}
			}
		},
		{
			"from": [6.9, 3.925, -2],
			"to": [7.4, 4.675, -1.5],
			"rotation": {"angle": 0, "axis": "y", "origin": [7.9, 2.925, 1]},
			"faces": {
				"north": {"uv": [8.5, 14, 8.625, 14.1875], "texture": "#3"},
				"east": {"uv": [14, 8.5, 14.125, 8.6875], "texture": "#3"},
				"south": {"uv": [8.75, 14, 8.875, 14.1875], "texture": "#3"},
				"west": {"uv": [9, 14, 9.125, 14.1875], "texture": "#3"},
				"up": {"uv": [11.625, 14.125, 11.5, 14], "texture": "#3"},
				"down": {"uv": [14.125, 11.5, 14, 11.625], "texture": "#3"}
			}
		},
		{
			"from": [6.9, 3.925, -1],
			"to": [7.4, 4.675, -0.5],
			"rotation": {"angle": 0, "axis": "y", "origin": [7.9, 2.925, 2]},
			"faces": {
				"north": {"uv": [7, 14, 7.125, 14.1875], "texture": "#3"},
				"east": {"uv": [7.25, 14, 7.375, 14.1875], "texture": "#3"},
				"south": {"uv": [7.5, 14, 7.625, 14.1875], "texture": "#3"},
				"west": {"uv": [7.75, 14, 7.875, 14.1875], "texture": "#3"},
				"up": {"uv": [11.125, 14.125, 11, 14], "texture": "#3"},
				"down": {"uv": [14.125, 11, 14, 11.125], "texture": "#3"}
			}
		},
		{
			"from": [6.9, 3.925, 0],
			"to": [7.4, 4.675, 0.5],
			"rotation": {"angle": 0, "axis": "y", "origin": [7.9, 2.925, 3]},
			"faces": {
				"north": {"uv": [7, 14, 7.125, 14.1875], "texture": "#3"},
				"east": {"uv": [7.25, 14, 7.375, 14.1875], "texture": "#3"},
				"south": {"uv": [7.5, 14, 7.625, 14.1875], "texture": "#3"},
				"west": {"uv": [7.75, 14, 7.875, 14.1875], "texture": "#3"},
				"up": {"uv": [11.125, 14.125, 11, 14], "texture": "#3"},
				"down": {"uv": [14.125, 11, 14, 11.125], "texture": "#3"}
			}
		},
		{
			"from": [6.9, 5.175, 0],
			"to": [7.4, 5.925, 0.5],
			"rotation": {"angle": 0, "axis": "y", "origin": [7.9, 4.175, 3]},
			"faces": {
				"north": {"uv": [6, 14, 6.125, 14.1875], "texture": "#3"},
				"east": {"uv": [6.25, 14, 6.375, 14.1875], "texture": "#3"},
				"south": {"uv": [6.5, 14, 6.625, 14.1875], "texture": "#3"},
				"west": {"uv": [6.75, 14, 6.875, 14.1875], "texture": "#3"},
				"up": {"uv": [10.875, 14.125, 10.75, 14], "texture": "#3"},
				"down": {"uv": [14.125, 10.75, 14, 10.875], "texture": "#3"}
			}
		},
		{
			"from": [6.9, 5.175, -1],
			"to": [7.4, 5.925, -0.5],
			"rotation": {"angle": 0, "axis": "y", "origin": [7.9, 4.175, 2]},
			"faces": {
				"north": {"uv": [6, 14, 6.125, 14.1875], "texture": "#3"},
				"east": {"uv": [6.25, 14, 6.375, 14.1875], "texture": "#3"},
				"south": {"uv": [6.5, 14, 6.625, 14.1875], "texture": "#3"},
				"west": {"uv": [6.75, 14, 6.875, 14.1875], "texture": "#3"},
				"up": {"uv": [10.875, 14.125, 10.75, 14], "texture": "#3"},
				"down": {"uv": [14.125, 10.75, 14, 10.875], "texture": "#3"}
			}
		},
		{
			"from": [6.9, 5.175, -2],
			"to": [7.4, 5.925, -1.5],
			"rotation": {"angle": 0, "axis": "y", "origin": [7.9, 4.175, 1]},
			"faces": {
				"north": {"uv": [8, 14, 8.125, 14.1875], "texture": "#3"},
				"east": {"uv": [14, 8, 14.125, 8.1875], "texture": "#3"},
				"south": {"uv": [8.25, 14, 8.375, 14.1875], "texture": "#3"},
				"west": {"uv": [14, 8.25, 14.125, 8.4375], "texture": "#3"},
				"up": {"uv": [11.375, 14.125, 11.25, 14], "texture": "#3"},
				"down": {"uv": [14.125, 11.25, 14, 11.375], "texture": "#3"}
			}
		},
		{
			"from": [7, 3.925, -3],
			"to": [7.5, 4.675, -2.5],
			"rotation": {"angle": 0, "axis": "y", "origin": [8, 2.925, 0]},
			"faces": {
				"north": {"uv": [14, 5.25, 14.125, 5.4375], "texture": "#3"},
				"east": {"uv": [5.5, 14, 5.625, 14.1875], "texture": "#3"},
				"south": {"uv": [14, 5.5, 14.125, 5.6875], "texture": "#3"},
				"west": {"uv": [5.75, 14, 5.875, 14.1875], "texture": "#3"},
				"up": {"uv": [10.625, 14.125, 10.5, 14], "texture": "#3"},
				"down": {"uv": [14.125, 10.5, 14, 10.625], "texture": "#3"}
			}
		},
		{
			"from": [7, 5.175, -3],
			"to": [7.5, 5.925, -2.5],
			"rotation": {"angle": 0, "axis": "y", "origin": [8, 4.175, 0]},
			"faces": {
				"north": {"uv": [14, 4.75, 14.125, 4.9375], "texture": "#3"},
				"east": {"uv": [5, 14, 5.125, 14.1875], "texture": "#3"},
				"south": {"uv": [14, 5, 14.125, 5.1875], "texture": "#3"},
				"west": {"uv": [5.25, 14, 5.375, 14.1875], "texture": "#3"},
				"up": {"uv": [10.375, 14.125, 10.25, 14], "texture": "#3"},
				"down": {"uv": [14.125, 10.25, 14, 10.375], "texture": "#3"}
			}
		},
		{
			"from": [7, 5.175, -4],
			"to": [7.5, 5.925, -3.5],
			"rotation": {"angle": 0, "axis": "y", "origin": [8, 4.175, -1]},
			"faces": {
				"north": {"uv": [14, 4.25, 14.125, 4.4375], "texture": "#3"},
				"east": {"uv": [4.5, 14, 4.625, 14.1875], "texture": "#3"},
				"south": {"uv": [14, 4.5, 14.125, 4.6875], "texture": "#3"},
				"west": {"uv": [4.75, 14, 4.875, 14.1875], "texture": "#3"},
				"up": {"uv": [10.125, 14.125, 10, 14], "texture": "#3"},
				"down": {"uv": [14.125, 10, 14, 10.125], "texture": "#3"}
			}
		},
		{
			"from": [7, 3.925, -4],
			"to": [7.5, 4.675, -3.5],
			"rotation": {"angle": 0, "axis": "y", "origin": [8, 2.925, -1]},
			"faces": {
				"north": {"uv": [3.5, 14, 3.625, 14.1875], "texture": "#3"},
				"east": {"uv": [3.75, 14, 3.875, 14.1875], "texture": "#3"},
				"south": {"uv": [4, 14, 4.125, 14.1875], "texture": "#3"},
				"west": {"uv": [4.25, 14, 4.375, 14.1875], "texture": "#3"},
				"up": {"uv": [9.875, 14.125, 9.75, 14], "texture": "#3"},
				"down": {"uv": [14.125, 9.75, 14, 9.875], "texture": "#3"}
			}
		},
		{
			"from": [6, 5.925, -4],
			"to": [10, 6.925, 1],
			"rotation": {"angle": 0, "axis": "y", "origin": [7, 4.925, -1]},
			"faces": {
				"north": {"uv": [12.5, 8.5, 13.5, 8.75], "texture": "#3"},
				"east": {"uv": [12.5, 4.75, 13.75, 5], "texture": "#3"},
				"south": {"uv": [12.5, 8.75, 13.5, 9], "texture": "#3"},
				"west": {"uv": [12.5, 5, 13.75, 5.25], "texture": "#3"},
				"up": {"uv": [3, 12, 2, 10.75], "texture": "#3"},
				"down": {"uv": [4, 10.75, 3, 12], "texture": "#3"}
			}
		},
		{
			"from": [7.5, 7.275, -4.45],
			"to": [8.5, 8.275, -3.45],
			"rotation": {"angle": 0, "axis": "y", "origin": [7, 6.275, -5.45]},
			"faces": {
				"north": {"uv": [5.25, 13.75, 5.5, 14], "texture": "#3"},
				"east": {"uv": [13.75, 5.25, 14, 5.5], "texture": "#3"},
				"south": {"uv": [5.5, 13.75, 5.75, 14], "texture": "#3"},
				"west": {"uv": [13.75, 5.5, 14, 5.75], "texture": "#3"},
				"up": {"uv": [6, 14, 5.75, 13.75], "texture": "#3"},
				"down": {"uv": [6.25, 13.75, 6, 14], "texture": "#3"}
			}
		},
		{
			"from": [7, 5.925, -5],
			"to": [9, 6.925, -4],
			"rotation": {"angle": 0, "axis": "y", "origin": [7, 4.925, -6]},
			"faces": {
				"north": {"uv": [13.5, 1, 14, 1.25], "texture": "#3"},
				"east": {"uv": [5, 13.75, 5.25, 14], "texture": "#3"},
				"south": {"uv": [13.5, 1.25, 14, 1.5], "texture": "#3"},
				"west": {"uv": [13.75, 5, 14, 5.25], "texture": "#3"},
				"up": {"uv": [14, 1.75, 13.5, 1.5], "texture": "#3"},
				"down": {"uv": [14, 1.75, 13.5, 2], "texture": "#3"}
			}
		},
		{
			"from": [7, 2.925, -5],
			"to": [9, 3.925, -4],
			"rotation": {"angle": 0, "axis": "y", "origin": [7, 1.925, -6]},
			"faces": {
				"north": {"uv": [13.5, 0, 14, 0.25], "texture": "#3"},
				"east": {"uv": [4.75, 13.75, 5, 14], "texture": "#3"},
				"south": {"uv": [13.5, 0.25, 14, 0.5], "texture": "#3"},
				"west": {"uv": [13.75, 4.75, 14, 5], "texture": "#3"},
				"up": {"uv": [14, 0.75, 13.5, 0.5], "texture": "#3"},
				"down": {"uv": [14, 0.75, 13.5, 1], "texture": "#3"}
			}
		},
		{
			"from": [6, 2.925, -4],
			"to": [10, 3.925, 1],
			"rotation": {"angle": 0, "axis": "y", "origin": [7, 1.925, -1]},
			"faces": {
				"north": {"uv": [12.5, 8, 13.5, 8.25], "texture": "#3"},
				"east": {"uv": [12.25, 12, 13.5, 12.25], "texture": "#3"},
				"south": {"uv": [12.5, 8.25, 13.5, 8.5], "texture": "#3"},
				"west": {"uv": [2.25, 12.5, 3.5, 12.75], "texture": "#3"},
				"up": {"uv": [1, 12, 0, 10.75], "texture": "#3"},
				"down": {"uv": [2, 10.75, 1, 12], "texture": "#3"}
			}
		},
		{
			"from": [10.1, 18.1, 5],
			"to": [11.1, 20.1, 6],
			"rotation": {"angle": -22.5, "axis": "z", "origin": [1.85, 18.1, 0]},
			"faces": {
				"north": {"uv": [2.75, 13.25, 3, 13.75], "texture": "#3"},
				"east": {"uv": [3, 13.25, 3.25, 13.75], "texture": "#3"},
				"south": {"uv": [3.25, 13.25, 3.5, 13.75], "texture": "#3"},
				"west": {"uv": [13.25, 4.25, 13.5, 4.75], "texture": "#3"},
				"up": {"uv": [13.75, 13.5, 13.5, 13.25], "texture": "#3"},
				"down": {"uv": [13.75, 13.5, 13.5, 13.75], "texture": "#3"}
			}
		},
		{
			"from": [6.2, 11.45, 5],
			"to": [7.2, 13.45, 6],
			"rotation": {"angle": 22.5, "axis": "z", "origin": [-2.05, 11.45, 0]},
			"faces": {
				"north": {"uv": [13.25, 9, 13.5, 9.5], "texture": "#3"},
				"east": {"uv": [10, 13.25, 10.25, 13.75], "texture": "#3"},
				"south": {"uv": [10.25, 13.25, 10.5, 13.75], "texture": "#3"},
				"west": {"uv": [10.5, 13.25, 10.75, 13.75], "texture": "#3"},
				"up": {"uv": [2, 14, 1.75, 13.75], "texture": "#3"},
				"down": {"uv": [2.25, 13.75, 2, 14], "texture": "#3"}
			}
		},
		{
			"from": [7.5, 13, 5],
			"to": [8.5, 16, 6],
			"rotation": {"angle": 0, "axis": "y", "origin": [-0.75, 13, 0]},
			"faces": {
				"north": {"uv": [10, 12.5, 10.25, 13.25], "texture": "#3"},
				"east": {"uv": [10.25, 12.5, 10.5, 13.25], "texture": "#3"},
				"south": {"uv": [10.5, 12.5, 10.75, 13.25], "texture": "#3"},
				"west": {"uv": [10.75, 12.5, 11, 13.25], "texture": "#3"},
				"up": {"uv": [2.5, 14, 2.25, 13.75], "texture": "#3"},
				"down": {"uv": [2.75, 13.75, 2.5, 14], "texture": "#3"}
			}
		},
		{
			"from": [5.5, 13, 5],
			"to": [6.5, 15, 6],
			"rotation": {"angle": 0, "axis": "y", "origin": [-2.75, 13, 0]},
			"faces": {
				"north": {"uv": [10.75, 13.25, 11, 13.75], "texture": "#3"},
				"east": {"uv": [13.25, 12.5, 13.5, 13], "texture": "#3"},
				"south": {"uv": [13, 13.25, 13.25, 13.75], "texture": "#3"},
				"west": {"uv": [13.25, 13, 13.5, 13.5], "texture": "#3"},
				"up": {"uv": [3, 14, 2.75, 13.75], "texture": "#3"},
				"down": {"uv": [3.25, 13.75, 3, 14], "texture": "#3"}
			}
		},
		{
			"from": [-6.375, 10.5, 5.25],
			"to": [-5.275, 12.675, 6.25],
			"rotation": {"angle": 45, "axis": "z", "origin": [-6.275, 21, 14]},
			"faces": {
				"north": {"uv": [0.75, 13.25, 1, 13.8125], "texture": "#3"},
				"east": {"uv": [1, 13.25, 1.25, 13.8125], "texture": "#3"},
				"south": {"uv": [1.25, 13.25, 1.5, 13.8125], "texture": "#3"},
				"west": {"uv": [1.5, 13.25, 1.75, 13.8125], "texture": "#3"},
				"up": {"uv": [6.5, 14, 6.25, 13.75], "texture": "#3"},
				"down": {"uv": [6.75, 13.75, 6.5, 14], "texture": "#3"}
			}
		},
		{
			"from": [3, 14.25, 5.25],
			"to": [4.25, 14.85, 6.25],
			"rotation": {"angle": -22.5, "axis": "z", "origin": [3.25, 23.35, 14]},
			"faces": {
				"north": {"uv": [13.75, 8.75, 14.0625, 8.875], "texture": "#3"},
				"east": {"uv": [0.5, 14, 0.75, 14.125], "texture": "#3"},
				"south": {"uv": [13.75, 9, 14.0625, 9.125], "texture": "#3"},
				"west": {"uv": [14, 0.5, 14.25, 0.625], "texture": "#3"},
				"up": {"uv": [13.8125, 12.75, 13.5, 12.5], "texture": "#3"},
				"down": {"uv": [13.8125, 12.75, 13.5, 13], "texture": "#3"}
			}
		},
		{
			"from": [-3.5, 14.3, 5.25],
			"to": [-2.925, 15.05, 6.25],
			"rotation": {"angle": 22.5, "axis": "z", "origin": [-3.25, 23.55, 14]},
			"faces": {
				"north": {"uv": [9.5, 14, 9.625, 14.1875], "texture": "#3"},
				"east": {"uv": [7.25, 13.75, 7.5, 13.9375], "texture": "#3"},
				"south": {"uv": [14, 9.5, 14.125, 9.6875], "texture": "#3"},
				"west": {"uv": [7.5, 13.75, 7.75, 13.9375], "texture": "#3"},
				"up": {"uv": [0.875, 14.25, 0.75, 14], "texture": "#3"},
				"down": {"uv": [14.125, 0.75, 14, 1], "texture": "#3"}
			}
		},
		{
			"from": [6, 3.925, 0.7],
			"to": [10.05, 5.925, 0.825],
			"rotation": {"angle": 0, "axis": "y", "origin": [4.175, 3.925, -1.175]},
			"faces": {
				"north": {"uv": [0, 0, 1.0125, 0.5], "texture": "#particle"},
				"east": {"uv": [0, 0, 0.03125, 0.5], "texture": "#particle"},
				"south": {"uv": [0, 0, 1.0125, 0.5], "texture": "#particle"},
				"west": {"uv": [0, 0, 0.03125, 0.5], "texture": "#particle"},
				"up": {"uv": [0, 0, 1.0125, 0.03125], "texture": "#particle"},
				"down": {"uv": [0, 0, 1.0125, 0.03125], "texture": "#particle"}
			}
		}
	],
	"display": {
		"firstperson_righthand": {
			"rotation": [0, 130, -21],
			"translation": [13.25, 1.25, -17.25]
		},
		"firstperson_lefthand": {
			"rotation": [0, 130, -21],
			"translation": [13.25, 1.25, -17.5]
		},
		"gui": {
			"rotation": [-11, 180, 0]
		},
		"head": {
			"translation": [0, 1, 1.25],
			"scale": [1.4, 1.4, 1.4]
		},
		"fixed": {
			"translation": [0, 0, -7.25],
			"scale": [1.7, 1.7, 1.7]
		}
	},
	"groups": [
		{
			"name": "head",
			"origin": [0.75, -1, 0],
			"color": 0,
			"nbt": "{}",
			"children": [0, 1, 2, 3, 4, 5, 6, 7, 8, 9, 10, 11, 12, 13, 14, 15, 16, 17, 18, 19, 20, 21, 22]
		},
		{
			"name": "eyes",
			"origin": [-9.25, 8, -15],
			"color": 0,
			"nbt": "{}",
			"children": []
		},
		{
			"name": "cheeks",
			"origin": [-0.25, 2, -16],
			"color": 0,
			"nbt": "{}",
			"children": []
		},
		23,
		24,
		25,
		26,
		27,
		28,
		29,
		30,
		31,
		32,
		33,
		34,
		35,
		36,
		37,
		38,
		39,
		40,
		41,
		42,
		43,
		44,
		45,
		46,
		47,
		48,
		49,
		50,
		51,
		52,
		53,
		54,
		55,
		56,
		57,
		58,
		59,
		60,
		61,
		62,
		63,
		64,
		65,
		66,
		67,
		68
	]
}