{
	"credit": "Made with Blockbench",
	"texture_size": [64, 64],
	"textures": {
		"0": "block/sink",
		"particle": "block/sink"
	},
	"elements": [
		{
			"from": [0, 0, 0],
			"to": [16, 1, 16],
			"faces": {
				"north": {"uv": [11, 9.75, 15, 10], "texture": "#0"},
				"east": {"uv": [11, 10, 15, 10.25], "texture": "#0"},
				"south": {"uv": [11, 10.25, 15, 10.5], "texture": "#0"},
				"west": {"uv": [11, 10.5, 15, 10.75], "texture": "#0"},
				"up": {"uv": [4, 8.25, 0, 4.25], "texture": "#0"},
				"down": {"uv": [8, 4.25, 4, 8.25], "texture": "#0"}
			}
		},
		{
			"from": [1, 9, 1],
			"to": [15, 10, 15],
			"rotation": {"angle": 0, "axis": "y", "origin": [0, 9, 0]},
			"faces": {
				"north": {"uv": [11.5, 0.25, 15, 0.5], "texture": "#0"},
				"east": {"uv": [11.5, 0.5, 15, 0.75], "texture": "#0"},
				"south": {"uv": [11.5, 0.75, 15, 1], "texture": "#0"},
				"west": {"uv": [11.5, 1, 15, 1.25], "texture": "#0"},
				"up": {"uv": [11.5, 3.5, 8, 0], "texture": "#0"},
				"down": {"uv": [11.5, 3.5, 8, 7], "texture": "#0"}
			}
		},
		{
			"from": [15, 1, 0],
			"to": [16, 18, 16],
			"rotation": {"angle": 0, "axis": "y", "origin": [15, 1, 0]},
			"faces": {
				"north": {"uv": [0, 0, 4, 4.25], "texture": "#0"},
				"east": {"uv": [7, 11, 7.25, 15.25], "texture": "#0"},
				"south": {"uv": [4, 0, 8, 4.25], "texture": "#0"},
				"west": {"uv": [7.25, 11, 7.5, 15.25], "texture": "#0"},
				"up": {"uv": [15, 11, 11, 10.75], "texture": "#0"},
				"down": {"uv": [15, 11, 11, 11.25], "texture": "#0"}
			}
		},
		{
			"from": [0, 1, 0],
			"to": [16, 12, 1],
			"rotation": {"angle": 0, "axis": "y", "origin": [0, 1, -15]},
			"faces": {
				"north": {"uv": [8, 7, 12, 9.75], "texture": "#0"},
				"east": {"uv": [11.75, 1.25, 12, 4], "texture": "#0"},
				"south": {"uv": [0, 8.25, 4, 11], "texture": "#0"},
				"west": {"uv": [11.75, 11.5, 12, 14.25], "texture": "#0"},
				"up": {"uv": [15, 11.5, 11, 11.25], "texture": "#0"},
				"down": {"uv": [15.5, 0, 11.5, 0.25], "texture": "#0"}
			}
		},
		{
			"from": [0, 1, 1],
			"to": [1, 12, 15],
			"rotation": {"angle": 0, "axis": "y", "origin": [0, 1, -14]},
			"faces": {
				"north": {"uv": [12, 1.25, 12.25, 4], "texture": "#0"},
				"east": {"uv": [4, 8.25, 7.5, 11], "texture": "#0"},
				"south": {"uv": [12, 4, 12.25, 6.75], "texture": "#0"},
				"west": {"uv": [7.5, 9.75, 11, 12.5], "texture": "#0"},
				"up": {"uv": [11.75, 4.75, 11.5, 1.25], "texture": "#0"},
				"down": {"uv": [11.25, 11.5, 11, 15], "texture": "#0"}
			}
		},
		{
			"from": [0, 1, 15],
			"to": [16, 12, 16],
			"rotation": {"angle": 0, "axis": "y", "origin": [15, 1, -13]},
			"faces": {
				"north": {"uv": [12, 6.75, 12.25, 9.5], "texture": "#0"},
				"east": {"uv": [0, 11, 3.5, 13.75], "texture": "#0"},
				"south": {"uv": [12, 11.5, 12.25, 14.25], "texture": "#0"},
				"west": {"uv": [3.5, 11, 7, 13.75], "texture": "#0"},
				"up": {"uv": [11.5, 15, 11.25, 11.5], "texture": "#0"},
				"down": {"uv": [11.75, 11.5, 11.5, 15], "texture": "#0"}
			}
		},
		{
			"from": [9, 16, 7],
			"to": [15, 17, 9],
			"rotation": {"angle": 0, "axis": "y", "origin": [13, 16, 9]},
			"faces": {
				"north": {"uv": [12, 9.5, 13.5, 9.75], "texture": "#0"},
				"east": {"uv": [12.25, 2, 12.75, 2.25], "texture": "#0"},
				"south": {"uv": [12.25, 1.25, 13.75, 1.5], "texture": "#0"},
				"west": {"uv": [11.5, 6.75, 12, 7], "texture": "#0"},
				"up": {"uv": [8, 9.75, 7.5, 8.25], "rotation": 270, "texture": "#0"},
				"down": {"uv": [12, 4.75, 11.5, 6.25], "rotation": 90, "texture": "#0"}
			}
		},
		{
			"from": [9, 15, 7],
			"to": [11, 16, 9],
			"rotation": {"angle": 0, "axis": "y", "origin": [11, 14, 5]},
			"faces": {
				"north": {"uv": [12.25, 2.75, 12.75, 3], "texture": "#0"},
				"east": {"uv": [12.25, 3, 12.75, 3.25], "texture": "#0"},
				"south": {"uv": [12.25, 2.25, 12.75, 2.5], "texture": "#0"},
				"west": {"uv": [12.25, 2.5, 12.75, 2.75], "texture": "#0"},
				"up": {"uv": [12, 6.75, 11.5, 6.25], "rotation": 180, "texture": "#0"},
				"down": {"uv": [12.75, 1.5, 12.25, 2], "rotation": 180, "texture": "#0"}
			}
		}
	],
	"display": {
		"fixed": {
			"rotation": [-90, 0, 0],
			"translation": [0, 0, -16],
			"scale": [2, 2, 2]
		}
	}
}