{
	"credit": "Made with Blockbench",
	"textures": {
		"0": "block/freddyskin1",
		"1": "block/blue",
		"2": "block/white",
		"3": "block/black",
		"4": "block/freddyskin2",
		"5": "block/gray",
		"particle": "block/freddyskin1"
	},
	"elements": [
		{
			"from": [0, 0, 0],
			"to": [16, 16, 16],
			"faces": {
				"north": {"uv": [0, 0, 4, 4], "texture": "#0"},
				"east": {"uv": [4, 0, 7.25, 4], "texture": "#0"},
				"south": {"uv": [0, 4, 4, 8], "texture": "#0"},
				"west": {"uv": [4, 4, 7.25, 8], "texture": "#0"},
				"up": {"uv": [11.25, 3.25, 7.25, 0], "texture": "#0"},
				"down": {"uv": [11.25, 3.25, 7.25, 6.5], "texture": "#0"}
			}
		},
		{
			"from": [13, 5, -1],
			"to": [14, 6, 0],
			"faces": {
				"north": {"uv": [12.25, 5.75, 12.5, 6], "texture": "#2"},
				"east": {"uv": [6, 12.25, 6.25, 12.5], "texture": "#2"},
				"south": {"uv": [12.25, 6, 12.5, 6.25], "texture": "#2"},
				"west": {"uv": [6.25, 12.25, 6.5, 12.5], "texture": "#2"},
				"up": {"uv": [12.5, 6.5, 12.25, 6.25], "texture": "#2"},
				"down": {"uv": [6.75, 12.25, 6.5, 12.5], "texture": "#2"}
			}
		},
		{
			"from": [13, 3, -1],
			"to": [14, 4, 0],
			"faces": {
				"north": {"uv": [12.25, 1.25, 12.5, 1.5], "texture": "#2"},
				"east": {"uv": [12.25, 1.5, 12.5, 1.75], "texture": "#2"},
				"south": {"uv": [12.25, 1.75, 12.5, 2], "texture": "#2"},
				"west": {"uv": [12.25, 2, 12.5, 2.25], "texture": "#2"},
				"up": {"uv": [12.5, 2.5, 12.25, 2.25], "texture": "#2"},
				"down": {"uv": [12.5, 2.5, 12.25, 2.75], "texture": "#2"}
			}
		},
		{
			"from": [2, 3, -1],
			"to": [3, 4, 0],
			"faces": {
				"north": {"uv": [12.25, 2.75, 12.5, 3], "texture": "#2"},
				"east": {"uv": [12.25, 3, 12.5, 3.25], "texture": "#2"},
				"south": {"uv": [12.25, 3.25, 12.5, 3.5], "texture": "#2"},
				"west": {"uv": [12.25, 3.5, 12.5, 3.75], "texture": "#2"},
				"up": {"uv": [12.5, 4, 12.25, 3.75], "texture": "#2"},
				"down": {"uv": [12.5, 4, 12.25, 4.25], "texture": "#2"}
			}
		},
		{
			"from": [2, 3, -3],
			"to": [4, 4, -2],
			"faces": {
				"north": {"uv": [12, 10.75, 12.5, 11], "texture": "#2"},
				"east": {"uv": [12.25, 5.5, 12.5, 5.75], "texture": "#2"},
				"south": {"uv": [11, 12, 11.5, 12.25], "texture": "#2"},
				"west": {"uv": [5.75, 12.25, 6, 12.5], "texture": "#2"},
				"up": {"uv": [12.5, 11.25, 12, 11], "texture": "#2"},
				"down": {"uv": [12.5, 11.25, 12, 11.5], "texture": "#2"}
			}
		},
		{
			"from": [2, 5, -3],
			"to": [4, 6, -2],
			"faces": {
				"north": {"uv": [12.25, 0.5, 12.75, 0.75], "texture": "#2"},
				"east": {"uv": [12.25, 7, 12.5, 7.25], "texture": "#2"},
				"south": {"uv": [12.25, 0.75, 12.75, 1], "texture": "#2"},
				"west": {"uv": [7.25, 12.25, 7.5, 12.5], "texture": "#2"},
				"up": {"uv": [1.5, 12.5, 1, 12.25], "texture": "#2"},
				"down": {"uv": [12.75, 1, 12.25, 1.25], "texture": "#2"}
			}
		},
		{
			"from": [5, 5, -3],
			"to": [7, 6, -2],
			"faces": {
				"north": {"uv": [0, 12.25, 0.5, 12.5], "texture": "#2"},
				"east": {"uv": [12.25, 6.75, 12.5, 7], "texture": "#2"},
				"south": {"uv": [12.25, 0, 12.75, 0.25], "texture": "#2"},
				"west": {"uv": [7, 12.25, 7.25, 12.5], "texture": "#2"},
				"up": {"uv": [12.75, 0.5, 12.25, 0.25], "texture": "#2"},
				"down": {"uv": [1, 12.25, 0.5, 12.5], "texture": "#2"}
			}
		},
		{
			"from": [12, 5, -3],
			"to": [14, 6, -2],
			"faces": {
				"north": {"uv": [11.5, 12, 12, 12.25], "texture": "#2"},
				"east": {"uv": [12.25, 6.5, 12.5, 6.75], "texture": "#2"},
				"south": {"uv": [12, 11.5, 12.5, 11.75], "texture": "#2"},
				"west": {"uv": [6.75, 12.25, 7, 12.5], "texture": "#2"},
				"up": {"uv": [12.5, 12, 12, 11.75], "texture": "#2"},
				"down": {"uv": [12.5, 12, 12, 12.25], "texture": "#2"}
			}
		},
		{
			"from": [9, 3, -3],
			"to": [11, 4, -2],
			"faces": {
				"north": {"uv": [7.5, 12, 8, 12.25], "texture": "#2"},
				"east": {"uv": [12.25, 4.25, 12.5, 4.5], "texture": "#2"},
				"south": {"uv": [12, 8.5, 12.5, 8.75], "texture": "#2"},
				"west": {"uv": [12.25, 4.5, 12.5, 4.75], "texture": "#2"},
				"up": {"uv": [12.5, 9, 12, 8.75], "texture": "#2"},
				"down": {"uv": [12.5, 9, 12, 9.25], "texture": "#2"}
			}
		},
		{
			"from": [1, 1.4, -3],
			"to": [15, 3, 0],
			"faces": {
				"north": {"uv": [6.25, 0.25, 6.75, 0.75], "texture": "#0"},
				"east": {"uv": [7.25, 0.25, 7.75, 0.75], "texture": "#0"},
				"south": {"uv": [8.25, 0.25, 8.75, 0.75], "texture": "#0"},
				"west": {"uv": [9.25, 0.25, 9.75, 0.75], "texture": "#0"},
				"up": {"uv": [10.25, 0.25, 10.75, 0.75], "texture": "#0"},
				"down": {"uv": [11.25, 0.25, 11.75, 0.75], "texture": "#0"}
			}
		},
		{
			"from": [8, 0, -3],
			"to": [15, 1.4, 0],
			"rotation": {"angle": 0, "axis": "y", "origin": [0, -1.6, 0]},
			"faces": {
				"north": {"uv": [6.25, 0.25, 6.75, 0.75], "texture": "#0"},
				"east": {"uv": [7.25, 0.25, 7.75, 0.75], "texture": "#0"},
				"south": {"uv": [8.25, 0.25, 8.75, 0.75], "texture": "#0"},
				"west": {"uv": [9.25, 0.25, 9.75, 0.75], "texture": "#0"},
				"up": {"uv": [10.25, 0.25, 10.75, 0.75], "texture": "#0"},
				"down": {"uv": [11.25, 0.25, 11.75, 0.75], "texture": "#0"}
			}
		},
		{
			"from": [1, 0, -3],
			"to": [6.6, 1.4, 0],
			"rotation": {"angle": 0, "axis": "y", "origin": [-7, -1.6, 0]},
			"faces": {
				"north": {"uv": [6.25, 0.25, 6.75, 0.75], "texture": "#0"},
				"east": {"uv": [7.25, 0.25, 7.75, 0.75], "texture": "#0"},
				"south": {"uv": [8.25, 0.25, 8.75, 0.75], "texture": "#0"},
				"west": {"uv": [9.25, 0.25, 9.75, 0.75], "texture": "#0"},
				"up": {"uv": [10.25, 0.25, 10.75, 0.75], "texture": "#0"},
				"down": {"uv": [11.25, 0.25, 11.75, 0.75], "texture": "#0"}
			}
		},
		{
			"from": [1, 6, -3],
			"to": [15, 9, 1],
			"faces": {
				"north": {"uv": [0.25, 0.25, 0.75, 0.75], "texture": "#4"},
				"east": {"uv": [1.25, 0.25, 1.75, 0.75], "texture": "#4"},
				"south": {"uv": [2.25, 0.25, 2.75, 0.75], "texture": "#4"},
				"west": {"uv": [3.25, 0.25, 3.75, 0.75], "texture": "#4"},
				"up": {"uv": [4.25, 0.25, 4.75, 0.75], "texture": "#4"},
				"down": {"uv": [5.25, 0.25, 5.75, 0.75], "texture": "#4"}
			}
		},
		{
			"from": [7, 8, -4],
			"to": [9, 10, -2],
			"faces": {
				"north": {"uv": [0.25, 0.25, 0.75, 0.75], "texture": "#3"},
				"east": {"uv": [1.25, 0.25, 1.75, 0.75], "texture": "#3"},
				"south": {"uv": [2.25, 0.25, 2.75, 0.75], "texture": "#3"},
				"west": {"uv": [3.25, 0.25, 3.75, 0.75], "texture": "#3"},
				"up": {"uv": [4.25, 0.25, 4.75, 0.75], "texture": "#3"},
				"down": {"uv": [5.25, 0.25, 5.75, 0.75], "texture": "#3"}
			}
		},
		{
			"from": [2.4, 9.1, -1],
			"to": [4.4, 11.1, 1],
			"rotation": {"angle": 0, "axis": "y", "origin": [0.4, -1.9, 0]},
			"faces": {
				"north": {"uv": [0, 0, 2, 2], "texture": "#2"},
				"east": {"uv": [0, 0, 2, 2], "texture": "#2"},
				"south": {"uv": [0, 0, 2, 2], "texture": "#2"},
				"west": {"uv": [0, 0, 2, 2], "texture": "#2"},
				"up": {"uv": [0, 0, 2, 2], "rotation": 180, "texture": "#2"},
				"down": {"uv": [0, 0, 2, 2], "rotation": 180, "texture": "#2"}
			}
		},
		{
			"from": [4, 11, -1],
			"to": [6, 13, 1],
			"faces": {
				"north": {"uv": [2.25, 0.25, 2.75, 0.75], "texture": "#1"},
				"east": {"uv": [3.25, 0.25, 3.75, 0.75], "texture": "#1"},
				"south": {"uv": [0.25, 0.25, 0.75, 0.75], "texture": "#1"},
				"west": {"uv": [1.25, 0.25, 1.75, 0.75], "texture": "#1"},
				"up": {"uv": [4.25, 0.25, 4.75, 0.75], "rotation": 180, "texture": "#1"},
				"down": {"uv": [5.25, 0.25, 5.75, 0.75], "rotation": 180, "texture": "#1"}
			}
		},
		{
			"from": [10, 10.3, -1],
			"to": [12, 12.3, 1],
			"rotation": {"angle": 0, "axis": "y", "origin": [0, -0.7, 0]},
			"faces": {
				"north": {"uv": [0.25, 0.25, 0.75, 0.75], "texture": "#1"},
				"east": {"uv": [1.25, 0.25, 1.75, 0.75], "texture": "#1"},
				"south": {"uv": [2.25, 0.25, 2.75, 0.75], "texture": "#1"},
				"west": {"uv": [3.25, 0.25, 3.75, 0.75], "texture": "#1"},
				"up": {"uv": [4.25, 0.25, 4.75, 0.75], "texture": "#1"},
				"down": {"uv": [5.25, 0.25, 5.75, 0.75], "texture": "#1"}
			}
		},
		{
			"from": [12, 11, -1],
			"to": [14, 13, 1],
			"faces": {
				"north": {"uv": [0, 0, 2, 2], "texture": "#2"},
				"east": {"uv": [0, 0, 2, 2], "texture": "#2"},
				"south": {"uv": [0, 0, 2, 2], "texture": "#2"},
				"west": {"uv": [0, 0, 2, 2], "texture": "#2"},
				"up": {"uv": [0, 0, 2, 2], "texture": "#2"},
				"down": {"uv": [0, 0, 2, 2], "texture": "#2"}
			}
		},
		{
			"from": [9, 27, 8],
			"to": [11, 28, 9],
			"rotation": {"angle": -45, "axis": "z", "origin": [-6, 13, 0]},
			"faces": {
				"north": {"uv": [0, 0, 2, 1], "texture": "#5"},
				"east": {"uv": [0, 0, 1, 1], "texture": "#5"},
				"south": {"uv": [0, 0, 2, 1], "texture": "#5"},
				"west": {"uv": [0, 0, 1, 1], "texture": "#5"},
				"up": {"uv": [0, 0, 2, 1], "texture": "#5"},
				"down": {"uv": [0, 0, 2, 1], "texture": "#5"}
			}
		},
		{
			"from": [10, 28, 8],
			"to": [12, 30, 9],
			"rotation": {"angle": -45, "axis": "z", "origin": [-6, 13, 0]},
			"faces": {
				"north": {"uv": [0, 0, 2, 2], "texture": "#5"},
				"east": {"uv": [0, 0, 1, 2], "texture": "#5"},
				"south": {"uv": [0, 0, 2, 2], "texture": "#5"},
				"west": {"uv": [0, 0, 1, 2], "texture": "#5"},
				"up": {"uv": [0, 0, 2, 1], "texture": "#5"},
				"down": {"uv": [0, 0, 2, 1], "texture": "#5"}
			}
		},
		{
			"from": [11, 29, 8],
			"to": [13, 31, 9],
			"rotation": {"angle": -45, "axis": "z", "origin": [-6, 13, 0]},
			"faces": {
				"north": {"uv": [0, 0, 2, 2], "texture": "#5"},
				"east": {"uv": [0, 0, 1, 2], "texture": "#5"},
				"south": {"uv": [0, 0, 2, 2], "texture": "#5"},
				"west": {"uv": [0, 0, 1, 2], "texture": "#5"},
				"up": {"uv": [0, 0, 2, 1], "texture": "#5"},
				"down": {"uv": [0, 0, 2, 1], "texture": "#5"}
			}
		},
		{
			"from": [12, 29, 7],
			"to": [15, 32, 10],
			"rotation": {"angle": -45, "axis": "z", "origin": [-6, 13, 0]},
			"faces": {
				"north": {"uv": [0, 0, 3, 3], "texture": "#0"},
				"east": {"uv": [0, 0, 3, 3], "texture": "#0"},
				"south": {"uv": [0, 0, 3, 3], "texture": "#0"},
				"west": {"uv": [0, 0, 3, 3], "texture": "#0"},
				"up": {"uv": [0, 0, 3, 3], "texture": "#0"},
				"down": {"uv": [0, 0, 3, 3], "texture": "#0"}
			}
		},
		{
			"from": [7.1, 13.1, 4],
			"to": [15.1, 15.1, 12],
			"rotation": {"angle": 22.5, "axis": "z", "origin": [3.1, -2.9, 0]},
			"faces": {
				"north": {"uv": [0, 0, 8, 2], "texture": "#3"},
				"east": {"uv": [0, 0, 8, 2], "texture": "#3"},
				"south": {"uv": [0, 0, 8, 2], "texture": "#3"},
				"west": {"uv": [0, 0, 8, 2], "texture": "#3"},
				"up": {"uv": [0, 0, 8, 8], "texture": "#3"},
				"down": {"uv": [0, 0, 8, 8], "texture": "#3"}
			}
		},
		{
			"from": [8.1, 15.1, 5],
			"to": [14.1, 22.1, 11],
			"rotation": {"angle": 22.5, "axis": "z", "origin": [3.1, -2.9, 0]},
			"faces": {
				"north": {"uv": [0.25, 0.25, 0.75, 0.75], "texture": "#3"},
				"east": {"uv": [1.25, 0.25, 1.75, 0.75], "texture": "#3"},
				"south": {"uv": [2.25, 0.25, 2.75, 0.75], "texture": "#3"},
				"west": {"uv": [3.25, 0.25, 3.75, 0.75], "texture": "#3"},
				"up": {"uv": [4.25, 0.25, 4.75, 0.75], "texture": "#3"},
				"down": {"uv": [5.25, 0.25, 5.75, 0.75], "texture": "#3"}
			}
		}
	]
}