{
	"credit": "Designed by TheIronCommander",
	"textures": {
		"light_brown": "block/peach",
		"black": "block/black",
		"toy_freddy_eye": "block/vinnie_eye",
		"planks_big_oak": "block/weird",
		"white": "block/white"
	},
	"elements": [
		{
			"from": [4.5, 2, 4],
			"to": [12.5, 9, 13],
			"rotation": {"angle": 0, "axis": "y", "origin": [0, -2, 2]},
			"faces": {
				"north": {"uv": [4.5, 5, 11.5, 12], "texture": "#white"},
				"east": {"uv": [7, 5, 12, 12], "texture": "#white"},
				"south": {"uv": [4.5, 5, 11.5, 12], "texture": "#white"},
				"west": {"uv": [4, 5, 9, 12], "texture": "#white"},
				"up": {"uv": [4.5, 4, 11.5, 9], "texture": "#white"},
				"down": {"uv": [11.5, 9, 4.5, 4], "texture": "#white"}
			}
		},
		{
			"from": [3, 7, 4],
			"to": [13, 9, 13],
			"rotation": {"angle": 0, "axis": "y", "origin": [0, -2, 2]},
			"faces": {
				"north": {"uv": [4, 6, 12, 12], "texture": "#white"},
				"east": {"uv": [7, 6, 12, 12], "texture": "#white"},
				"south": {"uv": [4, 6, 12, 12], "texture": "#white"},
				"west": {"uv": [4, 6, 9, 12], "texture": "#white"},
				"up": {"uv": [4, 4, 12, 9], "texture": "#white"},
				"down": {"uv": [12, 9, 4, 4], "texture": "#white"}
			}
		},
		{
			"from": [3, 1.5, 4.5],
			"to": [13, 7, 13],
			"rotation": {"angle": 0, "axis": "y", "origin": [0, -2, 2]},
			"faces": {
				"north": {"uv": [3.5, 7, 12.5, 13.5], "texture": "#white"},
				"east": {"uv": [7, 7, 11.5, 13.5], "texture": "#white"},
				"south": {"uv": [3.5, 7, 12.5, 13.5], "texture": "#white"},
				"west": {"uv": [4.5, 7, 9, 13.5], "texture": "#white"},
				"up": {"uv": [3.5, 4.5, 12.5, 9], "texture": "#white"},
				"down": {"uv": [12.5, 9, 3.5, 4.5], "texture": "#white"}
			}
		},
		{
			"from": [3, 1, 4],
			"to": [13, 8, 13],
			"rotation": {"angle": 0, "axis": "y", "origin": [0, -2, 2]},
			"faces": {
				"north": {"uv": [3, 9, 13, 13], "texture": "#white"},
				"east": {"uv": [7, 9, 11, 13], "texture": "#white"},
				"south": {"uv": [3, 9, 13, 13], "texture": "#white"},
				"west": {"uv": [5, 9, 9, 13], "texture": "#white"},
				"up": {"uv": [3, 5, 13, 9], "texture": "#white"},
				"down": {"uv": [13, 9, 3, 5], "texture": "#white"}
			}
		},
		{
			"from": [3, 0, 4],
			"to": [13, 3.5, 13],
			"rotation": {"angle": 0, "axis": "y", "origin": [0, -2, 2]},
			"faces": {
				"north": {"uv": [4, 10.5, 12, 14], "texture": "#white"},
				"east": {"uv": [7, 10.5, 12, 14], "texture": "#white"},
				"south": {"uv": [4, 10.5, 12, 14], "texture": "#white"},
				"west": {"uv": [4, 10.5, 9, 14], "texture": "#white"},
				"up": {"uv": [4, 4, 12, 9], "texture": "#white"},
				"down": {"uv": [12, 9, 4, 4], "texture": "#white"}
			}
		},
		{
			"from": [2, 7.5, 8],
			"to": [4, 8.5, 9],
			"rotation": {"angle": 0, "axis": "y", "origin": [0, -2, 2]},
			"faces": {
				"north": {"uv": [12, 3, 13, 5], "texture": "#planks_big_oak"},
				"east": {"uv": [7.5, 3, 8.5, 5], "texture": "#planks_big_oak"},
				"south": {"uv": [3, 3, 4, 5], "texture": "#planks_big_oak"},
				"west": {"uv": [7.5, 3, 8.5, 5], "texture": "#planks_big_oak"},
				"up": {"uv": [3, 7.5, 4, 8.5], "texture": "#planks_big_oak"},
				"down": {"uv": [13, 8.5, 12, 7.5], "texture": "#planks_big_oak"}
			}
		},
		{
			"from": [12, 7.5, 8],
			"to": [14, 8.5, 9],
			"rotation": {"angle": 0, "axis": "y", "origin": [0, -2, 2]},
			"faces": {
				"north": {"uv": [12, 3, 13, 5], "texture": "#planks_big_oak"},
				"east": {"uv": [7.5, 3, 8.5, 5], "texture": "#planks_big_oak"},
				"south": {"uv": [3, 3, 4, 5], "texture": "#planks_big_oak"},
				"west": {"uv": [7.5, 3, 8.5, 5], "texture": "#planks_big_oak"},
				"up": {"uv": [3, 7.5, 4, 8.5], "texture": "#planks_big_oak"},
				"down": {"uv": [13, 8.5, 12, 7.5], "texture": "#planks_big_oak"}
			}
		},
		{
			"from": [13.75, 7.25, 7.75],
			"to": [15.75, 8.75, 9.25],
			"rotation": {"angle": 0, "axis": "y", "origin": [0, -2, 2]},
			"faces": {
				"north": {"uv": [1.5, 4.5, 3.5, 6], "texture": "#white"},
				"east": {"uv": [5.5, 5, 7, 6.5], "texture": "#white"},
				"south": {"uv": [7.5, 11, 9.5, 12.5], "texture": "#white"},
				"west": {"uv": [5.5, 5, 7, 6.5], "texture": "#white"},
				"up": {"uv": [3.5, 5, 5.5, 6.5], "texture": "#white"},
				"down": {"uv": [3.5, 2, 5.5, 3.5], "texture": "#white"}
			}
		},
		{
			"from": [0.25, 7.25, 7.75],
			"to": [2.25, 8.75, 9.25],
			"rotation": {"angle": 0, "axis": "y", "origin": [0, -2, 2]},
			"faces": {
				"north": {"uv": [7.5, 11, 9.5, 12.5], "texture": "#white"},
				"east": {"uv": [5.5, 7, 7, 8.5], "texture": "#white"},
				"south": {"uv": [1, 5, 3, 6.5], "texture": "#white"},
				"west": {"uv": [5.5, 5, 7, 6.5], "texture": "#white"},
				"up": {"uv": [1, 5.5, 3, 7], "texture": "#white"},
				"down": {"uv": [5, 5, 3, 3.5], "texture": "#white"}
			}
		},
		{
			"from": [4.5, 10, 8],
			"to": [7.5, 11, 9],
			"rotation": {"angle": -45, "axis": "z", "origin": [4.5, 11, 8]},
			"faces": {
				"north": {"uv": [12, 3, 13, 5], "texture": "#planks_big_oak"},
				"east": {"uv": [7.5, 3, 8.5, 5], "texture": "#planks_big_oak"},
				"south": {"uv": [3, 3, 4, 5], "texture": "#planks_big_oak"},
				"west": {"uv": [7.5, 3, 8.5, 5], "texture": "#planks_big_oak"},
				"up": {"uv": [3, 7.5, 4, 8.5], "texture": "#planks_big_oak"},
				"down": {"uv": [13, 8.5, 12, 7.5], "texture": "#planks_big_oak"}
			}
		},
		{
			"from": [9, 8.5, 8],
			"to": [12, 9.5, 9],
			"rotation": {"angle": 45, "axis": "z", "origin": [10, 9.5, 8]},
			"faces": {
				"north": {"uv": [12, 3, 13, 5], "texture": "#planks_big_oak"},
				"east": {"uv": [7.5, 3, 8.5, 5], "texture": "#planks_big_oak"},
				"south": {"uv": [3, 3, 4, 5], "texture": "#planks_big_oak"},
				"west": {"uv": [7.5, 3, 8.5, 5], "texture": "#planks_big_oak"},
				"up": {"uv": [3, 7.5, 4, 8.5], "texture": "#planks_big_oak"},
				"down": {"uv": [13, 8.5, 12, 7.5], "texture": "#planks_big_oak"}
			}
		},
		{
			"from": [11.125, 10.25, 8],
			"to": [12.125, 11.75, 9],
			"rotation": {"angle": 0, "axis": "y", "origin": [0, -2, 2]},
			"faces": {
				"north": {"uv": [12, 3, 13, 5], "texture": "#planks_big_oak"},
				"east": {"uv": [7.5, 3, 8.5, 5], "texture": "#planks_big_oak"},
				"south": {"uv": [3, 3, 4, 5], "texture": "#planks_big_oak"},
				"west": {"uv": [7.5, 3, 8.5, 5], "texture": "#planks_big_oak"},
				"up": {"uv": [3, 7.5, 4, 8.5], "texture": "#planks_big_oak"},
				"down": {"uv": [13, 8.5, 12, 7.5], "texture": "#planks_big_oak"}
			}
		},
		{
			"from": [3.8125, 10.3125, 8],
			"to": [4.8125, 11.8125, 9],
			"rotation": {"angle": 0, "axis": "y", "origin": [0, -2, 2]},
			"faces": {
				"north": {"uv": [12, 3, 13, 5], "texture": "#planks_big_oak"},
				"east": {"uv": [7.5, 3, 8.5, 5], "texture": "#planks_big_oak"},
				"south": {"uv": [3, 3, 4, 5], "texture": "#planks_big_oak"},
				"west": {"uv": [7.5, 3, 8.5, 5], "texture": "#planks_big_oak"},
				"up": {"uv": [3, 7.5, 4, 8.5], "texture": "#planks_big_oak"},
				"down": {"uv": [13, 8.5, 12, 7.5], "texture": "#planks_big_oak"}
			}
		},
		{
			"from": [5, -0.5, 12.5],
			"to": [11, 0, 15],
			"rotation": {"angle": 0, "axis": "y", "origin": [0, -2, -10]},
			"faces": {
				"north": {"uv": [5, 13, 11, 14], "texture": "#light_brown"},
				"east": {"uv": [4, 13, 6, 14], "texture": "#light_brown"},
				"south": {"uv": [5, 13, 11, 14], "texture": "#light_brown"},
				"west": {"uv": [10, 13, 12, 14], "texture": "#light_brown"},
				"up": {"uv": [5, 10, 11, 12], "texture": "#light_brown"},
				"down": {"uv": [11, 12, 5, 10], "texture": "#light_brown"}
			}
		},
		{
			"from": [5, 4.5, 13],
			"to": [7, 6.75, 13.5],
			"rotation": {"angle": 0, "axis": "y", "origin": [0, -2, -10]},
			"faces": {
				"north": {"uv": [0, 0, 16, 16], "texture": "#toy_freddy_eye"},
				"east": {"uv": [14, 0, 16, 16], "texture": "#toy_freddy_eye"},
				"south": {"uv": [0, 0, 16, 16], "texture": "#toy_freddy_eye"},
				"west": {"uv": [0, 0, 2, 16], "texture": "#toy_freddy_eye"},
				"up": {"uv": [0, 0, 16, 2], "texture": "#toy_freddy_eye"},
				"down": {"uv": [0, 14.5, 16, 16], "texture": "#toy_freddy_eye"}
			}
		},
		{
			"from": [9, 4.5, 13],
			"to": [11, 6.75, 13.5],
			"rotation": {"angle": 0, "axis": "y", "origin": [0, -2, -10]},
			"faces": {
				"north": {"uv": [0, 0, 16, 16], "texture": "#toy_freddy_eye"},
				"east": {"uv": [14, 0, 16, 16], "texture": "#toy_freddy_eye"},
				"south": {"uv": [0, 0, 16, 16], "texture": "#toy_freddy_eye"},
				"west": {"uv": [0, 0, 2, 16], "texture": "#toy_freddy_eye"},
				"up": {"uv": [0, 0, 16, 2], "texture": "#toy_freddy_eye"},
				"down": {"uv": [0, 14.5, 16, 16], "texture": "#toy_freddy_eye"}
			}
		},
		{
			"from": [4.5, 7.75, 13],
			"to": [7, 8.25, 13.5],
			"rotation": {"angle": 0, "axis": "y", "origin": [0, -2, -10]},
			"faces": {
				"north": {"uv": [9, 5.75, 10.5, 6.25], "texture": "#black"},
				"east": {"uv": [6.5, 5.75, 7, 6.25], "texture": "#black"},
				"south": {"uv": [5.5, 5.75, 7, 6.25], "texture": "#black"},
				"west": {"uv": [9, 5.75, 9.5, 6.25], "texture": "#black"},
				"up": {"uv": [5.5, 9, 7, 9.5], "texture": "#black"},
				"down": {"uv": [10.5, 9.5, 9, 9], "texture": "#black"}
			}
		},
		{
			"from": [9, 7.75, 13],
			"to": [11.5, 8.25, 13.5],
			"rotation": {"angle": 0, "axis": "y", "origin": [0, -2, -10]},
			"faces": {
				"north": {"uv": [5.5, 5.75, 7, 6.25], "texture": "#black"},
				"east": {"uv": [6.5, 5.75, 7, 6.25], "texture": "#black"},
				"south": {"uv": [9, 5.75, 10.5, 6.25], "texture": "#black"},
				"west": {"uv": [9, 5.75, 9.5, 6.25], "texture": "#black"},
				"up": {"uv": [9, 9, 10.5, 9.5], "texture": "#black"},
				"down": {"uv": [7, 9.5, 5.5, 9], "texture": "#black"}
			}
		},
		{
			"from": [8.25, 1.5, 14.5],
			"to": [9.25, 2.5, 15],
			"rotation": {"angle": 0, "axis": "y", "origin": [0, -2, -10]},
			"faces": {
				"north": {"uv": [6.75, 11.5, 7.75, 12.5], "texture": "#white"},
				"east": {"uv": [5, 11.5, 5.5, 12.5], "texture": "#white"},
				"south": {"uv": [8.25, 11.5, 9.25, 12.5], "texture": "#white"},
				"west": {"uv": [10.5, 11.5, 11, 12.5], "texture": "#white"},
				"up": {"uv": [8.25, 10.5, 9.25, 11], "texture": "#white"},
				"down": {"uv": [7.75, 11, 6.75, 10.5], "texture": "#white"}
			}
		},
		{
			"from": [6.75, 1.5, 14.5],
			"to": [7.75, 2.5, 15],
			"rotation": {"angle": 0, "axis": "y", "origin": [0, -2, -10]},
			"faces": {
				"north": {"uv": [8.25, 11.5, 9.25, 12.5], "texture": "#white"},
				"east": {"uv": [5, 11.5, 5.5, 12.5], "texture": "#white"},
				"south": {"uv": [6.75, 11.5, 7.75, 12.5], "texture": "#white"},
				"west": {"uv": [10.5, 11.5, 11, 12.5], "texture": "#white"},
				"up": {"uv": [6.75, 10.5, 7.75, 11], "texture": "#white"},
				"down": {"uv": [9.25, 11, 8.25, 10.5], "texture": "#white"}
			}
		},
		{
			"from": [9.5, 0, 14],
			"to": [10.5, 1, 14.5],
			"rotation": {"angle": 0, "axis": "y", "origin": [0, -2, -10]},
			"faces": {
				"north": {"uv": [5.5, 13, 6.5, 14], "texture": "#white"},
				"east": {"uv": [5.5, 13, 6, 14], "texture": "#white"},
				"south": {"uv": [9.5, 13, 10.5, 14], "texture": "#white"},
				"west": {"uv": [10, 13, 10.5, 14], "texture": "#white"},
				"up": {"uv": [9.5, 10, 10.5, 10.5], "texture": "#white"},
				"down": {"uv": [6.5, 10.5, 5.5, 10], "texture": "#white"}
			}
		},
		{
			"from": [5.5, 0, 14],
			"to": [6.5, 1, 14.5],
			"rotation": {"angle": 0, "axis": "y", "origin": [0, -2, -10]},
			"faces": {
				"north": {"uv": [9.5, 13, 10.5, 14], "texture": "#white"},
				"east": {"uv": [5.5, 13, 6, 14], "texture": "#white"},
				"south": {"uv": [5.5, 13, 6.5, 14], "texture": "#white"},
				"west": {"uv": [10, 13, 10.5, 14], "texture": "#white"},
				"up": {"uv": [5.5, 10, 6.5, 10.5], "texture": "#white"},
				"down": {"uv": [10.5, 10.5, 9.5, 10], "texture": "#white"}
			}
		},
		{
			"from": [6.75, 0, 14],
			"to": [7.75, 1, 14.5],
			"rotation": {"angle": 0, "axis": "y", "origin": [0, -2, -10]},
			"faces": {
				"north": {"uv": [8.25, 13, 9.25, 14], "texture": "#white"},
				"east": {"uv": [5.5, 13, 6, 14], "texture": "#white"},
				"south": {"uv": [6.75, 13, 7.75, 14], "texture": "#white"},
				"west": {"uv": [10, 13, 10.5, 14], "texture": "#white"},
				"up": {"uv": [6.75, 10, 7.75, 10.5], "texture": "#white"},
				"down": {"uv": [9.25, 10.5, 8.25, 10], "texture": "#white"}
			}
		},
		{
			"from": [8.25, 0, 14],
			"to": [9.25, 1, 14.5],
			"rotation": {"angle": 0, "axis": "y", "origin": [0, -2, -10]},
			"faces": {
				"north": {"uv": [6.75, 13, 7.75, 14], "texture": "#white"},
				"east": {"uv": [5.5, 13, 6, 14], "texture": "#white"},
				"south": {"uv": [8.25, 13, 9.25, 14], "texture": "#white"},
				"west": {"uv": [10, 13, 10.5, 14], "texture": "#white"},
				"up": {"uv": [8.25, 10, 9.25, 10.5], "texture": "#white"},
				"down": {"uv": [7.75, 10.5, 6.75, 10], "texture": "#white"}
			}
		},
		{
			"from": [5, 0, 14.5],
			"to": [11, 0.5, 15],
			"rotation": {"angle": 0, "axis": "y", "origin": [0, -2, -10]},
			"faces": {
				"north": {"uv": [5, 13, 11, 14], "texture": "#light_brown"},
				"east": {"uv": [4, 13, 6, 14], "texture": "#light_brown"},
				"south": {"uv": [5, 13, 11, 14], "texture": "#light_brown"},
				"west": {"uv": [10, 13, 12, 14], "texture": "#light_brown"},
				"up": {"uv": [5, 10, 11, 12], "texture": "#light_brown"},
				"down": {"uv": [11, 12, 5, 10], "texture": "#light_brown"}
			}
		},
		{
			"from": [5, 0, 13],
			"to": [5.5, 0.5, 14.5],
			"rotation": {"angle": 0, "axis": "y", "origin": [0, -2, -10]},
			"faces": {
				"north": {"uv": [5, 13, 11, 14], "texture": "#light_brown"},
				"east": {"uv": [4, 13, 6, 14], "texture": "#light_brown"},
				"south": {"uv": [5, 13, 11, 14], "texture": "#light_brown"},
				"west": {"uv": [10, 13, 12, 14], "texture": "#light_brown"},
				"up": {"uv": [5, 10, 11, 12], "texture": "#light_brown"},
				"down": {"uv": [11, 12, 5, 10], "texture": "#light_brown"}
			}
		},
		{
			"from": [10.5, 0, 13],
			"to": [11, 0.5, 14.5],
			"rotation": {"angle": 0, "axis": "y", "origin": [0, -2, -10]},
			"faces": {
				"north": {"uv": [5, 13, 11, 14], "texture": "#light_brown"},
				"east": {"uv": [4, 13, 6, 14], "texture": "#light_brown"},
				"south": {"uv": [5, 13, 11, 14], "texture": "#light_brown"},
				"west": {"uv": [10, 13, 12, 14], "texture": "#light_brown"},
				"up": {"uv": [5, 10, 11, 12], "texture": "#light_brown"},
				"down": {"uv": [11, 12, 5, 10], "texture": "#light_brown"}
			}
		},
		{
			"from": [5, 4, 13],
			"to": [11, 4.5, 15.5],
			"rotation": {"angle": 0, "axis": "y", "origin": [0, -2, -10]},
			"faces": {
				"north": {"uv": [5, 13, 11, 14], "texture": "#light_brown"},
				"east": {"uv": [4, 13, 6, 14], "texture": "#light_brown"},
				"south": {"uv": [5, 13, 11, 14], "texture": "#light_brown"},
				"west": {"uv": [10, 13, 12, 14], "texture": "#light_brown"},
				"up": {"uv": [5, 10, 11, 12], "texture": "#light_brown"},
				"down": {"uv": [11, 12, 5, 10], "texture": "#light_brown"}
			}
		},
		{
			"from": [5, 2, 13],
			"to": [11, 3, 15.5],
			"rotation": {"angle": 0, "axis": "y", "origin": [0, -2, -10]},
			"faces": {
				"north": {"uv": [5, 13, 11, 14], "texture": "#light_brown"},
				"east": {"uv": [4, 13, 6, 14], "texture": "#light_brown"},
				"south": {"uv": [5, 13, 11, 14], "texture": "#light_brown"},
				"west": {"uv": [10, 13, 12, 14], "texture": "#light_brown"},
				"up": {"uv": [5, 10, 11, 12], "texture": "#light_brown"},
				"down": {"uv": [11, 12, 5, 10], "texture": "#light_brown"}
			}
		},
		{
			"from": [5, 3, 13],
			"to": [6, 4, 15.5],
			"rotation": {"angle": 0, "axis": "y", "origin": [0, -2, -10]},
			"faces": {
				"north": {"uv": [5, 13, 11, 14], "texture": "#light_brown"},
				"east": {"uv": [4, 13, 6, 14], "texture": "#light_brown"},
				"south": {"uv": [5, 13, 11, 14], "texture": "#light_brown"},
				"west": {"uv": [10, 13, 12, 14], "texture": "#light_brown"},
				"up": {"uv": [5, 10, 11, 12], "texture": "#light_brown"},
				"down": {"uv": [11, 12, 5, 10], "texture": "#light_brown"}
			}
		},
		{
			"from": [10, 3, 13],
			"to": [11, 4, 15.5],
			"rotation": {"angle": 0, "axis": "y", "origin": [0, -2, -10]},
			"faces": {
				"north": {"uv": [5, 13, 11, 14], "texture": "#light_brown"},
				"east": {"uv": [4, 13, 6, 14], "texture": "#light_brown"},
				"south": {"uv": [5, 13, 11, 14], "texture": "#light_brown"},
				"west": {"uv": [10, 13, 12, 14], "texture": "#light_brown"},
				"up": {"uv": [5, 10, 11, 12], "texture": "#light_brown"},
				"down": {"uv": [11, 12, 5, 10], "texture": "#light_brown"}
			}
		},
		{
			"from": [7.5, 3, 13],
			"to": [8.5, 4, 15.5],
			"rotation": {"angle": 0, "axis": "y", "origin": [0, -2, -10]},
			"faces": {
				"north": {"uv": [5, 13, 11, 14], "texture": "#light_brown"},
				"east": {"uv": [4, 13, 6, 14], "texture": "#light_brown"},
				"south": {"uv": [5, 13, 11, 14], "texture": "#light_brown"},
				"west": {"uv": [10, 13, 12, 14], "texture": "#light_brown"},
				"up": {"uv": [5, 10, 11, 12], "texture": "#light_brown"},
				"down": {"uv": [11, 12, 5, 10], "texture": "#light_brown"}
			}
		},
		{
			"from": [8.5, 3, 14.5],
			"to": [10, 4, 15],
			"rotation": {"angle": 0, "axis": "y", "origin": [0, -2, -10]},
			"faces": {
				"north": {"uv": [6, 10, 7.5, 11], "texture": "#black"},
				"east": {"uv": [5, 10, 5.5, 11], "texture": "#black"},
				"south": {"uv": [8.5, 10, 10, 11], "texture": "#black"},
				"west": {"uv": [10.5, 10, 11, 11], "texture": "#black"},
				"up": {"uv": [8.5, 10.5, 10, 11], "texture": "#black"},
				"down": {"uv": [7.5, 11, 6, 10.5], "texture": "#black"}
			}
		},
		{
			"from": [6, 3, 14.5],
			"to": [7.5, 4, 15],
			"rotation": {"angle": 0, "axis": "y", "origin": [0, -2, -10]},
			"faces": {
				"north": {"uv": [8.5, 10, 10, 11], "texture": "#black"},
				"east": {"uv": [5, 10, 5.5, 11], "texture": "#black"},
				"south": {"uv": [6, 10, 7.5, 11], "texture": "#black"},
				"west": {"uv": [10.5, 10, 11, 11], "texture": "#black"},
				"up": {"uv": [6, 10.5, 7.5, 11], "texture": "#black"},
				"down": {"uv": [10, 11, 8.5, 10.5], "texture": "#black"}
			}
		},
		{
			"from": [9.5, 1.5, 14.5],
			"to": [10.5, 2.5, 15],
			"rotation": {"angle": 0, "axis": "y", "origin": [0, -2, -10]},
			"faces": {
				"north": {"uv": [5.5, 11.5, 6.5, 12.5], "texture": "#white"},
				"east": {"uv": [5, 11.5, 5.5, 12.5], "texture": "#white"},
				"south": {"uv": [9.5, 11.5, 10.5, 12.5], "texture": "#white"},
				"west": {"uv": [10.5, 11.5, 11, 12.5], "texture": "#white"},
				"up": {"uv": [9.5, 10.5, 10.5, 11], "texture": "#white"},
				"down": {"uv": [6.5, 11, 5.5, 10.5], "texture": "#white"}
			}
		},
		{
			"from": [5.5, 1.5, 14.5],
			"to": [6.5, 2.5, 15],
			"rotation": {"angle": 0, "axis": "y", "origin": [0, -2, -10]},
			"faces": {
				"north": {"uv": [9.5, 11.5, 10.5, 12.5], "texture": "#white"},
				"east": {"uv": [5, 11.5, 5.5, 12.5], "texture": "#white"},
				"south": {"uv": [5.5, 11.5, 6.5, 12.5], "texture": "#white"},
				"west": {"uv": [10.5, 11.5, 11, 12.5], "texture": "#white"},
				"up": {"uv": [5.5, 10.5, 6.5, 11], "texture": "#white"},
				"down": {"uv": [10.5, 11, 9.5, 10.5], "texture": "#white"}
			}
		},
		{
			"from": [5, 0.5, 13],
			"to": [11, 2, 13.25],
			"rotation": {"angle": 0, "axis": "y", "origin": [0, -2, -10]},
			"faces": {
				"north": {"uv": [5, 12, 11, 13.5], "texture": "#black"},
				"east": {"uv": [6.75, 12, 7, 13.5], "texture": "#black"},
				"south": {"uv": [5, 12, 11, 13.5], "texture": "#black"},
				"west": {"uv": [9, 12, 9.25, 13.5], "texture": "#black"},
				"up": {"uv": [5, 9, 11, 9.25], "texture": "#black"},
				"down": {"uv": [11, 9.25, 5, 9], "texture": "#black"}
			}
		}
	],
	"display": {
		"ground": {
			"translation": [0, 4.72, 0]
		},
		"gui": {
			"rotation": [-30, 135, 0],
			"scale": [1, 1, 1.6]
		},
		"head": {
			"rotation": [0, 180, 0],
			"translation": [0, 5, 12.5],
			"scale": [1.8, 1.8, 1.8]
		},
		"fixed": {
			"rotation": [0, 180, 0],
			"translation": [0, 3, 0],
			"scale": [4, 4, 1.83]
		}
	},
	"groups": [
		0,
		1,
		2,
		3,
		4,
		5,
		6,
		7,
		8,
		9,
		10,
		11,
		12,
		{
			"name": "group",
			"origin": [0, -1, -4],
			"color": 0,
			"children": [13, 14, 15, 16, 17, 18, 19, 20, 21, 22, 23, 24, 25, 26, 27, 28, 29, 30, 31, 32, 33, 34, 35, 36]
		}
	]
}