{
	"credit": "Made with Blockbench",
	"texture_size": [32, 32],
	"textures": {
		"0": "block/laptop",
		"particle": "block/laptop"
	},
	"elements": [
		{
			"from": [-5, 0, 6],
			"to": [3, 1, 17],
			"rotation": {"angle": 45, "axis": "y", "origin": [0, 0, 0]},
			"faces": {
				"north": {"uv": [8, 1, 12, 1.5], "texture": "#0"},
				"east": {"uv": [8, 0, 13.5, 0.5], "texture": "#0"},
				"south": {"uv": [8, 1.5, 12, 2], "texture": "#0"},
				"west": {"uv": [8, 0.5, 13.5, 1], "texture": "#0"},
				"up": {"uv": [4, 5.5, 0, 0], "texture": "#0"},
				"down": {"uv": [8, 0, 4, 5.5], "texture": "#0"}
			}
		},
		{
			"from": [2, 1, 6],
			"to": [3, 9, 17],
			"rotation": {"angle": 45, "axis": "y", "origin": [0, 0, 0]},
			"faces": {
				"north": {"uv": [1, 9.5, 1.5, 13.5], "texture": "#0"},
				"east": {"uv": [0, 5.5, 5.5, 9.5], "texture": "#0"},
				"south": {"uv": [1.5, 9.5, 2, 13.5], "texture": "#0"},
				"west": {"uv": [5.5, 5.5, 11, 9.5], "texture": "#0"},
				"up": {"uv": [0.5, 15, 0, 9.5], "texture": "#0"},
				"down": {"uv": [1, 9.5, 0.5, 15], "texture": "#0"}
			}
		}
	],
	"display": {
		"thirdperson_righthand": {
			"rotation": [170.75, 62.72, -172.38],
			"translation": [-2, 8.5, 4]
		},
		"gui": {
			"rotation": [28, 78, 0],
			"translation": [0, 3.25, 0]
		}
	}
}