{
	"credit": "Made with Blockbench",
	"textures": {
		"0": "block/soda",
		"1": "block/soda2",
		"2": "block/white",
		"particle": "block/soda"
	},
	"elements": [
		{
			"from": [6, 0, 6],
			"to": [10, 6, 10],
			"faces": {
				"north": {"uv": [0, 0, 4, 6], "texture": "#0"},
				"east": {"uv": [0, 0, 4, 6], "texture": "#0"},
				"south": {"uv": [0, 0, 4, 6], "texture": "#0"},
				"west": {"uv": [0, 0, 4, 6], "texture": "#0"},
				"up": {"uv": [0, 0, 4, 4], "texture": "#0"},
				"down": {"uv": [0, 0, 4, 4], "texture": "#0"}
			}
		},
		{
			"from": [6, 6, 6],
			"to": [10, 7, 10],
			"faces": {
				"north": {"uv": [4, 0, 8, 1], "texture": "#0"},
				"east": {"uv": [4, 1, 8, 2], "texture": "#0"},
				"south": {"uv": [4, 2, 8, 3], "texture": "#0"},
				"west": {"uv": [4, 3, 8, 4], "texture": "#0"},
				"up": {"uv": [4, 4, 0, 0], "texture": "#0"},
				"down": {"uv": [4, 4, 0, 8], "texture": "#0"}
			}
		},
		{
			"from": [6, 7, 6],
			"to": [10, 8, 10],
			"faces": {
				"north": {"uv": [0, 8, 4, 9], "texture": "#1"},
				"east": {"uv": [8, 0, 12, 1], "texture": "#1"},
				"south": {"uv": [8, 1, 12, 2], "texture": "#1"},
				"west": {"uv": [8, 2, 12, 3], "texture": "#1"},
				"up": {"uv": [4, 4, 0, 0], "texture": "#1"},
				"down": {"uv": [4, 4, 0, 8], "texture": "#1"}
			}
		},
		{
			"from": [7, 8, 7],
			"to": [8, 12, 8],
			"faces": {
				"north": {"uv": [0, 0, 1, 4], "texture": "#2"},
				"east": {"uv": [0, 0, 1, 4], "texture": "#2"},
				"south": {"uv": [0, 0, 1, 4], "texture": "#2"},
				"west": {"uv": [0, 0, 1, 4], "texture": "#2"},
				"up": {"uv": [0, 0, 1, 1], "texture": "#2"},
				"down": {"uv": [0, 0, 1, 1], "texture": "#2"}
			}
		},
		{
			"from": [7, 12, 7],
			"to": [11, 13, 8],
			"faces": {
				"north": {"uv": [0, 0, 4, 1], "texture": "#2"},
				"east": {"uv": [0, 0, 1, 1], "texture": "#2"},
				"south": {"uv": [0, 0, 4, 1], "texture": "#2"},
				"west": {"uv": [0, 0, 1, 1], "texture": "#2"},
				"up": {"uv": [0, 0, 4, 1], "texture": "#2"},
				"down": {"uv": [0, 0, 4, 1], "texture": "#2"}
			}
		}
	],
	"display": {}
}