{
"comment": "Designed by Theironcommander with BDcraft Cubik PRO 0.93 Beta - http://bdcraft.net",
"textures": {
    "particle": "block/gray",
    "texture": "block/gray",
    "switch": "block/switch_red"
},
"elements": [ 
{
    "from": [ 4, 0, 4 ],
    "to": [ 12, 1, 12 ],
    "faces": {
        "down":  { "uv": [ 12, 12, 4, 4 ], "texture": "#texture" },
        "up":    { "uv": [ 4, 4, 12, 12 ], "texture": "#texture" },
        "north": { "uv": [ 4, 15, 12, 16 ], "texture": "#texture" },
        "south": { "uv": [ 4, 15, 12, 16 ], "texture": "#texture" },
        "west":  { "uv": [ 4, 15, 12, 16 ], "texture": "#texture" },
        "east":  { "uv": [ 4, 15, 12, 16 ], "texture": "#texture" }
    }
},
{
    "from": [ 4.5, 0.5, 4.5 ],
    "to": [ 11.5, 1.5, 11.5 ],
    "faces": {
        "down":  { "uv": [ 0, 0, 16, 16 ], "texture": "#switch" },
        "up":    { "uv": [ 0, 0, 16, 16 ], "texture": "#switch" },
        "north": { "uv": [ 0, 15, 16, 16 ], "texture": "#switch" },
        "south": { "uv": [ 0, 15, 16, 16 ], "texture": "#switch" },
        "west":  { "uv": [ 0, 15, 16, 16 ], "texture": "#switch" },
        "east":  { "uv": [ 0, 15, 16, 16 ], "texture": "#switch" }
    }
}
]
}