{
	"credit": "Made with Blockbench",
	"textures": {
		"0": "block/freddyskin1",
		"1": "block/blue",
		"2": "block/white",
		"3": "block/black",
		"4": "block/freddyskin2",
		"5": "block/gray",
		"particle": "block/freddyskin1"
	},
	"elements": [
		{
			"from": [0, 0, 0],
			"to": [16, 16, 16],
			"faces": {
				"north": {"uv": [0, 0, 4, 4], "texture": "#0"},
				"east": {"uv": [4, 0, 7.25, 4], "texture": "#0"},
				"south": {"uv": [0, 4, 4, 8], "texture": "#0"},
				"west": {"uv": [4, 4, 7.25, 8], "texture": "#0"},
				"up": {"uv": [11.25, 3.25, 7.25, 0], "texture": "#0"},
				"down": {"uv": [11.25, 3.25, 7.25, 6.5], "texture": "#0"}
			}
		},
		{
			"from": [13, 5, -1],
			"to": [14, 6, 0],
			"faces": {
				"north": {"uv": [12.25, 5.75, 12.5, 6], "texture": "#2"},
				"east": {"uv": [6, 12.25, 6.25, 12.5], "texture": "#2"},
				"south": {"uv": [12.25, 6, 12.5, 6.25], "texture": "#2"},
				"west": {"uv": [6.25, 12.25, 6.5, 12.5], "texture": "#2"},
				"up": {"uv": [12.5, 6.5, 12.25, 6.25], "texture": "#2"},
				"down": {"uv": [6.75, 12.25, 6.5, 12.5], "texture": "#2"}
			}
		},
		{
			"from": [13, 3, -1],
			"to": [14, 4, 0],
			"faces": {
				"north": {"uv": [12.25, 1.25, 12.5, 1.5], "texture": "#2"},
				"east": {"uv": [12.25, 1.5, 12.5, 1.75], "texture": "#2"},
				"south": {"uv": [12.25, 1.75, 12.5, 2], "texture": "#2"},
				"west": {"uv": [12.25, 2, 12.5, 2.25], "texture": "#2"},
				"up": {"uv": [12.5, 2.5, 12.25, 2.25], "texture": "#2"},
				"down": {"uv": [12.5, 2.5, 12.25, 2.75], "texture": "#2"}
			}
		},
		{
			"from": [2, 5, -1],
			"to": [3, 6, 0],
			"faces": {
				"north": {"uv": [12.25, 7.25, 12.5, 7.5], "texture": "#2"},
				"east": {"uv": [7.5, 12.25, 7.75, 12.5], "texture": "#2"},
				"south": {"uv": [12.25, 7.5, 12.5, 7.75], "texture": "#2"},
				"west": {"uv": [7.75, 12.25, 8, 12.5], "texture": "#2"},
				"up": {"uv": [12.5, 8, 12.25, 7.75], "texture": "#2"},
				"down": {"uv": [8.25, 12.25, 8, 12.5], "texture": "#2"}
			}
		},
		{
			"from": [2, 3, -1],
			"to": [3, 4, 0],
			"faces": {
				"north": {"uv": [12.25, 2.75, 12.5, 3], "texture": "#2"},
				"east": {"uv": [12.25, 3, 12.5, 3.25], "texture": "#2"},
				"south": {"uv": [12.25, 3.25, 12.5, 3.5], "texture": "#2"},
				"west": {"uv": [12.25, 3.5, 12.5, 3.75], "texture": "#2"},
				"up": {"uv": [12.5, 4, 12.25, 3.75], "texture": "#2"},
				"down": {"uv": [12.5, 4, 12.25, 4.25], "texture": "#2"}
			}
		},
		{
			"from": [2, 3, -3],
			"to": [4, 4, -2],
			"faces": {
				"north": {"uv": [12, 10.75, 12.5, 11], "texture": "#2"},
				"east": {"uv": [12.25, 5.5, 12.5, 5.75], "texture": "#2"},
				"south": {"uv": [11, 12, 11.5, 12.25], "texture": "#2"},
				"west": {"uv": [5.75, 12.25, 6, 12.5], "texture": "#2"},
				"up": {"uv": [12.5, 11.25, 12, 11], "texture": "#2"},
				"down": {"uv": [12.5, 11.25, 12, 11.5], "texture": "#2"}
			}
		},
		{
			"from": [2, 5, -3],
			"to": [4, 6, -2],
			"faces": {
				"north": {"uv": [12.25, 0.5, 12.75, 0.75], "texture": "#2"},
				"east": {"uv": [12.25, 7, 12.5, 7.25], "texture": "#2"},
				"south": {"uv": [12.25, 0.75, 12.75, 1], "texture": "#2"},
				"west": {"uv": [7.25, 12.25, 7.5, 12.5], "texture": "#2"},
				"up": {"uv": [1.5, 12.5, 1, 12.25], "texture": "#2"},
				"down": {"uv": [12.75, 1, 12.25, 1.25], "texture": "#2"}
			}
		},
		{
			"from": [5, 5, -3],
			"to": [7, 6, -2],
			"faces": {
				"north": {"uv": [0, 12.25, 0.5, 12.5], "texture": "#2"},
				"east": {"uv": [12.25, 6.75, 12.5, 7], "texture": "#2"},
				"south": {"uv": [12.25, 0, 12.75, 0.25], "texture": "#2"},
				"west": {"uv": [7, 12.25, 7.25, 12.5], "texture": "#2"},
				"up": {"uv": [12.75, 0.5, 12.25, 0.25], "texture": "#2"},
				"down": {"uv": [1, 12.25, 0.5, 12.5], "texture": "#2"}
			}
		},
		{
			"from": [5, 3, -3],
			"to": [7, 4, -2],
			"faces": {
				"north": {"uv": [12, 10, 12.5, 10.25], "texture": "#2"},
				"east": {"uv": [12.25, 5.25, 12.5, 5.5], "texture": "#2"},
				"south": {"uv": [12, 10.25, 12.5, 10.5], "texture": "#2"},
				"west": {"uv": [5.5, 12.25, 5.75, 12.5], "texture": "#2"},
				"up": {"uv": [11, 12.25, 10.5, 12], "texture": "#2"},
				"down": {"uv": [12.5, 10.5, 12, 10.75], "texture": "#2"}
			}
		},
		{
			"from": [12, 5, -3],
			"to": [14, 6, -2],
			"faces": {
				"north": {"uv": [11.5, 12, 12, 12.25], "texture": "#2"},
				"east": {"uv": [12.25, 6.5, 12.5, 6.75], "texture": "#2"},
				"south": {"uv": [12, 11.5, 12.5, 11.75], "texture": "#2"},
				"west": {"uv": [6.75, 12.25, 7, 12.5], "texture": "#2"},
				"up": {"uv": [12.5, 12, 12, 11.75], "texture": "#2"},
				"down": {"uv": [12.5, 12, 12, 12.25], "texture": "#2"}
			}
		},
		{
			"from": [9, 5, -3],
			"to": [11, 6, -2],
			"faces": {
				"north": {"uv": [12, 9.25, 12.5, 9.5], "texture": "#2"},
				"east": {"uv": [12.25, 4.75, 12.5, 5], "texture": "#2"},
				"south": {"uv": [12, 9.5, 12.5, 9.75], "texture": "#2"},
				"west": {"uv": [12.25, 5, 12.5, 5.25], "texture": "#2"},
				"up": {"uv": [12.5, 10, 12, 9.75], "texture": "#2"},
				"down": {"uv": [10.5, 12, 10, 12.25], "texture": "#2"}
			}
		},
		{
			"from": [9, 3, -3],
			"to": [11, 4, -2],
			"faces": {
				"north": {"uv": [7.5, 12, 8, 12.25], "texture": "#2"},
				"east": {"uv": [12.25, 4.25, 12.5, 4.5], "texture": "#2"},
				"south": {"uv": [12, 8.5, 12.5, 8.75], "texture": "#2"},
				"west": {"uv": [12.25, 4.5, 12.5, 4.75], "texture": "#2"},
				"up": {"uv": [12.5, 9, 12, 8.75], "texture": "#2"},
				"down": {"uv": [12.5, 9, 12, 9.25], "texture": "#2"}
			}
		},
		{
			"from": [12, 3, -3],
			"to": [14, 4, -2],
			"faces": {
				"north": {"uv": [5.5, 12, 6, 12.25], "texture": "#2"},
				"east": {"uv": [7, 8, 7.25, 8.25], "texture": "#2"},
				"south": {"uv": [6, 12, 6.5, 12.25], "texture": "#2"},
				"west": {"uv": [7, 8.25, 7.25, 8.5], "texture": "#2"},
				"up": {"uv": [7, 12.25, 6.5, 12], "texture": "#2"},
				"down": {"uv": [7.5, 12, 7, 12.25], "texture": "#2"}
			}
		},
		{
			"from": [1, 0, -3],
			"to": [15, 3, 0],
			"faces": {
				"north": {"uv": [6.25, 0.25, 6.75, 0.75], "texture": "#0"},
				"east": {"uv": [7.25, 0.25, 7.75, 0.75], "texture": "#0"},
				"south": {"uv": [8.25, 0.25, 8.75, 0.75], "texture": "#0"},
				"west": {"uv": [9.25, 0.25, 9.75, 0.75], "texture": "#0"},
				"up": {"uv": [10.25, 0.25, 10.75, 0.75], "texture": "#0"},
				"down": {"uv": [11.25, 0.25, 11.75, 0.75], "texture": "#0"}
			}
		},
		{
			"from": [1, 6, -3],
			"to": [15, 9, 1],
			"faces": {
				"north": {"uv": [0.25, 0.25, 0.75, 0.75], "texture": "#4"},
				"east": {"uv": [1.25, 0.25, 1.75, 0.75], "texture": "#4"},
				"south": {"uv": [2.25, 0.25, 2.75, 0.75], "texture": "#4"},
				"west": {"uv": [3.25, 0.25, 3.75, 0.75], "texture": "#4"},
				"up": {"uv": [4.25, 0.25, 4.75, 0.75], "texture": "#4"},
				"down": {"uv": [5.25, 0.25, 5.75, 0.75], "texture": "#4"}
			}
		},
		{
			"from": [7, 8, -4],
			"to": [9, 10, -2],
			"faces": {
				"north": {"uv": [0.25, 0.25, 0.75, 0.75], "texture": "#3"},
				"east": {"uv": [1.25, 0.25, 1.75, 0.75], "texture": "#3"},
				"south": {"uv": [2.25, 0.25, 2.75, 0.75], "texture": "#3"},
				"west": {"uv": [3.25, 0.25, 3.75, 0.75], "texture": "#3"},
				"up": {"uv": [4.25, 0.25, 4.75, 0.75], "texture": "#3"},
				"down": {"uv": [5.25, 0.25, 5.75, 0.75], "texture": "#3"}
			}
		},
		{
			"from": [2, 11, -1],
			"to": [4, 13, 1],
			"faces": {
				"north": {"uv": [0, 0, 2, 2], "texture": "#2"},
				"east": {"uv": [0, 0, 2, 2], "texture": "#2"},
				"south": {"uv": [0, 0, 2, 2], "texture": "#2"},
				"west": {"uv": [0, 0, 2, 2], "texture": "#2"},
				"up": {"uv": [0, 0, 2, 2], "rotation": 180, "texture": "#2"},
				"down": {"uv": [0, 0, 2, 2], "rotation": 180, "texture": "#2"}
			}
		},
		{
			"from": [4, 11, -1],
			"to": [6, 13, 1],
			"faces": {
				"north": {"uv": [2.25, 0.25, 2.75, 0.75], "texture": "#1"},
				"east": {"uv": [3.25, 0.25, 3.75, 0.75], "texture": "#1"},
				"south": {"uv": [0.25, 0.25, 0.75, 0.75], "texture": "#1"},
				"west": {"uv": [1.25, 0.25, 1.75, 0.75], "texture": "#1"},
				"up": {"uv": [4.25, 0.25, 4.75, 0.75], "rotation": 180, "texture": "#1"},
				"down": {"uv": [5.25, 0.25, 5.75, 0.75], "rotation": 180, "texture": "#1"}
			}
		},
		{
			"from": [10, 11, -1],
			"to": [12, 13, 1],
			"faces": {
				"north": {"uv": [0.25, 0.25, 0.75, 0.75], "texture": "#1"},
				"east": {"uv": [1.25, 0.25, 1.75, 0.75], "texture": "#1"},
				"south": {"uv": [2.25, 0.25, 2.75, 0.75], "texture": "#1"},
				"west": {"uv": [3.25, 0.25, 3.75, 0.75], "texture": "#1"},
				"up": {"uv": [4.25, 0.25, 4.75, 0.75], "texture": "#1"},
				"down": {"uv": [5.25, 0.25, 5.75, 0.75], "texture": "#1"}
			}
		},
		{
			"from": [12, 11, -1],
			"to": [14, 13, 1],
			"faces": {
				"north": {"uv": [0, 0, 2, 2], "texture": "#2"},
				"east": {"uv": [0, 0, 2, 2], "texture": "#2"},
				"south": {"uv": [0, 0, 2, 2], "texture": "#2"},
				"west": {"uv": [0, 0, 2, 2], "texture": "#2"},
				"up": {"uv": [0, 0, 2, 2], "texture": "#2"},
				"down": {"uv": [0, 0, 2, 2], "texture": "#2"}
			}
		},
		{
			"from": [15, 14, 8],
			"to": [17, 15, 9],
			"faces": {
				"north": {"uv": [0, 0, 2, 1], "texture": "#5"},
				"east": {"uv": [0, 0, 1, 1], "texture": "#5"},
				"south": {"uv": [0, 0, 2, 1], "texture": "#5"},
				"west": {"uv": [0, 0, 1, 1], "texture": "#5"},
				"up": {"uv": [0, 0, 2, 1], "texture": "#5"},
				"down": {"uv": [0, 0, 2, 1], "texture": "#5"}
			}
		},
		{
			"from": [16, 15, 8],
			"to": [18, 17, 9],
			"faces": {
				"north": {"uv": [0, 0, 2, 2], "texture": "#5"},
				"east": {"uv": [0, 0, 1, 2], "texture": "#5"},
				"south": {"uv": [0, 0, 2, 2], "texture": "#5"},
				"west": {"uv": [0, 0, 1, 2], "texture": "#5"},
				"up": {"uv": [0, 0, 2, 1], "texture": "#5"},
				"down": {"uv": [0, 0, 2, 1], "texture": "#5"}
			}
		},
		{
			"from": [17, 16, 8],
			"to": [19, 18, 9],
			"faces": {
				"north": {"uv": [0, 0, 2, 2], "texture": "#5"},
				"east": {"uv": [0, 0, 1, 2], "texture": "#5"},
				"south": {"uv": [0, 0, 2, 2], "texture": "#5"},
				"west": {"uv": [0, 0, 1, 2], "texture": "#5"},
				"up": {"uv": [0, 0, 2, 1], "texture": "#5"},
				"down": {"uv": [0, 0, 2, 1], "texture": "#5"}
			}
		},
		{
			"from": [18, 16, 7],
			"to": [21, 19, 10],
			"faces": {
				"north": {"uv": [0, 0, 3, 3], "texture": "#0"},
				"east": {"uv": [0, 0, 3, 3], "texture": "#0"},
				"south": {"uv": [0, 0, 3, 3], "texture": "#0"},
				"west": {"uv": [0, 0, 3, 3], "texture": "#0"},
				"up": {"uv": [0, 0, 3, 3], "texture": "#0"},
				"down": {"uv": [0, 0, 3, 3], "texture": "#0"}
			}
		},
		{
			"from": [-5, 16, 7],
			"to": [-2, 19, 10],
			"faces": {
				"north": {"uv": [0, 0, 3, 3], "texture": "#0"},
				"east": {"uv": [0, 0, 3, 3], "texture": "#0"},
				"south": {"uv": [0, 0, 3, 3], "texture": "#0"},
				"west": {"uv": [0, 0, 3, 3], "texture": "#0"},
				"up": {"uv": [0, 0, 3, 3], "rotation": 180, "texture": "#0"},
				"down": {"uv": [0, 0, 3, 3], "rotation": 180, "texture": "#0"}
			}
		},
		{
			"from": [-3, 16, 8],
			"to": [-1, 18, 9],
			"faces": {
				"north": {"uv": [0, 0, 2, 2], "texture": "#5"},
				"east": {"uv": [0, 0, 1, 2], "texture": "#5"},
				"south": {"uv": [0, 0, 2, 2], "texture": "#5"},
				"west": {"uv": [0, 0, 1, 2], "texture": "#5"},
				"up": {"uv": [0, 0, 2, 1], "rotation": 180, "texture": "#5"},
				"down": {"uv": [0, 0, 2, 1], "rotation": 180, "texture": "#5"}
			}
		},
		{
			"from": [-2, 15, 8],
			"to": [0, 17, 9],
			"faces": {
				"north": {"uv": [0, 0, 2, 2], "texture": "#5"},
				"east": {"uv": [0, 0, 1, 2], "texture": "#5"},
				"south": {"uv": [0, 0, 2, 2], "texture": "#5"},
				"west": {"uv": [0, 0, 1, 2], "texture": "#5"},
				"up": {"uv": [0, 0, 2, 1], "rotation": 180, "texture": "#5"},
				"down": {"uv": [0, 0, 2, 1], "rotation": 180, "texture": "#5"}
			}
		},
		{
			"from": [-1, 14, 8],
			"to": [1, 15, 9],
			"faces": {
				"north": {"uv": [0, 0, 2, 1], "texture": "#5"},
				"east": {"uv": [0, 0, 1, 1], "texture": "#5"},
				"south": {"uv": [0, 0, 2, 1], "texture": "#5"},
				"west": {"uv": [0, 0, 1, 1], "texture": "#5"},
				"up": {"uv": [0, 0, 2, 1], "rotation": 180, "texture": "#5"},
				"down": {"uv": [0, 0, 2, 1], "rotation": 180, "texture": "#5"}
			}
		},
		{
			"from": [4, 16, 4],
			"to": [12, 18, 12],
			"faces": {
				"north": {"uv": [0, 0, 8, 2], "texture": "#3"},
				"east": {"uv": [0, 0, 8, 2], "texture": "#3"},
				"south": {"uv": [0, 0, 8, 2], "texture": "#3"},
				"west": {"uv": [0, 0, 8, 2], "texture": "#3"},
				"up": {"uv": [0, 0, 8, 8], "texture": "#3"},
				"down": {"uv": [0, 0, 8, 8], "texture": "#3"}
			}
		},
		{
			"from": [5, 18, 5],
			"to": [11, 25, 11],
			"faces": {
				"north": {"uv": [0.25, 0.25, 0.75, 0.75], "texture": "#3"},
				"east": {"uv": [1.25, 0.25, 1.75, 0.75], "texture": "#3"},
				"south": {"uv": [2.25, 0.25, 2.75, 0.75], "texture": "#3"},
				"west": {"uv": [3.25, 0.25, 3.75, 0.75], "texture": "#3"},
				"up": {"uv": [4.25, 0.25, 4.75, 0.75], "texture": "#3"},
				"down": {"uv": [5.25, 0.25, 5.75, 0.75], "texture": "#3"}
			}
		}
	]
}