{
	"credit": "Made with Blockbench",
	"textures": {
		"0": "block/white",
		"1": "block/black",
		"2": "block/gpurple",
		"3": "block/chica",
		"4": "block/orange",
		"particle": "block/white"
	},
	"elements": [
		{
			"from": [0, 0, 0],
			"to": [16, 16, 16],
			"faces": {
				"north": {"uv": [0, 0, 4, 4], "texture": "#3"},
				"east": {"uv": [4, 0, 7.25, 4], "texture": "#3"},
				"south": {"uv": [0, 4, 4, 8], "texture": "#3"},
				"west": {"uv": [4, 4, 7.25, 8], "texture": "#3"},
				"up": {"uv": [11.25, 3.25, 7.25, 0], "texture": "#3"},
				"down": {"uv": [11.25, 3.25, 7.25, 6.5], "texture": "#3"}
			}
		},
		{
			"from": [12, 8, -1],
			"to": [14, 10, 1],
			"faces": {
				"north": {"uv": [0, 0, 2, 2], "texture": "#0"},
				"east": {"uv": [0, 0, 2, 2], "texture": "#0"},
				"south": {"uv": [0, 0, 2, 2], "texture": "#0"},
				"west": {"uv": [0, 0, 2, 2], "texture": "#0"},
				"up": {"uv": [0, 0, 2, 2], "texture": "#0"},
				"down": {"uv": [0, 0, 2, 2], "texture": "#0"}
			}
		},
		{
			"from": [10, 8, -1],
			"to": [12, 10, 1],
			"faces": {
				"north": {"uv": [0.25, 0.25, 0.75, 0.75], "texture": "#2"},
				"east": {"uv": [1.25, 0.25, 1.75, 0.75], "texture": "#2"},
				"south": {"uv": [2.25, 0.25, 2.75, 0.75], "texture": "#2"},
				"west": {"uv": [3.25, 0.25, 3.75, 0.75], "texture": "#2"},
				"up": {"uv": [4.25, 0.25, 4.75, 0.75], "texture": "#2"},
				"down": {"uv": [5.25, 0.25, 5.75, 0.75], "texture": "#2"}
			}
		},
		{
			"from": [4, 8, -1],
			"to": [6, 10, 1],
			"faces": {
				"north": {"uv": [6.25, 0.25, 6.75, 0.75], "texture": "#2"},
				"east": {"uv": [7.25, 0.25, 7.75, 0.75], "texture": "#2"},
				"south": {"uv": [8.25, 0.25, 8.75, 0.75], "texture": "#2"},
				"west": {"uv": [9.25, 0.25, 9.75, 0.75], "texture": "#2"},
				"up": {"uv": [10.25, 0.25, 10.75, 0.75], "rotation": 180, "texture": "#2"},
				"down": {"uv": [11.25, 0.25, 11.75, 0.75], "rotation": 180, "texture": "#2"}
			}
		},
		{
			"from": [2, 8, -1],
			"to": [4, 10, 1],
			"faces": {
				"north": {"uv": [0, 0, 2, 2], "texture": "#0"},
				"east": {"uv": [0, 0, 2, 2], "texture": "#0"},
				"south": {"uv": [0, 0, 2, 2], "texture": "#0"},
				"west": {"uv": [0, 0, 2, 2], "texture": "#0"},
				"up": {"uv": [0, 0, 2, 2], "rotation": 180, "texture": "#0"},
				"down": {"uv": [0, 0, 2, 2], "rotation": 180, "texture": "#0"}
			}
		},
		{
			"from": [5, 0, -4],
			"to": [11, 1, 0],
			"faces": {
				"north": {"uv": [12.25, 0.25, 12.75, 0.75], "texture": "#4"},
				"east": {"uv": [13.25, 0.25, 13.75, 0.75], "texture": "#4"},
				"south": {"uv": [14.25, 0.25, 14.75, 0.75], "texture": "#4"},
				"west": {"uv": [15.25, 0.25, 15.75, 0.75], "texture": "#4"},
				"up": {"uv": [0.25, 1.25, 0.75, 1.75], "texture": "#4"},
				"down": {"uv": [1.25, 1.25, 1.75, 1.75], "texture": "#4"}
			}
		},
		{
			"from": [6, 0, -5],
			"to": [10, 1, -4],
			"faces": {
				"north": {"uv": [6.25, 0.25, 6.75, 0.75], "texture": "#4"},
				"east": {"uv": [7.25, 0.25, 7.75, 0.75], "texture": "#4"},
				"south": {"uv": [8.25, 0.25, 8.75, 0.75], "texture": "#4"},
				"west": {"uv": [9.25, 0.25, 9.75, 0.75], "texture": "#4"},
				"up": {"uv": [10.25, 0.25, 10.75, 0.75], "texture": "#4"},
				"down": {"uv": [11.25, 0.25, 11.75, 0.75], "texture": "#4"}
			}
		},
		{
			"from": [7, 0, -6],
			"to": [9, 1, -5],
			"faces": {
				"north": {"uv": [0.25, 0.25, 0.75, 0.75], "texture": "#4"},
				"east": {"uv": [1.25, 0.25, 1.75, 0.75], "texture": "#4"},
				"south": {"uv": [2.25, 0.25, 2.75, 0.75], "texture": "#4"},
				"west": {"uv": [3.25, 0.25, 3.75, 0.75], "texture": "#4"},
				"up": {"uv": [4.25, 0.25, 4.75, 0.75], "texture": "#4"},
				"down": {"uv": [5.25, 0.25, 5.75, 0.75], "texture": "#4"}
			}
		},
		{
			"from": [5, 4, -4],
			"to": [11, 5, 0],
			"faces": {
				"north": {"uv": [10.25, 2.25, 10.75, 2.75], "texture": "#4"},
				"east": {"uv": [11.25, 2.25, 11.75, 2.75], "texture": "#4"},
				"south": {"uv": [12.25, 2.25, 12.75, 2.75], "texture": "#4"},
				"west": {"uv": [13.25, 2.25, 13.75, 2.75], "texture": "#4"},
				"up": {"uv": [14.25, 2.25, 14.75, 2.75], "texture": "#4"},
				"down": {"uv": [15.25, 2.25, 15.75, 2.75], "texture": "#4"}
			}
		},
		{
			"from": [6, 4, -5],
			"to": [10, 5, -4],
			"faces": {
				"north": {"uv": [4.25, 2.25, 4.75, 2.75], "texture": "#4"},
				"east": {"uv": [5.25, 2.25, 5.75, 2.75], "texture": "#4"},
				"south": {"uv": [6.25, 2.25, 6.75, 2.75], "texture": "#4"},
				"west": {"uv": [7.25, 2.25, 7.75, 2.75], "texture": "#4"},
				"up": {"uv": [8.25, 2.25, 8.75, 2.75], "texture": "#4"},
				"down": {"uv": [9.25, 2.25, 9.75, 2.75], "texture": "#4"}
			}
		},
		{
			"from": [7, 4, -6],
			"to": [9, 5, -5],
			"faces": {
				"north": {"uv": [2.25, 1.25, 2.75, 1.75], "texture": "#4"},
				"east": {"uv": [3.25, 1.25, 3.75, 1.75], "texture": "#4"},
				"south": {"uv": [4.25, 1.25, 4.75, 1.75], "texture": "#4"},
				"west": {"uv": [5.25, 1.25, 5.75, 1.75], "texture": "#4"},
				"up": {"uv": [6.25, 1.25, 6.75, 1.75], "texture": "#4"},
				"down": {"uv": [7.25, 1.25, 7.75, 1.75], "texture": "#4"}
			}
		},
		{
			"from": [7, 5, -5],
			"to": [9, 6, -4],
			"faces": {
				"north": {"uv": [8.25, 1.25, 8.75, 1.75], "texture": "#4"},
				"east": {"uv": [9.25, 1.25, 9.75, 1.75], "texture": "#4"},
				"south": {"uv": [10.25, 1.25, 10.75, 1.75], "texture": "#4"},
				"west": {"uv": [11.25, 1.25, 11.75, 1.75], "texture": "#4"},
				"up": {"uv": [12.25, 1.25, 12.75, 1.75], "texture": "#4"},
				"down": {"uv": [13.25, 1.25, 13.75, 1.75], "texture": "#4"}
			}
		},
		{
			"from": [6, 5, -4],
			"to": [10, 6, 0],
			"faces": {
				"north": {"uv": [14.25, 1.25, 14.75, 1.75], "texture": "#4"},
				"east": {"uv": [15.25, 1.25, 15.75, 1.75], "texture": "#4"},
				"south": {"uv": [0.25, 2.25, 0.75, 2.75], "texture": "#4"},
				"west": {"uv": [1.25, 2.25, 1.75, 2.75], "texture": "#4"},
				"up": {"uv": [2.25, 2.25, 2.75, 2.75], "texture": "#4"},
				"down": {"uv": [3.25, 2.25, 3.75, 2.75], "texture": "#4"}
			}
		},
		{
			"from": [7, 14, 8],
			"to": [8, 17, 9],
			"faces": {
				"north": {"uv": [0, 0, 1, 3], "texture": "#3"},
				"east": {"uv": [0, 0, 1, 3], "texture": "#3"},
				"south": {"uv": [0, 0, 1, 3], "texture": "#3"},
				"west": {"uv": [0, 0, 1, 3], "texture": "#3"},
				"up": {"uv": [0, 0, 1, 1], "texture": "#3"},
				"down": {"uv": [0, 0, 1, 1], "texture": "#3"}
			}
		},
		{
			"from": [9, 16, 8],
			"to": [10, 19, 9],
			"faces": {
				"north": {"uv": [0, 0, 1, 3], "texture": "#3"},
				"east": {"uv": [0, 0, 1, 3], "texture": "#3"},
				"south": {"uv": [0, 0, 1, 3], "texture": "#3"},
				"west": {"uv": [0, 0, 1, 3], "texture": "#3"},
				"up": {"uv": [0, 0, 1, 1], "texture": "#3"},
				"down": {"uv": [0, 0, 1, 1], "texture": "#3"}
			}
		},
		{
			"from": [8, 15, 7],
			"to": [9, 18, 8],
			"faces": {
				"north": {"uv": [0, 0, 1, 3], "texture": "#3"},
				"east": {"uv": [0, 0, 1, 3], "texture": "#3"},
				"south": {"uv": [0, 0, 1, 3], "texture": "#3"},
				"west": {"uv": [0, 0, 1, 3], "texture": "#3"},
				"up": {"uv": [0, 0, 1, 1], "texture": "#3"},
				"down": {"uv": [0, 0, 1, 1], "texture": "#3"}
			}
		},
		{
			"from": [8, 16, 9],
			"to": [9, 19, 10],
			"faces": {
				"north": {"uv": [0, 0, 1, 3], "texture": "#3"},
				"east": {"uv": [0, 0, 1, 3], "texture": "#3"},
				"south": {"uv": [0, 0, 1, 3], "texture": "#3"},
				"west": {"uv": [0, 0, 1, 3], "texture": "#3"},
				"up": {"uv": [0, 0, 1, 1], "texture": "#3"},
				"down": {"uv": [0, 0, 1, 1], "texture": "#3"}
			}
		},
		{
			"from": [8, 16, 8],
			"to": [9, 18, 9],
			"faces": {
				"north": {"uv": [0, 0, 1, 2], "texture": "#3"},
				"east": {"uv": [0, 0, 1, 2], "texture": "#3"},
				"south": {"uv": [0, 0, 1, 2], "texture": "#3"},
				"west": {"uv": [0, 0, 1, 2], "texture": "#3"},
				"up": {"uv": [0, 0, 1, 1], "texture": "#3"},
				"down": {"uv": [0, 0, 1, 1], "texture": "#3"}
			}
		},
		{
			"from": [9, 3, -1],
			"to": [10, 4, 0],
			"faces": {
				"north": {"uv": [0, 0, 1, 1], "texture": "#0"},
				"east": {"uv": [0, 0, 1, 1], "texture": "#0"},
				"south": {"uv": [0, 0, 1, 1], "texture": "#0"},
				"west": {"uv": [0, 0, 1, 1], "texture": "#0"},
				"up": {"uv": [0, 0, 1, 1], "texture": "#0"},
				"down": {"uv": [0, 0, 1, 1], "texture": "#0"}
			}
		},
		{
			"from": [6, 3, -1],
			"to": [7, 4, 0],
			"faces": {
				"north": {"uv": [0, 0, 1, 1], "texture": "#0"},
				"east": {"uv": [0, 0, 1, 1], "texture": "#0"},
				"south": {"uv": [0, 0, 1, 1], "texture": "#0"},
				"west": {"uv": [0, 0, 1, 1], "texture": "#0"},
				"up": {"uv": [0, 0, 1, 1], "texture": "#0"},
				"down": {"uv": [0, 0, 1, 1], "texture": "#0"}
			}
		},
		{
			"from": [9, 3, -3],
			"to": [10, 4, -2],
			"faces": {
				"north": {"uv": [0, 0, 1, 1], "texture": "#0"},
				"east": {"uv": [0, 0, 1, 1], "texture": "#0"},
				"south": {"uv": [0, 0, 1, 1], "texture": "#0"},
				"west": {"uv": [0, 0, 1, 1], "texture": "#0"},
				"up": {"uv": [0, 0, 1, 1], "texture": "#0"},
				"down": {"uv": [0, 0, 1, 1], "texture": "#0"}
			}
		},
		{
			"from": [6, 3, -3],
			"to": [7, 4, -2],
			"faces": {
				"north": {"uv": [0, 0, 1, 1], "texture": "#0"},
				"east": {"uv": [0, 0, 1, 1], "texture": "#0"},
				"south": {"uv": [0, 0, 1, 1], "texture": "#0"},
				"west": {"uv": [0, 0, 1, 1], "texture": "#0"},
				"up": {"uv": [0, 0, 1, 1], "texture": "#0"},
				"down": {"uv": [0, 0, 1, 1], "texture": "#0"}
			}
		},
		{
			"from": [7, 3, -5],
			"to": [9, 4, -4],
			"faces": {
				"north": {"uv": [0, 0, 2, 1], "texture": "#0"},
				"east": {"uv": [0, 0, 1, 1], "texture": "#0"},
				"south": {"uv": [0, 0, 2, 1], "texture": "#0"},
				"west": {"uv": [0, 0, 1, 1], "texture": "#0"},
				"up": {"uv": [0, 0, 2, 1], "texture": "#0"},
				"down": {"uv": [0, 0, 2, 1], "texture": "#0"}
			}
		},
		{
			"from": [7, 1, -5],
			"to": [9, 2, -4],
			"faces": {
				"north": {"uv": [0, 0, 2, 1], "texture": "#0"},
				"east": {"uv": [0, 0, 1, 1], "texture": "#0"},
				"south": {"uv": [0, 0, 2, 1], "texture": "#0"},
				"west": {"uv": [0, 0, 1, 1], "texture": "#0"},
				"up": {"uv": [0, 0, 2, 1], "texture": "#0"},
				"down": {"uv": [0, 0, 2, 1], "texture": "#0"}
			}
		},
		{
			"from": [9, 1, -3],
			"to": [10, 2, -2],
			"faces": {
				"north": {"uv": [0, 0, 1, 1], "texture": "#0"},
				"east": {"uv": [0, 0, 1, 1], "texture": "#0"},
				"south": {"uv": [0, 0, 1, 1], "texture": "#0"},
				"west": {"uv": [0, 0, 1, 1], "texture": "#0"},
				"up": {"uv": [0, 0, 1, 1], "texture": "#0"},
				"down": {"uv": [0, 0, 1, 1], "texture": "#0"}
			}
		},
		{
			"from": [9, 1, -1],
			"to": [10, 2, 0],
			"faces": {
				"north": {"uv": [0, 0, 1, 1], "texture": "#0"},
				"east": {"uv": [0, 0, 1, 1], "texture": "#0"},
				"south": {"uv": [0, 0, 1, 1], "texture": "#0"},
				"west": {"uv": [0, 0, 1, 1], "texture": "#0"},
				"up": {"uv": [0, 0, 1, 1], "texture": "#0"},
				"down": {"uv": [0, 0, 1, 1], "texture": "#0"}
			}
		},
		{
			"from": [6, 1, -3],
			"to": [7, 2, -2],
			"faces": {
				"north": {"uv": [0, 0, 1, 1], "texture": "#0"},
				"east": {"uv": [0, 0, 1, 1], "texture": "#0"},
				"south": {"uv": [0, 0, 1, 1], "texture": "#0"},
				"west": {"uv": [0, 0, 1, 1], "texture": "#0"},
				"up": {"uv": [0, 0, 1, 1], "texture": "#0"},
				"down": {"uv": [0, 0, 1, 1], "texture": "#0"}
			}
		},
		{
			"from": [6, 1, -1],
			"to": [7, 2, 0],
			"faces": {
				"north": {"uv": [0, 0, 1, 1], "texture": "#0"},
				"east": {"uv": [0, 0, 1, 1], "texture": "#0"},
				"south": {"uv": [0, 0, 1, 1], "texture": "#0"},
				"west": {"uv": [0, 0, 1, 1], "texture": "#0"},
				"up": {"uv": [0, 0, 1, 1], "texture": "#0"},
				"down": {"uv": [0, 0, 1, 1], "texture": "#0"}
			}
		},
		{
			"from": [2, 11, -1],
			"to": [6, 12, 0],
			"faces": {
				"north": {"uv": [0, 0, 4, 1], "texture": "#1"},
				"east": {"uv": [0, 0, 1, 1], "texture": "#1"},
				"south": {"uv": [0, 0, 4, 1], "texture": "#1"},
				"west": {"uv": [0, 0, 1, 1], "texture": "#1"},
				"up": {"uv": [0, 0, 4, 1], "texture": "#1"},
				"down": {"uv": [0, 0, 4, 1], "texture": "#1"}
			}
		},
		{
			"from": [10, 11, -1],
			"to": [14, 12, 0],
			"faces": {
				"north": {"uv": [0, 0, 4, 1], "texture": "#1"},
				"east": {"uv": [0, 0, 1, 1], "texture": "#1"},
				"south": {"uv": [0, 0, 4, 1], "texture": "#1"},
				"west": {"uv": [0, 0, 1, 1], "texture": "#1"},
				"up": {"uv": [0, 0, 4, 1], "texture": "#1"},
				"down": {"uv": [0, 0, 4, 1], "texture": "#1"}
			}
		}
	]
}