{
	"credit": "Made with Blockbench",
	"textures": {
		"0": "block/black",
		"1": "block/foxyskin1",
		"2": "block/chica",
		"3": "block/white",
		"4": "block/foxyskin2",
		"5": "block/foxyskin3",
		"6": "block/gray",
		"particle": "block/black"
	},
	"elements": [
		{
			"from": [0, 0, 0],
			"to": [16, 16, 16],
			"faces": {
				"north": {"uv": [0.25, 0.25, 0.75, 0.75], "texture": "#4"},
				"east": {"uv": [1.25, 0.25, 1.75, 0.75], "texture": "#4"},
				"south": {"uv": [2.25, 0.25, 2.75, 0.75], "texture": "#4"},
				"west": {"uv": [3.25, 0.25, 3.75, 0.75], "texture": "#4"},
				"up": {"uv": [4.25, 0.25, 4.75, 0.75], "texture": "#4"},
				"down": {"uv": [5.25, 0.25, 5.75, 0.75], "texture": "#4"}
			}
		},
		{
			"from": [12, 7, -1],
			"to": [14, 10, 1],
			"faces": {
				"north": {"uv": [0, 0, 2, 2], "texture": "#0"},
				"east": {"uv": [0, 0, 2, 2], "texture": "#0"},
				"south": {"uv": [0, 0, 2, 2], "texture": "#0"},
				"west": {"uv": [0, 0, 2, 2], "texture": "#0"},
				"up": {"uv": [0, 0, 2, 2], "texture": "#0"},
				"down": {"uv": [0, 0, 2, 2], "texture": "#0"}
			}
		},
		{
			"from": [10, 7, -1],
			"to": [12, 10, 1],
			"faces": {
				"north": {"uv": [0.25, 0.25, 0.75, 0.75], "texture": "#0"},
				"east": {"uv": [1.25, 0.25, 1.75, 0.75], "texture": "#0"},
				"south": {"uv": [2.25, 0.25, 2.75, 0.75], "texture": "#0"},
				"west": {"uv": [3.25, 0.25, 3.75, 0.75], "texture": "#0"},
				"up": {"uv": [4.25, 0.25, 4.75, 0.75], "texture": "#0"},
				"down": {"uv": [5.25, 0.25, 5.75, 0.75], "texture": "#0"}
			}
		},
		{
			"from": [4, 8, -1],
			"to": [6, 10, 1],
			"faces": {
				"north": {"uv": [2.25, 0.25, 2.75, 0.75], "texture": "#2"},
				"east": {"uv": [3.25, 0.25, 3.75, 0.75], "texture": "#2"},
				"south": {"uv": [0.25, 0.25, 0.75, 0.75], "texture": "#2"},
				"west": {"uv": [1.25, 0.25, 1.75, 0.75], "texture": "#2"},
				"up": {"uv": [4.25, 0.25, 4.75, 0.75], "rotation": 180, "texture": "#2"},
				"down": {"uv": [5.25, 0.25, 5.75, 0.75], "rotation": 180, "texture": "#2"}
			}
		},
		{
			"from": [2, 8, -1],
			"to": [4, 10, 1],
			"faces": {
				"north": {"uv": [0, 0, 2, 2], "texture": "#3"},
				"east": {"uv": [0, 0, 2, 2], "texture": "#3"},
				"south": {"uv": [0, 0, 2, 2], "texture": "#3"},
				"west": {"uv": [0, 0, 2, 2], "texture": "#3"},
				"up": {"uv": [0, 0, 2, 2], "rotation": 180, "texture": "#3"},
				"down": {"uv": [0, 0, 2, 2], "rotation": 180, "texture": "#3"}
			}
		},
		{
			"from": [5, 0, -8],
			"to": [11, 1, 0],
			"faces": {
				"north": {"uv": [0, 0, 6, 1], "texture": "#4"},
				"east": {"uv": [0, 0, 8, 1], "texture": "#4"},
				"south": {"uv": [0, 0, 6, 1], "texture": "#4"},
				"west": {"uv": [0, 0, 8, 1], "texture": "#4"},
				"up": {"uv": [0, 0, 6, 8], "texture": "#4"},
				"down": {"uv": [0, 0, 6, 8], "texture": "#4"}
			}
		},
		{
			"from": [5, 4, -8],
			"to": [11, 5, 0],
			"faces": {
				"north": {"uv": [0, 0, 6, 1], "texture": "#5"},
				"east": {"uv": [0, 0, 8, 1], "texture": "#5"},
				"south": {"uv": [0, 0, 6, 1], "texture": "#5"},
				"west": {"uv": [0, 0, 8, 1], "texture": "#5"},
				"up": {"uv": [0, 0, 6, 8], "texture": "#5"},
				"down": {"uv": [0, 0, 6, 8], "texture": "#5"}
			}
		},
		{
			"from": [6, 5, -7],
			"to": [10, 6, 0],
			"faces": {
				"north": {"uv": [0, 0, 4, 1], "texture": "#5"},
				"east": {"uv": [0, 0, 7, 1], "texture": "#5"},
				"south": {"uv": [0, 0, 4, 1], "texture": "#5"},
				"west": {"uv": [0, 0, 7, 1], "texture": "#5"},
				"up": {"uv": [0, 0, 4, 7], "texture": "#5"},
				"down": {"uv": [0, 0, 4, 7], "texture": "#5"}
			}
		},
		{
			"from": [7, 6, -7],
			"to": [9, 7, 0],
			"faces": {
				"north": {"uv": [0, 0, 2, 1], "texture": "#5"},
				"east": {"uv": [0, 0, 7, 1], "texture": "#5"},
				"south": {"uv": [0, 0, 2, 1], "texture": "#5"},
				"west": {"uv": [0, 0, 7, 1], "texture": "#5"},
				"up": {"uv": [0, 0, 2, 7], "texture": "#5"},
				"down": {"uv": [0, 0, 2, 7], "texture": "#5"}
			}
		},
		{
			"from": [6, 0, -9],
			"to": [10, 1, -8],
			"faces": {
				"north": {"uv": [0, 0, 4, 1], "texture": "#4"},
				"east": {"uv": [0, 0, 1, 1], "texture": "#4"},
				"south": {"uv": [0, 0, 4, 1], "texture": "#4"},
				"west": {"uv": [0, 0, 1, 1], "texture": "#4"},
				"up": {"uv": [0, 0, 4, 1], "texture": "#4"},
				"down": {"uv": [0, 0, 4, 1], "texture": "#4"}
			}
		},
		{
			"from": [7, 4, -10],
			"to": [9, 5, -9],
			"faces": {
				"north": {"uv": [0, 0, 2, 1], "texture": "#5"},
				"east": {"uv": [0, 0, 1, 1], "texture": "#5"},
				"south": {"uv": [0, 0, 2, 1], "texture": "#5"},
				"west": {"uv": [0, 0, 1, 1], "texture": "#5"},
				"up": {"uv": [0, 0, 2, 1], "texture": "#5"},
				"down": {"uv": [0, 0, 2, 1], "texture": "#5"}
			}
		},
		{
			"from": [6, 4, -9],
			"to": [10, 5, -8],
			"faces": {
				"north": {"uv": [0, 0, 4, 1], "texture": "#5"},
				"east": {"uv": [0, 0, 1, 1], "texture": "#5"},
				"south": {"uv": [0, 0, 4, 1], "texture": "#5"},
				"west": {"uv": [0, 0, 1, 1], "texture": "#5"},
				"up": {"uv": [0, 0, 4, 1], "texture": "#5"},
				"down": {"uv": [0, 0, 4, 1], "texture": "#5"}
			}
		},
		{
			"from": [6, 5, -8],
			"to": [10, 6, -7],
			"faces": {
				"north": {"uv": [0, 0, 4, 1], "texture": "#5"},
				"east": {"uv": [0, 0, 1, 1], "texture": "#5"},
				"south": {"uv": [0, 0, 4, 1], "texture": "#5"},
				"west": {"uv": [0, 0, 1, 1], "texture": "#5"},
				"up": {"uv": [0, 0, 4, 1], "texture": "#5"},
				"down": {"uv": [0, 0, 4, 1], "texture": "#5"}
			}
		},
		{
			"from": [7, 6, -8],
			"to": [9, 7, -7],
			"faces": {
				"north": {"uv": [0, 0, 2, 1], "texture": "#5"},
				"east": {"uv": [0, 0, 1, 1], "texture": "#5"},
				"south": {"uv": [0, 0, 2, 1], "texture": "#5"},
				"west": {"uv": [0, 0, 1, 1], "texture": "#5"},
				"up": {"uv": [0, 0, 2, 1], "texture": "#5"},
				"down": {"uv": [0, 0, 2, 1], "texture": "#5"}
			}
		},
		{
			"from": [7, 5, -9],
			"to": [9, 6, -8],
			"faces": {
				"north": {"uv": [0, 0, 2, 1], "texture": "#5"},
				"east": {"uv": [0, 0, 1, 1], "texture": "#5"},
				"south": {"uv": [0, 0, 2, 1], "texture": "#5"},
				"west": {"uv": [0, 0, 1, 1], "texture": "#5"},
				"up": {"uv": [0, 0, 2, 1], "texture": "#5"},
				"down": {"uv": [0, 0, 2, 1], "texture": "#5"}
			}
		},
		{
			"from": [7, 5, -10],
			"to": [9, 6, -9],
			"faces": {
				"north": {"uv": [0, 0, 2, 1], "texture": "#0"},
				"east": {"uv": [0, 0, 1, 1], "texture": "#0"},
				"south": {"uv": [0, 0, 2, 1], "texture": "#0"},
				"west": {"uv": [0, 0, 1, 1], "texture": "#0"},
				"up": {"uv": [0, 0, 2, 1], "texture": "#0"},
				"down": {"uv": [0, 0, 2, 1], "texture": "#0"}
			}
		},
		{
			"from": [7, 6, -9],
			"to": [9, 7, -8],
			"faces": {
				"north": {"uv": [0, 0, 2, 1], "texture": "#0"},
				"east": {"uv": [0, 0, 1, 1], "texture": "#0"},
				"south": {"uv": [0, 0, 2, 1], "texture": "#0"},
				"west": {"uv": [0, 0, 1, 1], "texture": "#0"},
				"up": {"uv": [0, 0, 2, 1], "texture": "#0"},
				"down": {"uv": [0, 0, 2, 1], "texture": "#0"}
			}
		},
		{
			"from": [10, 11, -1],
			"to": [14, 12, 1],
			"faces": {
				"north": {"uv": [0, 0, 4, 1], "texture": "#1"},
				"east": {"uv": [0, 0, 2, 1], "texture": "#1"},
				"south": {"uv": [0, 0, 4, 1], "texture": "#1"},
				"west": {"uv": [0, 0, 2, 1], "texture": "#1"},
				"up": {"uv": [0, 0, 4, 2], "texture": "#1"},
				"down": {"uv": [0, 0, 4, 2], "texture": "#1"}
			}
		},
		{
			"from": [2, 11, -1],
			"to": [6, 12, 1],
			"faces": {
				"north": {"uv": [0.25, 0.25, 0.75, 0.75], "texture": "#1"},
				"east": {"uv": [1.25, 0.25, 1.75, 0.75], "texture": "#1"},
				"south": {"uv": [2.25, 0.25, 2.75, 0.75], "texture": "#1"},
				"west": {"uv": [3.25, 0.25, 3.75, 0.75], "texture": "#1"},
				"up": {"uv": [4.25, 0.25, 4.75, 0.75], "texture": "#1"},
				"down": {"uv": [5.25, 0.25, 5.75, 0.75], "texture": "#1"}
			}
		},
		{
			"from": [7, 8, -1],
			"to": [17, 10, 11],
			"faces": {
				"north": {"uv": [0, 0, 10, 2], "texture": "#0"},
				"east": {"uv": [0, 0, 12, 2], "texture": "#0"},
				"south": {"uv": [0, 0, 10, 2], "texture": "#0"},
				"west": {"uv": [0, 0, 12, 2], "texture": "#0"},
				"up": {"uv": [0, 0, 10, 12], "texture": "#0"},
				"down": {"uv": [0, 0, 10, 12], "texture": "#0"}
			}
		},
		{
			"from": [6, 3, -2],
			"to": [7, 4, -1],
			"faces": {
				"north": {"uv": [0, 0, 1, 1], "texture": "#3"},
				"east": {"uv": [0, 0, 1, 1], "texture": "#3"},
				"south": {"uv": [0, 0, 1, 1], "texture": "#3"},
				"west": {"uv": [0, 0, 1, 1], "texture": "#3"},
				"up": {"uv": [0, 0, 1, 1], "texture": "#3"},
				"down": {"uv": [0, 0, 1, 1], "texture": "#3"}
			}
		},
		{
			"from": [9, 3, -2],
			"to": [10, 4, -1],
			"faces": {
				"north": {"uv": [0, 0, 1, 1], "texture": "#3"},
				"east": {"uv": [0, 0, 1, 1], "texture": "#3"},
				"south": {"uv": [0, 0, 1, 1], "texture": "#3"},
				"west": {"uv": [0, 0, 1, 1], "texture": "#3"},
				"up": {"uv": [0, 0, 1, 1], "texture": "#3"},
				"down": {"uv": [0, 0, 1, 1], "texture": "#3"}
			}
		},
		{
			"from": [9, 3, -4],
			"to": [10, 4, -3],
			"faces": {
				"north": {"uv": [0, 0, 1, 1], "texture": "#3"},
				"east": {"uv": [0, 0, 1, 1], "texture": "#3"},
				"south": {"uv": [0, 0, 1, 1], "texture": "#3"},
				"west": {"uv": [0, 0, 1, 1], "texture": "#3"},
				"up": {"uv": [0, 0, 1, 1], "texture": "#3"},
				"down": {"uv": [0, 0, 1, 1], "texture": "#3"}
			}
		},
		{
			"from": [6, 3, -4],
			"to": [7, 4, -3],
			"faces": {
				"north": {"uv": [0, 0, 1, 1], "texture": "#3"},
				"east": {"uv": [0, 0, 1, 1], "texture": "#3"},
				"south": {"uv": [0, 0, 1, 1], "texture": "#3"},
				"west": {"uv": [0, 0, 1, 1], "texture": "#3"},
				"up": {"uv": [0, 0, 1, 1], "texture": "#3"},
				"down": {"uv": [0, 0, 1, 1], "texture": "#3"}
			}
		},
		{
			"from": [6, 3, -6],
			"to": [7, 4, -5],
			"faces": {
				"north": {"uv": [0, 0, 1, 1], "texture": "#3"},
				"east": {"uv": [0, 0, 1, 1], "texture": "#3"},
				"south": {"uv": [0, 0, 1, 1], "texture": "#3"},
				"west": {"uv": [0, 0, 1, 1], "texture": "#3"},
				"up": {"uv": [0, 0, 1, 1], "texture": "#3"},
				"down": {"uv": [0, 0, 1, 1], "texture": "#3"}
			}
		},
		{
			"from": [6, 1, -6],
			"to": [7, 2, -5],
			"faces": {
				"north": {"uv": [0, 0, 1, 1], "texture": "#3"},
				"east": {"uv": [0, 0, 1, 1], "texture": "#3"},
				"south": {"uv": [0, 0, 1, 1], "texture": "#3"},
				"west": {"uv": [0, 0, 1, 1], "texture": "#3"},
				"up": {"uv": [0, 0, 1, 1], "texture": "#3"},
				"down": {"uv": [0, 0, 1, 1], "texture": "#3"}
			}
		},
		{
			"from": [9, 1, -6],
			"to": [10, 2, -5],
			"faces": {
				"north": {"uv": [0, 0, 1, 1], "texture": "#3"},
				"east": {"uv": [0, 0, 1, 1], "texture": "#3"},
				"south": {"uv": [0, 0, 1, 1], "texture": "#3"},
				"west": {"uv": [0, 0, 1, 1], "texture": "#3"},
				"up": {"uv": [0, 0, 1, 1], "texture": "#3"},
				"down": {"uv": [0, 0, 1, 1], "texture": "#3"}
			}
		},
		{
			"from": [9, 1, -4],
			"to": [10, 2, -3],
			"faces": {
				"north": {"uv": [0, 0, 1, 1], "texture": "#3"},
				"east": {"uv": [0, 0, 1, 1], "texture": "#3"},
				"south": {"uv": [0, 0, 1, 1], "texture": "#3"},
				"west": {"uv": [0, 0, 1, 1], "texture": "#3"},
				"up": {"uv": [0, 0, 1, 1], "texture": "#3"},
				"down": {"uv": [0, 0, 1, 1], "texture": "#3"}
			}
		},
		{
			"from": [9, 1, -2],
			"to": [10, 2, -1],
			"faces": {
				"north": {"uv": [0, 0, 1, 1], "texture": "#3"},
				"east": {"uv": [0, 0, 1, 1], "texture": "#3"},
				"south": {"uv": [0, 0, 1, 1], "texture": "#3"},
				"west": {"uv": [0, 0, 1, 1], "texture": "#3"},
				"up": {"uv": [0, 0, 1, 1], "texture": "#3"},
				"down": {"uv": [0, 0, 1, 1], "texture": "#3"}
			}
		},
		{
			"from": [6, 1, -2],
			"to": [7, 2, -1],
			"faces": {
				"north": {"uv": [0, 0, 1, 1], "texture": "#3"},
				"east": {"uv": [0, 0, 1, 1], "texture": "#3"},
				"south": {"uv": [0, 0, 1, 1], "texture": "#3"},
				"west": {"uv": [0, 0, 1, 1], "texture": "#3"},
				"up": {"uv": [0, 0, 1, 1], "texture": "#3"},
				"down": {"uv": [0, 0, 1, 1], "texture": "#3"}
			}
		},
		{
			"from": [6, 1, -4],
			"to": [7, 2, -3],
			"faces": {
				"north": {"uv": [0, 0, 1, 1], "texture": "#2"},
				"east": {"uv": [0, 0, 1, 1], "texture": "#2"},
				"south": {"uv": [0, 0, 1, 1], "texture": "#2"},
				"west": {"uv": [0, 0, 1, 1], "texture": "#2"},
				"up": {"uv": [0, 0, 1, 1], "texture": "#2"},
				"down": {"uv": [0, 0, 1, 1], "texture": "#2"}
			}
		},
		{
			"from": [6, 3, -8],
			"to": [7, 4, -7],
			"faces": {
				"north": {"uv": [0, 0, 1, 1], "texture": "#3"},
				"east": {"uv": [0, 0, 1, 1], "texture": "#3"},
				"south": {"uv": [0, 0, 1, 1], "texture": "#3"},
				"west": {"uv": [0, 0, 1, 1], "texture": "#3"},
				"up": {"uv": [0, 0, 1, 1], "texture": "#3"},
				"down": {"uv": [0, 0, 1, 1], "texture": "#3"}
			}
		},
		{
			"from": [6, 1, -8],
			"to": [7, 2, -7],
			"faces": {
				"north": {"uv": [0, 0, 1, 1], "texture": "#2"},
				"east": {"uv": [0, 0, 1, 1], "texture": "#2"},
				"south": {"uv": [0, 0, 1, 1], "texture": "#2"},
				"west": {"uv": [0, 0, 1, 1], "texture": "#2"},
				"up": {"uv": [0, 0, 1, 1], "texture": "#2"},
				"down": {"uv": [0, 0, 1, 1], "texture": "#2"}
			}
		},
		{
			"from": [9, 1, -8],
			"to": [10, 2, -7],
			"faces": {
				"north": {"uv": [0, 0, 1, 1], "texture": "#2"},
				"east": {"uv": [0, 0, 1, 1], "texture": "#2"},
				"south": {"uv": [0, 0, 1, 1], "texture": "#2"},
				"west": {"uv": [0, 0, 1, 1], "texture": "#2"},
				"up": {"uv": [0, 0, 1, 1], "texture": "#2"},
				"down": {"uv": [0, 0, 1, 1], "texture": "#2"}
			}
		},
		{
			"from": [9, 3, -8],
			"to": [10, 4, -7],
			"faces": {
				"north": {"uv": [0, 0, 1, 1], "texture": "#2"},
				"east": {"uv": [0, 0, 1, 1], "texture": "#2"},
				"south": {"uv": [0, 0, 1, 1], "texture": "#2"},
				"west": {"uv": [0, 0, 1, 1], "texture": "#2"},
				"up": {"uv": [0, 0, 1, 1], "texture": "#2"},
				"down": {"uv": [0, 0, 1, 1], "texture": "#2"}
			}
		},
		{
			"from": [9, 3, -6],
			"to": [10, 4, -5],
			"faces": {
				"north": {"uv": [0, 0, 1, 1], "texture": "#2"},
				"east": {"uv": [0, 0, 1, 1], "texture": "#2"},
				"south": {"uv": [0, 0, 1, 1], "texture": "#2"},
				"west": {"uv": [0, 0, 1, 1], "texture": "#2"},
				"up": {"uv": [0, 0, 1, 1], "texture": "#2"},
				"down": {"uv": [0, 0, 1, 1], "texture": "#2"}
			}
		},
		{
			"from": [13, 15, 8],
			"to": [15, 17, 9],
			"faces": {
				"north": {"uv": [0, 0, 2, 2], "texture": "#6"},
				"east": {"uv": [0, 0, 1, 2], "texture": "#6"},
				"south": {"uv": [0, 0, 2, 2], "texture": "#6"},
				"west": {"uv": [0, 0, 1, 2], "texture": "#6"},
				"up": {"uv": [0, 0, 2, 1], "texture": "#6"},
				"down": {"uv": [0, 0, 2, 1], "texture": "#6"}
			}
		},
		{
			"from": [14, 16, 8],
			"to": [16, 18, 9],
			"faces": {
				"north": {"uv": [0, 0, 2, 2], "texture": "#6"},
				"east": {"uv": [0, 0, 1, 2], "texture": "#6"},
				"south": {"uv": [0, 0, 2, 2], "texture": "#6"},
				"west": {"uv": [0, 0, 1, 2], "texture": "#6"},
				"up": {"uv": [0, 0, 2, 1], "texture": "#6"},
				"down": {"uv": [0, 0, 2, 1], "texture": "#6"}
			}
		},
		{
			"from": [15, 17, 8],
			"to": [17, 19, 9],
			"faces": {
				"north": {"uv": [0, 0, 2, 2], "texture": "#6"},
				"east": {"uv": [0, 0, 1, 2], "texture": "#6"},
				"south": {"uv": [0, 0, 2, 2], "texture": "#6"},
				"west": {"uv": [0, 0, 1, 2], "texture": "#6"},
				"up": {"uv": [0, 0, 2, 1], "texture": "#6"},
				"down": {"uv": [0, 0, 2, 1], "texture": "#6"}
			}
		},
		{
			"from": [16, 18, 8],
			"to": [18, 20, 9],
			"faces": {
				"north": {"uv": [0, 0, 2, 2], "texture": "#6"},
				"east": {"uv": [0, 0, 1, 2], "texture": "#6"},
				"south": {"uv": [0, 0, 2, 2], "texture": "#6"},
				"west": {"uv": [0, 0, 1, 2], "texture": "#6"},
				"up": {"uv": [0, 0, 2, 1], "texture": "#6"},
				"down": {"uv": [0, 0, 2, 1], "texture": "#6"}
			}
		},
		{
			"from": [17, 19, 7],
			"to": [22, 21, 10],
			"faces": {
				"north": {"uv": [0, 0, 5, 2], "texture": "#4"},
				"east": {"uv": [0, 0, 3, 2], "texture": "#4"},
				"south": {"uv": [0, 0, 5, 2], "texture": "#4"},
				"west": {"uv": [0, 0, 3, 2], "texture": "#4"},
				"up": {"uv": [0, 0, 5, 3], "texture": "#4"},
				"down": {"uv": [0, 0, 5, 3], "texture": "#4"}
			}
		},
		{
			"from": [18, 21, 7],
			"to": [24, 23, 10],
			"faces": {
				"north": {"uv": [0, 0, 6, 2], "texture": "#4"},
				"east": {"uv": [0, 0, 3, 2], "texture": "#4"},
				"south": {"uv": [0, 0, 6, 2], "texture": "#4"},
				"west": {"uv": [0, 0, 3, 2], "texture": "#4"},
				"up": {"uv": [0, 0, 6, 3], "texture": "#4"},
				"down": {"uv": [0, 0, 6, 3], "texture": "#4"}
			}
		},
		{
			"from": [19, 23, 7],
			"to": [25, 25, 10],
			"faces": {
				"north": {"uv": [0, 0, 6, 2], "texture": "#4"},
				"east": {"uv": [0, 0, 3, 2], "texture": "#4"},
				"south": {"uv": [0, 0, 6, 2], "texture": "#4"},
				"west": {"uv": [0, 0, 3, 2], "texture": "#4"},
				"up": {"uv": [0, 0, 6, 3], "texture": "#4"},
				"down": {"uv": [0, 0, 6, 3], "texture": "#4"}
			}
		},
		{
			"from": [1, 15, 8],
			"to": [3, 17, 9],
			"faces": {
				"north": {"uv": [0, 0, 2, 2], "texture": "#6"},
				"east": {"uv": [0, 0, 1, 2], "texture": "#6"},
				"south": {"uv": [0, 0, 2, 2], "texture": "#6"},
				"west": {"uv": [0, 0, 1, 2], "texture": "#6"},
				"up": {"uv": [0, 0, 2, 1], "rotation": 180, "texture": "#6"},
				"down": {"uv": [0, 0, 2, 1], "rotation": 180, "texture": "#6"}
			}
		},
		{
			"from": [0, 16, 8],
			"to": [2, 18, 9],
			"faces": {
				"north": {"uv": [0, 0, 2, 2], "texture": "#6"},
				"east": {"uv": [0, 0, 1, 2], "texture": "#6"},
				"south": {"uv": [0, 0, 2, 2], "texture": "#6"},
				"west": {"uv": [0, 0, 1, 2], "texture": "#6"},
				"up": {"uv": [0, 0, 2, 1], "rotation": 180, "texture": "#6"},
				"down": {"uv": [0, 0, 2, 1], "rotation": 180, "texture": "#6"}
			}
		},
		{
			"from": [-1, 17, 8],
			"to": [1, 19, 9],
			"faces": {
				"north": {"uv": [0, 0, 2, 2], "texture": "#6"},
				"east": {"uv": [0, 0, 1, 2], "texture": "#6"},
				"south": {"uv": [0, 0, 2, 2], "texture": "#6"},
				"west": {"uv": [0, 0, 1, 2], "texture": "#6"},
				"up": {"uv": [0, 0, 2, 1], "rotation": 180, "texture": "#6"},
				"down": {"uv": [0, 0, 2, 1], "rotation": 180, "texture": "#6"}
			}
		},
		{
			"from": [-2, 18, 8],
			"to": [0, 20, 9],
			"faces": {
				"north": {"uv": [0, 0, 2, 2], "texture": "#6"},
				"east": {"uv": [0, 0, 1, 2], "texture": "#6"},
				"south": {"uv": [0, 0, 2, 2], "texture": "#6"},
				"west": {"uv": [0, 0, 1, 2], "texture": "#6"},
				"up": {"uv": [0, 0, 2, 1], "rotation": 180, "texture": "#6"},
				"down": {"uv": [0, 0, 2, 1], "rotation": 180, "texture": "#6"}
			}
		},
		{
			"from": [-6, 19, 7],
			"to": [-1, 21, 10],
			"faces": {
				"north": {"uv": [0, 0, 5, 2], "texture": "#4"},
				"east": {"uv": [0, 0, 3, 2], "texture": "#4"},
				"south": {"uv": [0, 0, 5, 2], "texture": "#4"},
				"west": {"uv": [0, 0, 3, 2], "texture": "#4"},
				"up": {"uv": [0, 0, 5, 3], "rotation": 180, "texture": "#4"},
				"down": {"uv": [0, 0, 5, 3], "rotation": 180, "texture": "#4"}
			}
		},
		{
			"from": [-8, 21, 7],
			"to": [-2, 23, 10],
			"faces": {
				"north": {"uv": [0, 0, 6, 2], "texture": "#4"},
				"east": {"uv": [0, 0, 3, 2], "texture": "#4"},
				"south": {"uv": [0, 0, 6, 2], "texture": "#4"},
				"west": {"uv": [0, 0, 3, 2], "texture": "#4"},
				"up": {"uv": [0, 0, 6, 3], "rotation": 180, "texture": "#4"},
				"down": {"uv": [0, 0, 6, 3], "rotation": 180, "texture": "#4"}
			}
		},
		{
			"from": [-9, 23, 7],
			"to": [-3, 25, 10],
			"faces": {
				"north": {"uv": [0, 0, 6, 2], "texture": "#4"},
				"east": {"uv": [0, 0, 3, 2], "texture": "#4"},
				"south": {"uv": [0, 0, 6, 2], "texture": "#4"},
				"west": {"uv": [0, 0, 3, 2], "texture": "#4"},
				"up": {"uv": [0, 0, 6, 3], "rotation": 180, "texture": "#4"},
				"down": {"uv": [0, 0, 6, 3], "rotation": 180, "texture": "#4"}
			}
		},
		{
			"from": [8, 16, 8],
			"to": [9, 21, 9],
			"faces": {
				"north": {"uv": [0, 0, 1, 5], "texture": "#4"},
				"east": {"uv": [0, 0, 1, 5], "texture": "#4"},
				"south": {"uv": [0, 0, 1, 5], "texture": "#4"},
				"west": {"uv": [0, 0, 1, 5], "texture": "#4"},
				"up": {"uv": [0, 0, 1, 1], "texture": "#4"},
				"down": {"uv": [0, 0, 1, 1], "texture": "#4"}
			}
		},
		{
			"from": [10, 16, 8],
			"to": [11, 19, 9],
			"faces": {
				"north": {"uv": [0, 0, 1, 3], "texture": "#4"},
				"east": {"uv": [0, 0, 1, 3], "texture": "#4"},
				"south": {"uv": [0, 0, 1, 3], "texture": "#4"},
				"west": {"uv": [0, 0, 1, 3], "texture": "#4"},
				"up": {"uv": [0, 0, 1, 1], "texture": "#4"},
				"down": {"uv": [0, 0, 1, 1], "texture": "#4"}
			}
		},
		{
			"from": [11, 19, 8],
			"to": [12, 20, 9],
			"faces": {
				"north": {"uv": [0, 0, 1, 1], "texture": "#4"},
				"east": {"uv": [0, 0, 1, 1], "texture": "#4"},
				"south": {"uv": [0, 0, 1, 1], "texture": "#4"},
				"west": {"uv": [0, 0, 1, 1], "texture": "#4"},
				"up": {"uv": [0, 0, 1, 1], "texture": "#4"},
				"down": {"uv": [0, 0, 1, 1], "texture": "#4"}
			}
		},
		{
			"from": [5, 19, 8],
			"to": [6, 20, 9],
			"faces": {
				"north": {"uv": [0, 0, 1, 1], "texture": "#4"},
				"east": {"uv": [0, 0, 1, 1], "texture": "#4"},
				"south": {"uv": [0, 0, 1, 1], "texture": "#4"},
				"west": {"uv": [0, 0, 1, 1], "texture": "#4"},
				"up": {"uv": [0, 0, 1, 1], "texture": "#4"},
				"down": {"uv": [0, 0, 1, 1], "texture": "#4"}
			}
		},
		{
			"from": [4, 20, 8],
			"to": [5, 21, 9],
			"faces": {
				"north": {"uv": [0, 0, 1, 1], "texture": "#4"},
				"east": {"uv": [0, 0, 1, 1], "texture": "#4"},
				"south": {"uv": [0, 0, 1, 1], "texture": "#4"},
				"west": {"uv": [0, 0, 1, 1], "texture": "#4"},
				"up": {"uv": [0, 0, 1, 1], "texture": "#4"},
				"down": {"uv": [0, 0, 1, 1], "texture": "#4"}
			}
		},
		{
			"from": [12, 20, 8],
			"to": [13, 21, 9],
			"faces": {
				"north": {"uv": [0, 0, 1, 1], "texture": "#4"},
				"east": {"uv": [0, 0, 1, 1], "texture": "#4"},
				"south": {"uv": [0, 0, 1, 1], "texture": "#4"},
				"west": {"uv": [0, 0, 1, 1], "texture": "#4"},
				"up": {"uv": [0, 0, 1, 1], "texture": "#4"},
				"down": {"uv": [0, 0, 1, 1], "texture": "#4"}
			}
		},
		{
			"from": [6, 16, 8],
			"to": [7, 19, 9],
			"faces": {
				"north": {"uv": [0, 0, 1, 3], "texture": "#4"},
				"east": {"uv": [0, 0, 1, 3], "texture": "#4"},
				"south": {"uv": [0, 0, 1, 3], "texture": "#4"},
				"west": {"uv": [0, 0, 1, 3], "texture": "#4"},
				"up": {"uv": [0, 0, 1, 1], "texture": "#4"},
				"down": {"uv": [0, 0, 1, 1], "texture": "#4"}
			}
		}
	]
}